Uniprot ID,Taxon,IDP Type,Label
A0A024RB53,Animals(M),IDP,Positive
A0A060LD43,Viruses,IDP,Positive
A0A072VLI9,Plants,IDP,Positive
A0A085R2T8,Prokaryotes,IDP,Positive
A0A088MEP7,Animals(NM),non-IDP,Positive
A0A088ML56,Animals(NM),IDP,Positive
A0A0B4K630,Animals(NM),IDP,Positive
A0A0B4K7A6,Animals(NM),IDP,Positive
A0A0B4LEZ3,Animals(NM),IDP,Positive
A0A0B4LH59,Animals(NM),IDP,Positive
A0A0B4Q642,Viruses,non-IDP,Positive
A0A0D9R6K4,Animals(M),IDP,Positive
A0A0D9RS87,Animals(M),IDP,Positive
A0A0D9S7U2,Animals(M),IDP,Positive
A0A0G2UHG9,Animals(NM),IDP,Positive
A0A0G2UMW8,Animals(NM),non-IDP,Positive
A0A0H3C5U2,Prokaryotes,IDP,Positive
A0A0R4IJ04,Animals(NM),IDP,Positive
A0A0U1RRE5,Animals(M),IDP,Positive
A0A0X9SCL6,Plants,non-IDP,Positive
A0A142DXV5,Viruses,IDP,Positive
A0A151NUX6,Animals(NM),IDP,Positive
A0A178VP50,Plants,IDP,Positive
A0A193AUW9,Viruses,IDP,Positive
A0A1A7ZGA7,Animals(NM),IDP,Positive
A0A1D1UQN2,Animals(NM),IDP,Positive
A0A1D1VNN8,Animals(NM),IDP,Positive
A0A1D8PRZ8,Fungi,IDP,Positive
A0A1L8HLZ2,Animals(NM),IDP,Positive
A0A1W5T566,Prokaryotes,non-IDP,Positive
A0A286NGJ8,Animals(M),IDP,Positive
A0A290MSE1,Prokaryotes,IDP,Positive
A0A290MWV4,Prokaryotes,non-IDP,Positive
A0A290MZ23,Prokaryotes,IDP,Positive
A0A2H4FYY8,Animals(M),IDP,Positive
A0A2H4H6B8,Viruses,non-IDP,Positive
A0A2K3DA85,Plants,IDP,Positive
A0A2K3E7A5,Plants,IDP,Positive
A0A2R8Q4R6,Animals(NM),IDP,Positive
A0A2R9YJN8,Animals(NM),IDP,Positive
A0A2U8QNT7,Animals(NM),IDP,Positive
A0A2Z5T4U1,Viruses,IDP,Positive
A0A3G1DN32,Viruses,non-IDP,Positive
A0A3Q7HSV3,Plants,IDP,Positive
A0A3Q9VF17,Plants,IDP,Positive
A0A4P9CZP9,Plants,IDP,Positive
A0A6H0ME53,Viruses,non-IDP,Positive
A0A6I8SCP2,Animals(NM),IDP,Positive
A0A7M4CIF6,Animals(NM),IDP,Positive
A0A7Y4IHA3,Prokaryotes,non-IDP,Positive
A0A854QGF5,Fungi,IDP,Positive
A0A8C0MIV5,Animals(M),IDP,Positive
A0A8I5ZTA3,Animals(M),IDP,Positive
A0A8I6ATU9,Animals(M),IDP,Positive
A0A8I6GLU8,Animals(M),IDP,Positive
A0A8J0T993,Animals(NM),IDP,Positive
A0A8J0TV93,Animals(NM),IDP,Positive
A0A8J0V2D3,Animals(NM),IDP,Positive
A0A8J1M527,Animals(NM),IDP,Positive
A0A8J1MNV6,Animals(NM),IDP,Positive
A0A8M1P6M4,Animals(NM),IDP,Positive
A0A8M2BG36,Animals(NM),IDP,Positive
A0A8M2BHQ8,Animals(NM),IDP,Positive
A0A8M3AP85,Animals(NM),IDP,Positive
A0A8M6Z3G7,Animals(NM),IDP,Positive
A0A8M9Q1B8,Animals(NM),IDP,Positive
A0A8V0Z3J5,Animals(NM),IDP,Positive
A0A8V0ZZD0,Animals(NM),IDP,Positive
A0AAA9SLR3,Animals(M),IDP,Positive
A0AAU7YSI3,Fungi,IDP,Positive
A0AB32TRZ9,Animals(NM),IDP,Positive
A0JLT2,Animals(M),IDP,Positive
A0MWC1,Animals(NM),IDP,Positive
A0QSY1,Prokaryotes,IDP,Positive
A1L020,Animals(M),IDP,Positive
A1Z7A8,Animals(NM),IDP,Positive
A1Z813,Animals(NM),IDP,Positive
A1Z8C4,Animals(NM),IDP,Positive
A1Z9W4,Animals(NM),IDP,Positive
A1ZBW4,Animals(NM),IDP,Positive
A2A484,Animals(M),IDP,Positive
A2AGH6,Animals(M),IDP,Positive
A2AUM9,Animals(M),IDP,Positive
A2BH40,Animals(M),IDP,Positive
A2T3P0,Viruses,non-IDP,Positive
A3DSG0,Viruses,IDP,Positive
A3QMT0,Viruses,IDP,Positive
A4D1B5,Animals(M),non-IDP,Positive
A4W2T1,Prokaryotes,non-IDP,Positive
A6HFI0,Animals(M),IDP,Positive
A6NC42,Animals(M),non-IDP,Positive
A6NFN3,Animals(M),IDP,Positive
A7MCY6,Animals(M),IDP,Positive
A8DZ09,Animals(NM),IDP,Positive
A8E612,Animals(NM),IDP,Positive
A8IXG3,Plants,non-IDP,Positive
B0RM24,Prokaryotes,IDP,Positive
B1PM75,Animals(NM),IDP,Positive
B1Q3L0,Animals(M),non-IDP,Positive
B2BNE2,Viruses,IDP,Positive
B2GPX0,Animals(NM),non-IDP,Positive
B2RWS6,Animals(M),IDP,Positive
B5DE31,Animals(NM),IDP,Positive
B6JVN3,Fungi,IDP,Positive
B6K794,Fungi,IDP,Positive
B7JB29,Prokaryotes,non-IDP,Positive
B7JB30,Prokaryotes,non-IDP,Positive
B7UCZ6,Viruses,non-IDP,Positive
B7UM99,Prokaryotes,IDP,Positive
B7ZP66,Animals(NM),IDP,Positive
B8GW30,Prokaryotes,IDP,Positive
B8GW92,Prokaryotes,non-IDP,Positive
B8GWZ0,Prokaryotes,non-IDP,Positive
B8GXA0,Prokaryotes,IDP,Positive
B9EJA2,Animals(M),IDP,Positive
C0P279,Animals(NM),IDP,Positive
C3XWA2,Animals(NM),IDP,Positive
C4NFL9,Viruses,IDP,Positive
C4NFM0,Viruses,IDP,Positive
C9JLW8,Animals(M),IDP,Positive
D0PV95,Animals(NM),IDP,Positive
D3YT16,Animals(NM),IDP,Positive
D3YXK2,Animals(M),IDP,Positive
D3ZU13,Animals(M),IDP,Positive
D3ZZA8,Animals(M),IDP,Positive
D5DYJ4,Prokaryotes,non-IDP,Positive
D5LWW7,Viruses,IDP,Positive
D8V196,Animals(NM),IDP,Positive
E1JJR3,Animals(NM),IDP,Positive
E1UZH7,Prokaryotes,IDP,Positive
E2QYC9,Animals(M),IDP,Positive
E7F958,Animals(NM),IDP,Positive
E9P860,Animals(NM),IDP,Positive
E9P9U1,Fungi,non-IDP,Positive
E9Q6B2,Animals(M),IDP,Positive
E9Q7G0,Animals(M),IDP,Positive
E9Q7P9,Animals(M),IDP,Positive
F1M049,Animals(M),IDP,Positive
F1QAE1,Animals(NM),IDP,Positive
F1R237,Animals(NM),IDP,Positive
F4HRT5,Plants,IDP,Positive
F4HT77,Plants,non-IDP,Positive
F4HXZ1,Plants,IDP,Positive
F4I2I5,Plants,IDP,Positive
F4ID16,Plants,IDP,Positive
F4IGH3,Plants,IDP,Positive
F4IHJ0,Plants,IDP,Positive
F4IME2,Plants,IDP,Positive
F4IS91,Plants,IDP,Positive
F4J339,Plants,non-IDP,Positive
F4J8D3,Plants,IDP,Positive
F4J8L3,Plants,IDP,Positive
F4K1Z0,Plants,non-IDP,Positive
F4KD71,Plants,non-IDP,Positive
F4KG14,Plants,IDP,Positive
F6SEU4,Animals(M),IDP,Positive
G3N131,Animals(M),IDP,Positive
G3X9Z4,Animals(M),IDP,Positive
G5EBQ3,Animals(NM),IDP,Positive
G5EBV6,Animals(NM),IDP,Positive
G5EBY3,Animals(NM),IDP,Positive
G5EC37,Animals(NM),IDP,Positive
G5EC86,Animals(NM),IDP,Positive
G5ECG0,Animals(NM),IDP,Positive
G5EDE7,Animals(NM),IDP,Positive
G5EEH9,Animals(NM),IDP,Positive
G5EEM5,Animals(NM),IDP,Positive
G5EET6,Animals(NM),IDP,Positive
G5EF02,Animals(NM),IDP,Positive
G5EG83,Animals(NM),IDP,Positive
G7JS36,Plants,IDP,Positive
G8JLB6,Animals(M),IDP,Positive
H0WFA5,Animals(NM),IDP,Positive
H2L067,Animals(NM),IDP,Positive
H9C955,Plants,non-IDP,Positive
H9JB09,Animals(NM),IDP,Positive
H9KVH9,Prokaryotes,IDP,Positive
J3QQ18,Animals(M),IDP,Positive
J7I6Y1,Animals(NM),IDP,Positive
J7M3T1,Animals(NM),IDP,Positive
J7MA22,Animals(M),IDP,Positive
J7RUA5,Prokaryotes,IDP,Positive
J9VQZ0,Fungi,IDP,Positive
K7DPS7,Animals(M),IDP,Positive
K7EK33,Animals(M),IDP,Positive
K9N4V7,Viruses,IDP,Positive
K9ZRR1,Animals(NM),IDP,Positive
K9ZTJ6,Animals(NM),non-IDP,Positive
M9NDC3,Animals(NM),non-IDP,Positive
M9NFQ7,Animals(NM),IDP,Positive
M9PF20,Animals(NM),IDP,Positive
M9PGS2,Animals(NM),IDP,Positive
O00148,Animals(M),IDP,Positive
O00165,Animals(M),IDP,Positive
O00254,Animals(M),non-IDP,Positive
O00257,Animals(M),IDP,Positive
O00267,Animals(M),IDP,Positive
O00303,Animals(M),IDP,Positive
O00401,Animals(M),IDP,Positive
O00410,Animals(M),non-IDP,Positive
O00411,Animals(M),IDP,Positive
O00425,Animals(M),IDP,Positive
O00444,Animals(M),IDP,Positive
O00472,Animals(M),IDP,Positive
O00541,Animals(M),IDP,Positive
O00560,Animals(M),non-IDP,Positive
O00567,Animals(M),IDP,Positive
O00571,Animals(M),IDP,Positive
O00584,Animals(M),non-IDP,Positive
O02374,Animals(NM),IDP,Positive
O03042,Plants,non-IDP,Positive
O04379,Plants,IDP,Positive
O04425,Plants,IDP,Positive
O04492,Plants,IDP,Positive
O08623,Animals(M),IDP,Positive
O08816,Animals(M),IDP,Positive
O13563,Fungi,IDP,Positive
O13801,Fungi,IDP,Positive
O13828,Fungi,IDP,Positive
O13892,Fungi,IDP,Positive
O14490,Animals(M),IDP,Positive
O14497,Animals(M),IDP,Positive
O14526,Animals(M),IDP,Positive
O14607,Animals(M),IDP,Positive
O14617,Animals(M),IDP,Positive
O14639,Animals(M),IDP,Positive
O14641,Animals(M),IDP,Positive
O14646,Animals(M),IDP,Positive
O14746,Animals(M),IDP,Positive
O14763,Animals(M),IDP,Positive
O14773,Animals(M),non-IDP,Positive
O14810,Animals(M),IDP,Positive
O14920,Animals(M),IDP,Positive
O14933,Animals(M),non-IDP,Positive
O14936,Animals(M),IDP,Positive
O14965,Animals(M),IDP,Positive
O14979,Animals(M),IDP,Positive
O14980,Animals(M),non-IDP,Positive
O15016,Animals(M),IDP,Positive
O15027,Animals(M),IDP,Positive
O15042,Animals(M),IDP,Positive
O15054,Animals(M),IDP,Positive
O15067,Animals(M),IDP,Positive
O15119,Animals(M),IDP,Positive
O15169,Animals(M),IDP,Positive
O15205,Animals(M),non-IDP,Positive
O15232,Animals(M),IDP,Positive
O15294,Animals(M),non-IDP,Positive
O15350,Animals(M),IDP,Positive
O15392,Animals(M),non-IDP,Positive
O15484,Animals(M),non-IDP,Positive
O15514,Animals(M),non-IDP,Positive
O15523,Animals(M),IDP,Positive
O15527,Animals(M),IDP,Positive
O15550,Animals(M),IDP,Positive
O16463,Animals(NM),non-IDP,Positive
O16810,Animals(NM),IDP,Positive
O22173,Plants,IDP,Positive
O22315,Plants,IDP,Positive
O22607,Plants,IDP,Positive
O22785,Plants,non-IDP,Positive
O22791,Plants,IDP,Positive
O23249,Plants,non-IDP,Positive
O23252,Plants,IDP,Positive
O35134,Animals(M),IDP,Positive
O35413,Animals(M),IDP,Positive
O35613,Animals(M),IDP,Positive
O35889,Animals(M),IDP,Positive
O42107,Animals(NM),IDP,Positive
O42958,Fungi,IDP,Positive
O43245,Animals(M),IDP,Positive
O43251,Animals(M),IDP,Positive
O43290,Animals(M),IDP,Positive
O43313,Animals(M),IDP,Positive
O43324,Animals(M),non-IDP,Positive
O43463,Animals(M),non-IDP,Positive
O43561,Animals(M),IDP,Positive
O43583,Animals(M),IDP,Positive
O43660,Animals(M),IDP,Positive
O43663,Animals(M),IDP,Positive
O43670,Animals(M),IDP,Positive
O43707,Animals(M),non-IDP,Positive
O43781,Animals(M),IDP,Positive
O43791,Animals(M),non-IDP,Positive
O43809,Animals(M),non-IDP,Positive
O43823,Animals(M),IDP,Positive
O43896,Animals(M),IDP,Positive
O44490,Animals(NM),IDP,Positive
O44991,Animals(NM),IDP,Positive
O45181,Animals(NM),IDP,Positive
O46501,Animals(M),IDP,Positive
O54724,Animals(M),IDP,Positive
O54887,Animals(M),IDP,Positive
O54957,Animals(M),IDP,Positive
O55017,Animals(M),IDP,Positive
O55042,Animals(M),IDP,Positive
O55043,Animals(M),IDP,Positive
O59810,Fungi,IDP,Positive
O60016,Fungi,IDP,Positive
O60264,Animals(M),IDP,Positive
O60333,Animals(M),IDP,Positive
O60341,Animals(M),IDP,Positive
O60356,Animals(M),IDP,Positive
O60500,Animals(M),IDP,Positive
O60504,Animals(M),IDP,Positive
O60506,Animals(M),IDP,Positive
O60563,Animals(M),IDP,Positive
O60674,Animals(M),non-IDP,Positive
O60733,Animals(M),non-IDP,Positive
O60812,Animals(M),IDP,Positive
O60832,Animals(M),IDP,Positive
O60885,Animals(M),IDP,Positive
O60934,Animals(M),IDP,Positive
O62011,Animals(NM),IDP,Positive
O62275,Animals(NM),IDP,Positive
O62372,Animals(NM),IDP,Positive
O65934,Prokaryotes,IDP,Positive
O70239,Animals(M),IDP,Positive
O70343,Animals(M),IDP,Positive
O70441,Animals(M),IDP,Positive
O70445,Animals(M),IDP,Positive
O74191,Fungi,IDP,Positive
O74718,Fungi,IDP,Positive
O75128,Animals(M),IDP,Positive
O75151,Animals(M),IDP,Positive
O75157,Animals(M),IDP,Positive
O75312,Animals(M),IDP,Positive
O75334,Animals(M),IDP,Positive
O75340,Animals(M),non-IDP,Positive
O75382,Animals(M),IDP,Positive
O75385,Animals(M),IDP,Positive
O75460,Animals(M),IDP,Positive
O75475,Animals(M),IDP,Positive
O75494,Animals(M),IDP,Positive
O75533,Animals(M),IDP,Positive
O75581,Animals(M),IDP,Positive
O75593,Animals(M),IDP,Positive
O75683,Animals(M),IDP,Positive
O75791,Animals(M),IDP,Positive
O75920,Animals(M),IDP,Positive
O75928,Animals(M),IDP,Positive
O75940,Animals(M),IDP,Positive
O75943,Animals(M),IDP,Positive
O75970,Animals(M),IDP,Positive
O76743,Animals(NM),IDP,Positive
O82307,Plants,IDP,Positive
O82486,Plants,IDP,Positive
O82804,Plants,IDP,Positive
O85040,Prokaryotes,non-IDP,Positive
O85041,Prokaryotes,IDP,Positive
O88522,Animals(M),IDP,Positive
O88531,Animals(M),non-IDP,Positive
O88602,Animals(M),IDP,Positive
O88935,Animals(M),IDP,Positive
O89090,Animals(M),IDP,Positive
O93627,Prokaryotes,non-IDP,Positive
O94752,Fungi,IDP,Positive
O94822,Animals(M),IDP,Positive
O94829,Animals(M),non-IDP,Positive
O94832,Animals(M),non-IDP,Positive
O94844,Animals(M),IDP,Positive
O94855,Animals(M),IDP,Positive
O94953,Animals(M),IDP,Positive
O94979,Animals(M),IDP,Positive
O94986,Animals(M),IDP,Positive
O94992,Animals(M),IDP,Positive
O95049,Animals(M),IDP,Positive
O95104,Animals(M),IDP,Positive
O95243,Animals(M),IDP,Positive
O95398,Animals(M),IDP,Positive
O95478,Animals(M),IDP,Positive
O95486,Animals(M),IDP,Positive
O95602,Animals(M),IDP,Positive
O95696,Animals(M),IDP,Positive
O95786,Animals(M),non-IDP,Positive
O95793,Animals(M),IDP,Positive
O95816,Animals(M),non-IDP,Positive
O95835,Animals(M),IDP,Positive
O95886,Animals(M),IDP,Positive
O95931,Animals(M),IDP,Positive
O95999,Animals(M),IDP,Positive
O96028,Animals(M),IDP,Positive
O96561,Animals(NM),IDP,Positive
O97111,Animals(NM),IDP,Positive
P00330,Fungi,non-IDP,Positive
P00441,Animals(M),IDP,Positive
P00492,Animals(M),non-IDP,Positive
P00519,Animals(M),IDP,Positive
P00533,Animals(M),IDP,Positive
P00546,Fungi,non-IDP,Positive
P00549,Fungi,non-IDP,Positive
P00560,Fungi,non-IDP,Positive
P00648,Prokaryotes,non-IDP,Positive
P00698,Animals(NM),non-IDP,Positive
P00704,Animals(NM),non-IDP,Positive
P00873,Plants,non-IDP,Positive
P00877,Plants,non-IDP,Positive
P00879,Prokaryotes,non-IDP,Positive
P00880,Prokaryotes,non-IDP,Positive
P00924,Fungi,non-IDP,Positive
P00925,Fungi,non-IDP,Positive
P00958,Fungi,non-IDP,Positive
P00974,Animals(M),non-IDP,Positive
P01012,Animals(NM),non-IDP,Positive
P01106,Animals(M),IDP,Positive
P01116,Animals(M),non-IDP,Positive
P01215,Animals(M),non-IDP,Positive
P01857,Animals(M),IDP,Positive
P01942,Animals(M),non-IDP,Positive
P02088,Animals(M),non-IDP,Positive
P02259,Animals(NM),IDP,Positive
P02299,Animals(NM),IDP,Positive
P02319,Animals(M),non-IDP,Positive
P02465,Animals(M),IDP,Positive
P02511,Animals(M),IDP,Positive
P02542,Animals(NM),IDP,Positive
P02545,Animals(M),IDP,Positive
P02550,Animals(M),non-IDP,Positive
P02554,Animals(M),IDP,Positive
P02649,Animals(M),IDP,Positive
P02745,Animals(M),IDP,Positive
P02754,Animals(M),non-IDP,Positive
P02768,Animals(M),non-IDP,Positive
P02769,Animals(M),non-IDP,Positive
P02787,Animals(M),non-IDP,Positive
P02792,Animals(M),non-IDP,Positive
P02794,Animals(M),non-IDP,Positive
P02945,Prokaryotes,non-IDP,Positive
P03069,Fungi,IDP,Positive
P03252,Viruses,non-IDP,Positive
P03265,Viruses,IDP,Positive
P03322,Viruses,IDP,Positive
P03345,Viruses,IDP,Positive
P03354,Viruses,IDP,Positive
P03372,Animals(M),IDP,Positive
P03418,Viruses,non-IDP,Positive
P03421,Viruses,IDP,Positive
P03466,Viruses,IDP,Positive
P03520,Viruses,IDP,Positive
P03521,Viruses,non-IDP,Positive
P03523,Viruses,non-IDP,Positive
P03612,Viruses,non-IDP,Positive
P03630,Viruses,non-IDP,Positive
P04049,Animals(M),IDP,Positive
P04050,Fungi,IDP,Positive
P04147,Fungi,IDP,Positive
P04150,Animals(M),IDP,Positive
P04156,Animals(M),IDP,Positive
P04289,Viruses,IDP,Positive
P04370,Animals(M),IDP,Positive
P04406,Animals(M),non-IDP,Positive
P04485,Viruses,IDP,Positive
P04496,Viruses,IDP,Positive
P04545,Viruses,IDP,Positive
P04585,Viruses,IDP,Positive
P04610,Viruses,IDP,Positive
P04626,Animals(M),IDP,Positive
P04637,Animals(M),IDP,Positive
P04716,Prokaryotes,non-IDP,Positive
P04776,Plants,IDP,Positive
P04792,Animals(M),IDP,Positive
P04851,Viruses,IDP,Positive
P04913,Fungi,IDP,Positive
P04925,Animals(M),IDP,Positive
P04985,Animals(M),non-IDP,Positive
P05067,Animals(M),IDP,Positive
P05205,Animals(NM),IDP,Positive
P05412,Animals(M),IDP,Positive
P05434,Plants,non-IDP,Positive
P05453,Fungi,IDP,Positive
P05556,Animals(M),IDP,Positive
P05896,Viruses,IDP,Positive
P06104,Fungi,IDP,Positive
P06169,Fungi,non-IDP,Positive
P06197,Fungi,non-IDP,Positive
P06239,Animals(M),non-IDP,Positive
P06241,Animals(M),IDP,Positive
P06400,Animals(M),IDP,Positive
P06401,Animals(M),IDP,Positive
P06454,Animals(M),IDP,Positive
P06493,Animals(M),non-IDP,Positive
P06634,Fungi,IDP,Positive
P06703,Animals(M),non-IDP,Positive
P06704,Fungi,non-IDP,Positive
P06730,Animals(M),IDP,Positive
P06744,Animals(M),non-IDP,Positive
P06746,Animals(M),non-IDP,Positive
P06748,Animals(M),IDP,Positive
P06778,Fungi,IDP,Positive
P06786,Fungi,IDP,Positive
P06858,Animals(M),non-IDP,Positive
P07149,Fungi,non-IDP,Positive
P07170,Fungi,IDP,Positive
P07222,Animals(NM),IDP,Positive
P07237,Animals(M),IDP,Positive
P07260,Fungi,non-IDP,Positive
P07305,Animals(M),IDP,Positive
P07320,Animals(M),non-IDP,Positive
P07621,Prokaryotes,IDP,Positive
P07724,Animals(M),non-IDP,Positive
P07766,Animals(M),IDP,Positive
P07900,Animals(M),IDP,Positive
P07949,Animals(M),non-IDP,Positive
P07987,Fungi,IDP,Positive
P08018,Fungi,IDP,Positive
P08047,Animals(M),IDP,Positive
P08172,Animals(M),IDP,Positive
P08228,Animals(M),IDP,Positive
P08237,Animals(M),non-IDP,Positive
P08238,Animals(M),IDP,Positive
P08247,Animals(M),IDP,Positive
P08287,Animals(NM),IDP,Positive
P08392,Viruses,IDP,Positive
P08453,Plants,IDP,Positive
P08475,Plants,non-IDP,Positive
P08518,Fungi,IDP,Positive
P08579,Animals(M),IDP,Positive
P08621,Animals(M),IDP,Positive
P08659,Animals(NM),non-IDP,Positive
P08670,Animals(M),IDP,Positive
P08775,Animals(M),IDP,Positive
P08865,Animals(M),IDP,Positive
P08908,Animals(M),IDP,Positive
P08970,Animals(NM),IDP,Positive
P09012,Animals(M),IDP,Positive
P09016,Animals(M),IDP,Positive
P09017,Animals(M),IDP,Positive
P09038,Animals(M),IDP,Positive
P09052,Animals(NM),IDP,Positive
P09405,Animals(M),IDP,Positive
P09429,Animals(M),IDP,Positive
P09651,Animals(M),IDP,Positive
P09733,Fungi,non-IDP,Positive
P09874,Animals(M),IDP,Positive
P09922,Animals(M),non-IDP,Positive
P09951,Animals(M),IDP,Positive
P0A6R3,Prokaryotes,non-IDP,Positive
P0A6X3,Prokaryotes,IDP,Positive
P0A6Z6,Prokaryotes,non-IDP,Positive
P0A8M6,Prokaryotes,non-IDP,Positive
P0A8N0,Prokaryotes,non-IDP,Positive
P0A8T7,Prokaryotes,non-IDP,Positive
P0A9A6,Prokaryotes,IDP,Positive
P0A9P6,Prokaryotes,IDP,Positive
P0AA30,Prokaryotes,non-IDP,Positive
P0ABT2,Prokaryotes,non-IDP,Positive
P0AC88,Prokaryotes,non-IDP,Positive
P0ACB0,Prokaryotes,IDP,Positive
P0ACF0,Prokaryotes,non-IDP,Positive
P0ACF4,Prokaryotes,non-IDP,Positive
P0ACJ8,Prokaryotes,non-IDP,Positive
P0ADS2,Prokaryotes,IDP,Positive
P0AEF0,Prokaryotes,non-IDP,Positive
P0AEX9,Prokaryotes,non-IDP,Positive
P0AFF6,Prokaryotes,non-IDP,Positive
P0AFG0,Prokaryotes,non-IDP,Positive
P0AGE0,Prokaryotes,IDP,Positive
P0C054,Prokaryotes,non-IDP,Positive
P0C093,Prokaryotes,non-IDP,Positive
P0C0S8,Animals(M),non-IDP,Positive
P0C717,Viruses,IDP,Positive
P0C796,Viruses,IDP,Positive
P0C798,Viruses,IDP,Positive
P0C916,Prokaryotes,non-IDP,Positive
P0CG48,Animals(M),non-IDP,Positive
P0CX34,Fungi,IDP,Positive
P0DJD4,Animals(M),IDP,Positive
P0DMV8,Animals(M),IDP,Positive
P0DMV9,Animals(M),IDP,Positive
P0DN86,Animals(M),IDP,Positive
P0DTC5,Viruses,non-IDP,Positive
P0DTC9,Viruses,IDP,Positive
P10067,Animals(M),non-IDP,Positive
P10080,Fungi,IDP,Positive
P10233,Viruses,IDP,Positive
P10242,Animals(M),IDP,Positive
P10275,Animals(M),IDP,Positive
P10276,Animals(M),IDP,Positive
P10412,Animals(M),IDP,Positive
P10415,Animals(M),IDP,Positive
P10591,Fungi,IDP,Positive
P10592,Fungi,IDP,Positive
P10636,Animals(M),IDP,Positive
P10637,Animals(M),IDP,Positive
P10644,Animals(M),IDP,Positive
P10747,Animals(M),non-IDP,Positive
P10909,Animals(M),non-IDP,Positive
P10914,Animals(M),IDP,Positive
P10961,Fungi,IDP,Positive
P10964,Fungi,IDP,Positive
P10997,Animals(M),non-IDP,Positive
P11021,Animals(M),IDP,Positive
P11088,Animals(M),IDP,Positive
P11142,Animals(M),IDP,Positive
P11152,Animals(M),non-IDP,Positive
P11211,Viruses,non-IDP,Positive
P11275,Animals(M),IDP,Positive
P11362,Animals(M),IDP,Positive
P11369,Animals(M),IDP,Positive
P11388,Animals(M),IDP,Positive
P11632,Fungi,IDP,Positive
P11709,Fungi,IDP,Positive
P11710,Fungi,IDP,Positive
P11940,Animals(M),IDP,Positive
P11994,Animals(NM),IDP,Positive
P12081,Animals(M),non-IDP,Positive
P12385,Fungi,non-IDP,Positive
P12419,Viruses,non-IDP,Positive
P12493,Viruses,IDP,Positive
P12527,Animals(M),non-IDP,Positive
P12643,Animals(M),IDP,Positive
P12672,Animals(M),non-IDP,Positive
P12849,Animals(M),IDP,Positive
P12931,Animals(M),IDP,Positive
P12956,Animals(M),IDP,Positive
P12970,Animals(M),IDP,Positive
P12978,Viruses,IDP,Positive
P13010,Animals(M),IDP,Positive
P13179,Viruses,non-IDP,Positive
P13501,Animals(M),non-IDP,Positive
P13569,Animals(M),IDP,Positive
P13639,Animals(M),non-IDP,Positive
P14540,Fungi,non-IDP,Positive
P14618,Animals(M),non-IDP,Positive
P14653,Animals(M),IDP,Positive
P14681,Fungi,non-IDP,Positive
P14713,Plants,IDP,Positive
P14866,Animals(M),IDP,Positive
P14904,Fungi,IDP,Positive
P14907,Fungi,IDP,Positive
P15043,Prokaryotes,non-IDP,Positive
P15056,Animals(M),IDP,Positive
P15130,Viruses,IDP,Positive
P15172,Animals(M),IDP,Positive
P15502,Animals(M),IDP,Positive
P15529,Animals(M),IDP,Positive
P15646,Fungi,IDP,Positive
P15659,Viruses,non-IDP,Positive
P15891,Fungi,IDP,Positive
P15927,Animals(M),IDP,Positive
P15941,Animals(M),IDP,Positive
P15954,Animals(M),non-IDP,Positive
P15992,Fungi,IDP,Positive
P16087,Viruses,IDP,Positive
P16285,Viruses,non-IDP,Positive
P16333,Animals(M),non-IDP,Positive
P16370,Fungi,IDP,Positive
P16380,Viruses,IDP,Positive
P16401,Animals(M),IDP,Positive
P16402,Animals(M),IDP,Positive
P16403,Animals(M),IDP,Positive
P16521,Fungi,IDP,Positive
P16554,Animals(NM),IDP,Positive
P16753,Viruses,IDP,Positive
P16790,Viruses,IDP,Positive
P16861,Fungi,non-IDP,Positive
P16862,Fungi,IDP,Positive
P16892,Fungi,non-IDP,Positive
P17066,Animals(M),IDP,Positive
P17096,Animals(M),IDP,Positive
P17151,Viruses,IDP,Positive
P17225,Animals(M),IDP,Positive
P17480,Animals(M),IDP,Positive
P17600,Animals(M),IDP,Positive
P17661,Animals(M),IDP,Positive
P17676,Animals(M),IDP,Positive
P17931,Animals(M),IDP,Positive
P17947,Animals(M),IDP,Positive
P17948,Animals(M),non-IDP,Positive
P18124,Animals(M),non-IDP,Positive
P18206,Animals(M),IDP,Positive
P18272,Viruses,IDP,Positive
P18480,Fungi,IDP,Positive
P18583,Animals(M),IDP,Positive
P18615,Animals(M),IDP,Positive
P18887,Animals(M),IDP,Positive
P19097,Fungi,IDP,Positive
P19174,Animals(M),IDP,Positive
P19338,Animals(M),IDP,Positive
P19388,Animals(M),IDP,Positive
P19474,Animals(M),non-IDP,Positive
P19484,Animals(M),IDP,Positive
P19525,Animals(M),non-IDP,Positive
P19532,Animals(M),IDP,Positive
P19622,Animals(M),IDP,Positive
P19659,Fungi,IDP,Positive
P19837,Animals(NM),non-IDP,Positive
P19970,Fungi,IDP,Positive
P20028,Animals(NM),non-IDP,Positive
P20029,Animals(M),IDP,Positive
P20152,Animals(M),IDP,Positive
P20226,Animals(M),IDP,Positive
P20236,Animals(M),non-IDP,Positive
P20263,Animals(M),IDP,Positive
P20357,Animals(M),IDP,Positive
P20397,Animals(NM),IDP,Positive
P20591,Animals(M),non-IDP,Positive
P20592,Animals(M),IDP,Positive
P20781,Animals(M),non-IDP,Positive
P20823,Animals(M),IDP,Positive
P20963,Animals(M),IDP,Positive
P21333,Animals(M),IDP,Positive
P21507,Prokaryotes,IDP,Positive
P21707,Animals(M),IDP,Positive
P21802,Animals(M),IDP,Positive
P22087,Animals(M),IDP,Positive
P22147,Fungi,IDP,Positive
P22232,Animals(NM),IDP,Positive
P22234,Animals(M),non-IDP,Positive
P22336,Fungi,IDP,Positive
P22363,Viruses,IDP,Positive
P22626,Animals(M),IDP,Positive
P22629,Prokaryotes,non-IDP,Positive
P22736,Animals(M),IDP,Positive
P22939,Prokaryotes,non-IDP,Positive
P22996,Prokaryotes,non-IDP,Positive
P23116,Animals(M),IDP,Positive
P23128,Animals(NM),non-IDP,Positive
P23201,Fungi,IDP,Positive
P23246,Animals(M),IDP,Positive
P23396,Animals(M),IDP,Positive
P23458,Animals(M),non-IDP,Positive
P23576,Animals(M),IDP,Positive
P23588,Animals(M),IDP,Positive
P23769,Animals(M),IDP,Positive
P23771,Animals(M),IDP,Positive
P23772,Animals(M),IDP,Positive
P23804,Animals(M),IDP,Positive
P24100,Plants,non-IDP,Positive
P24300,Prokaryotes,non-IDP,Positive
P24566,Viruses,non-IDP,Positive
P24783,Fungi,IDP,Positive
P24784,Fungi,IDP,Positive
P24928,Animals(M),IDP,Positive
P25054,Animals(M),IDP,Positive
P25087,Fungi,non-IDP,Positive
P25158,Animals(NM),IDP,Positive
P25294,Fungi,IDP,Positive
P25367,Fungi,IDP,Positive
P25440,Animals(M),IDP,Positive
P25490,Animals(M),IDP,Positive
P25491,Fungi,IDP,Positive
P25555,Fungi,IDP,Positive
P25644,Fungi,IDP,Positive
P25655,Fungi,IDP,Positive
P25685,Animals(M),IDP,Positive
P25788,Animals(M),non-IDP,Positive
P25888,Prokaryotes,IDP,Positive
P25976,Animals(M),IDP,Positive
P26196,Animals(M),IDP,Positive
P26368,Animals(M),IDP,Positive
P26369,Animals(M),IDP,Positive
P26373,Animals(M),IDP,Positive
P26568,Plants,IDP,Positive
P26569,Plants,IDP,Positive
P26599,Animals(M),IDP,Positive
P26651,Animals(M),IDP,Positive
P27134,Prokaryotes,non-IDP,Positive
P27348,Animals(M),non-IDP,Positive
P27361,Animals(M),IDP,Positive
P27636,Fungi,non-IDP,Positive
P27695,Animals(M),IDP,Positive
P27815,Animals(M),IDP,Positive
P28005,Fungi,non-IDP,Positive
P28007,Fungi,IDP,Positive
P28070,Animals(M),non-IDP,Positive
P28074,Animals(M),non-IDP,Positive
P28347,Animals(M),IDP,Positive
P28360,Animals(M),IDP,Positive
P28659,Animals(M),IDP,Positive
P28702,Animals(M),IDP,Positive
P28750,Animals(NM),IDP,Positive
P29227,Animals(NM),IDP,Positive
P29295,Fungi,IDP,Positive
P29317,Animals(M),non-IDP,Positive
P29350,Animals(M),IDP,Positive
P29469,Fungi,IDP,Positive
P29590,Animals(M),IDP,Positive
P29617,Animals(NM),IDP,Positive
P29966,Animals(M),IDP,Positive
P30566,Animals(M),non-IDP,Positive
P30622,Animals(M),IDP,Positive
P30657,Fungi,non-IDP,Positive
P30658,Animals(M),IDP,Positive
P30929,Viruses,non-IDP,Positive
P31016,Animals(M),IDP,Positive
P31151,Animals(M),non-IDP,Positive
P31269,Animals(M),IDP,Positive
P31271,Animals(M),IDP,Positive
P31431,Animals(M),IDP,Positive
P31483,Animals(M),IDP,Positive
P31539,Fungi,IDP,Positive
P31645,Animals(M),IDP,Positive
P31689,Animals(M),IDP,Positive
P31750,Animals(M),IDP,Positive
P31787,Fungi,non-IDP,Positive
P31942,Animals(M),non-IDP,Positive
P31943,Animals(M),IDP,Positive
P32055,Prokaryotes,non-IDP,Positive
P32099,Prokaryotes,non-IDP,Positive
P32288,Fungi,non-IDP,Positive
P32337,Fungi,IDP,Positive
P32497,Fungi,IDP,Positive
P32501,Fungi,non-IDP,Positive
P32526,Fungi,IDP,Positive
P32563,Fungi,non-IDP,Positive
P32588,Fungi,IDP,Positive
P32597,Fungi,IDP,Positive
P32599,Fungi,IDP,Positive
P32628,Fungi,IDP,Positive
P32770,Fungi,IDP,Positive
P32790,Fungi,IDP,Positive
P32831,Fungi,IDP,Positive
P32835,Fungi,non-IDP,Positive
P32849,Fungi,IDP,Positive
P32908,Fungi,IDP,Positive
P33176,Animals(M),IDP,Positive
P33240,Animals(M),IDP,Positive
P33242,Animals(M),IDP,Positive
P33299,Fungi,IDP,Positive
P33322,Fungi,IDP,Positive
P33331,Fungi,non-IDP,Positive
P33338,Fungi,IDP,Positive
P33469,Viruses,IDP,Positive
P33748,Fungi,IDP,Positive
P33993,Animals(M),non-IDP,Positive
P34152,Animals(M),IDP,Positive
P34216,Fungi,IDP,Positive
P34230,Fungi,IDP,Positive
P34331,Animals(NM),IDP,Positive
P34689,Animals(NM),IDP,Positive
P34760,Fungi,non-IDP,Positive
P34761,Fungi,IDP,Positive
P34931,Animals(M),non-IDP,Positive
P34971,Animals(M),IDP,Positive
P35056,Fungi,IDP,Positive
P35187,Fungi,IDP,Positive
P35189,Fungi,IDP,Positive
P35193,Fungi,IDP,Positive
P35222,Animals(M),IDP,Positive
P35226,Animals(M),IDP,Positive
P35227,Animals(M),IDP,Positive
P35235,Animals(M),IDP,Positive
P35240,Animals(M),IDP,Positive
P35453,Animals(M),IDP,Positive
P35550,Animals(M),IDP,Positive
P35555,Animals(M),IDP,Positive
P35568,Animals(M),IDP,Positive
P35569,Animals(M),IDP,Positive
P35579,Animals(M),IDP,Positive
P35609,Animals(M),non-IDP,Positive
P35637,Animals(M),IDP,Positive
P35638,Animals(M),IDP,Positive
P35658,Animals(M),IDP,Positive
P35820,Animals(NM),IDP,Positive
P35922,Animals(M),IDP,Positive
P35968,Animals(M),IDP,Positive
P35972,Viruses,IDP,Positive
P35974,Viruses,IDP,Positive
P36008,Fungi,IDP,Positive
P36041,Fungi,IDP,Positive
P36102,Fungi,IDP,Positive
P36124,Fungi,IDP,Positive
P36406,Animals(M),non-IDP,Positive
P36421,Fungi,IDP,Positive
P36871,Animals(M),non-IDP,Positive
P36873,Animals(M),IDP,Positive
P37198,Animals(M),IDP,Positive
P37231,Animals(M),IDP,Positive
P37355,Prokaryotes,non-IDP,Positive
P37524,Prokaryotes,IDP,Positive
P37741,Prokaryotes,non-IDP,Positive
P37755,Prokaryotes,non-IDP,Positive
P37840,Animals(M),IDP,Positive
P37894,Prokaryotes,IDP,Positive
P38070,Fungi,IDP,Positive
P38159,Animals(M),IDP,Positive
P38182,Fungi,non-IDP,Positive
P38208,Fungi,non-IDP,Positive
P38219,Fungi,non-IDP,Positive
P38291,Fungi,IDP,Positive
P38293,Fungi,IDP,Positive
P38336,Fungi,non-IDP,Positive
P38398,Animals(M),IDP,Positive
P38432,Animals(M),IDP,Positive
P38646,Animals(M),IDP,Positive
P38713,Fungi,IDP,Positive
P38760,Fungi,IDP,Positive
P38764,Fungi,IDP,Positive
P38786,Fungi,non-IDP,Positive
P38820,Fungi,non-IDP,Positive
P38828,Fungi,non-IDP,Positive
P38856,Fungi,IDP,Positive
P38886,Fungi,IDP,Positive
P38931,Fungi,IDP,Positive
P38956,Fungi,IDP,Positive
P38996,Fungi,IDP,Positive
P39006,Fungi,non-IDP,Positive
P39053,Animals(M),IDP,Positive
P39447,Animals(M),IDP,Positive
P39517,Fungi,IDP,Positive
P39769,Animals(NM),IDP,Positive
P39935,Fungi,IDP,Positive
P39936,Fungi,IDP,Positive
P39998,Fungi,IDP,Positive
P40013,Fungi,IDP,Positive
P40070,Fungi,IDP,Positive
P40087,Fungi,IDP,Positive
P40090,Fungi,non-IDP,Positive
P40160,Fungi,IDP,Positive
P40337,Animals(M),IDP,Positive
P40381,Fungi,IDP,Positive
P40494,Fungi,IDP,Positive
P40541,Fungi,IDP,Positive
P40554,Fungi,non-IDP,Positive
P40630,Animals(M),non-IDP,Positive
P40763,Animals(M),IDP,Positive
P40818,Animals(M),IDP,Positive
P40967,Animals(M),IDP,Positive
P40993,Fungi,IDP,Positive
P41208,Animals(M),IDP,Positive
P41250,Animals(M),non-IDP,Positive
P41887,Fungi,IDP,Positive
P41891,Fungi,IDP,Positive
P42168,Animals(NM),IDP,Positive
P42212,Animals(NM),non-IDP,Positive
P42227,Animals(M),IDP,Positive
P42566,Animals(M),IDP,Positive
P42568,Animals(M),IDP,Positive
P42574,Animals(M),IDP,Positive
P42677,Animals(M),IDP,Positive
P42731,Plants,IDP,Positive
P42763,Plants,IDP,Positive
P42768,Animals(M),IDP,Positive
P42804,Plants,non-IDP,Positive
P43064,Fungi,IDP,Positive
P43243,Animals(M),IDP,Positive
P43297,Plants,non-IDP,Positive
P43351,Animals(M),IDP,Positive
P43354,Animals(M),IDP,Positive
P43403,Animals(M),IDP,Positive
P43586,Fungi,IDP,Positive
P43588,Fungi,IDP,Positive
P43628,Animals(M),IDP,Positive
P45481,Animals(M),IDP,Positive
P45689,Prokaryotes,non-IDP,Positive
P45960,Plants,IDP,Positive
P45973,Animals(M),IDP,Positive
P45984,Animals(M),IDP,Positive
P46100,Animals(M),IDP,Positive
P46527,Animals(M),IDP,Positive
P46531,Animals(M),IDP,Positive
P46598,Fungi,IDP,Positive
P46655,Fungi,non-IDP,Positive
P46672,Fungi,IDP,Positive
P46777,Animals(M),IDP,Positive
P46804,Animals(NM),IDP,Positive
P46934,Animals(M),IDP,Positive
P46937,Animals(M),IDP,Positive
P46938,Animals(M),IDP,Positive
P47017,Fungi,IDP,Positive
P47035,Fungi,IDP,Positive
P47037,Fungi,IDP,Positive
P47708,Animals(M),IDP,Positive
P47911,Animals(M),IDP,Positive
P47962,Animals(M),IDP,Positive
P47963,Animals(M),IDP,Positive
P47974,Animals(M),IDP,Positive
P48431,Animals(M),IDP,Positive
P48437,Animals(M),IDP,Positive
P48443,Animals(M),IDP,Positive
P48510,Fungi,IDP,Positive
P48543,Animals(M),IDP,Positive
P48594,Animals(M),non-IDP,Positive
P48729,Animals(M),IDP,Positive
P48754,Animals(M),IDP,Positive
P48809,Animals(NM),IDP,Positive
P48837,Fungi,IDP,Positive
P49023,Animals(M),IDP,Positive
P49116,Animals(M),IDP,Positive
P49146,Animals(M),IDP,Positive
P49185,Animals(M),IDP,Positive
P49312,Animals(M),IDP,Positive
P49450,Animals(M),IDP,Positive
P49687,Fungi,IDP,Positive
P49715,Animals(M),IDP,Positive
P49716,Animals(M),IDP,Positive
P49721,Animals(M),non-IDP,Positive
P49735,Animals(NM),IDP,Positive
P49760,Animals(M),IDP,Positive
P49790,Animals(M),IDP,Positive
P49841,Animals(M),IDP,Positive
P49916,Animals(M),IDP,Positive
P49959,Animals(M),IDP,Positive
P50552,Animals(M),IDP,Positive
P50570,Animals(M),IDP,Positive
P50750,Animals(M),IDP,Positive
P50756,Animals(NM),IDP,Positive
P50914,Animals(M),IDP,Positive
P50995,Animals(M),IDP,Positive
P51114,Animals(M),IDP,Positive
P51116,Animals(M),IDP,Positive
P51149,Animals(M),non-IDP,Positive
P51531,Animals(M),IDP,Positive
P51532,Animals(M),IDP,Positive
P51608,Animals(M),IDP,Positive
P51610,Animals(M),IDP,Positive
P51991,Animals(M),IDP,Positive
P52171,Animals(NM),IDP,Positive
P52292,Animals(M),IDP,Positive
P52293,Animals(M),IDP,Positive
P52297,Animals(NM),non-IDP,Positive
P52489,Fungi,non-IDP,Positive
P52597,Animals(M),non-IDP,Positive
P52630,Animals(M),IDP,Positive
P52789,Animals(M),non-IDP,Positive
P52912,Animals(M),IDP,Positive
P52948,Animals(M),IDP,Positive
P53010,Fungi,non-IDP,Positive
P53096,Fungi,IDP,Positive
P53104,Fungi,IDP,Positive
P53112,Fungi,IDP,Positive
P53155,Fungi,IDP,Positive
P53218,Fungi,non-IDP,Positive
P53297,Fungi,IDP,Positive
P53309,Fungi,IDP,Positive
P53316,Fungi,IDP,Positive
P53550,Fungi,IDP,Positive
P53551,Fungi,IDP,Positive
P53567,Animals(M),IDP,Positive
P53686,Fungi,IDP,Positive
P53833,Fungi,non-IDP,Positive
P53849,Fungi,non-IDP,Positive
P53897,Fungi,IDP,Positive
P53905,Fungi,IDP,Positive
P53935,Fungi,IDP,Positive
P54115,Fungi,non-IDP,Positive
P54132,Animals(M),IDP,Positive
P54198,Animals(M),IDP,Positive
P54216,Animals(NM),non-IDP,Positive
P54217,Animals(NM),IDP,Positive
P54252,Animals(M),IDP,Positive
P54254,Animals(M),IDP,Positive
P54274,Animals(M),IDP,Positive
P54397,Animals(NM),IDP,Positive
P54577,Animals(M),IDP,Positive
P54725,Animals(M),IDP,Positive
P54727,Animals(M),IDP,Positive
P54785,Fungi,IDP,Positive
P55036,Animals(M),IDP,Positive
P55072,Animals(M),IDP,Positive
P55210,Animals(M),non-IDP,Positive
P55258,Animals(M),non-IDP,Positive
P55265,Animals(M),IDP,Positive
P55316,Animals(M),IDP,Positive
P55795,Animals(M),IDP,Positive
P55854,Animals(M),IDP,Positive
P55884,Animals(M),IDP,Positive
P56198,Animals(M),non-IDP,Positive
P56270,Animals(M),IDP,Positive
P56523,Fungi,IDP,Positive
P56959,Animals(M),IDP,Positive
P58004,Animals(M),IDP,Positive
P58283,Animals(M),IDP,Positive
P58555,Prokaryotes,IDP,Positive
P59113,Animals(M),non-IDP,Positive
P59326,Animals(M),IDP,Positive
P59595,Viruses,IDP,Positive
P60008,Animals(M),IDP,Positive
P60033,Animals(M),non-IDP,Positive
P60166,Viruses,IDP,Positive
P60709,Animals(M),non-IDP,Positive
P60842,Animals(M),IDP,Positive
P60844,Prokaryotes,non-IDP,Positive
P61073,Animals(M),non-IDP,Positive
P61160,Animals(M),non-IDP,Positive
P61289,Animals(M),non-IDP,Positive
P61326,Animals(M),non-IDP,Positive
P61328,Animals(M),IDP,Positive
P61407,Animals(M),IDP,Positive
P61830,Fungi,IDP,Positive
P61956,Animals(M),IDP,Positive
P61964,Animals(M),IDP,Positive
P61978,Animals(M),IDP,Positive
P61979,Animals(M),IDP,Positive
P62316,Animals(M),IDP,Positive
P62424,Animals(M),IDP,Positive
P62491,Animals(M),IDP,Positive
P62633,Animals(M),non-IDP,Positive
P62694,Fungi,IDP,Positive
P62740,Animals(M),non-IDP,Positive
P62745,Animals(M),non-IDP,Positive
P62750,Animals(M),IDP,Positive
P62753,Animals(M),IDP,Positive
P62805,Animals(M),non-IDP,Positive
P62806,Animals(M),non-IDP,Positive
P62813,Animals(M),non-IDP,Positive
P62826,Animals(M),non-IDP,Positive
P62877,Animals(M),non-IDP,Positive
P62908,Animals(M),IDP,Positive
P62913,Animals(M),non-IDP,Positive
P62917,Animals(M),IDP,Positive
P62918,Animals(M),IDP,Positive
P62937,Animals(M),non-IDP,Positive
P62960,Animals(M),IDP,Positive
P62993,Animals(M),non-IDP,Positive
P62995,Animals(M),IDP,Positive
P63027,Animals(M),IDP,Positive
P63074,Animals(M),IDP,Positive
P63162,Animals(M),IDP,Positive
P63165,Animals(M),IDP,Positive
P63244,Animals(M),non-IDP,Positive
P63268,Animals(M),non-IDP,Positive
P63279,Animals(M),non-IDP,Positive
P67809,Animals(M),IDP,Positive
P67936,Animals(M),IDP,Positive
P67999,Animals(M),IDP,Positive
P68106,Animals(M),non-IDP,Positive
P68400,Animals(M),IDP,Positive
P68433,Animals(M),IDP,Positive
P68951,Viruses,IDP,Positive
P69441,Prokaryotes,IDP,Positive
P69479,Viruses,IDP,Positive
P70166,Animals(M),IDP,Positive
P70196,Animals(M),non-IDP,Positive
P70279,Animals(M),IDP,Positive
P70318,Animals(M),IDP,Positive
P70324,Animals(M),IDP,Positive
P70372,Animals(M),non-IDP,Positive
P70379,Animals(M),IDP,Positive
P70399,Animals(M),IDP,Positive
P70587,Animals(M),IDP,Positive
P78317,Animals(M),IDP,Positive
P78344,Animals(M),IDP,Positive
P78352,Animals(M),IDP,Positive
P78362,Animals(M),IDP,Positive
P78364,Animals(M),IDP,Positive
P78371,Animals(M),non-IDP,Positive
P78396,Animals(M),non-IDP,Positive
P78953,Fungi,IDP,Positive
P80667,Fungi,IDP,Positive
P81133,Animals(M),IDP,Positive
P81947,Animals(M),non-IDP,Positive
P83731,Animals(M),IDP,Positive
P83916,Animals(M),IDP,Positive
P84022,Animals(M),IDP,Positive
P84051,Animals(NM),non-IDP,Positive
P84243,Animals(M),IDP,Positive
P85037,Animals(M),IDP,Positive
P85442,Animals(M),IDP,Positive
P87222,Fungi,non-IDP,Positive
P88989,Viruses,IDP,Positive
P90786,Animals(NM),IDP,Positive
P90898,Animals(NM),IDP,Positive
P91349,Animals(NM),IDP,Positive
P91870,Animals(NM),IDP,Positive
P93002,Plants,IDP,Positive
P97304,Animals(M),non-IDP,Positive
P97379,Animals(M),IDP,Positive
P97432,Animals(M),IDP,Positive
P97789,Animals(M),IDP,Positive
P97793,Animals(M),IDP,Positive
P97836,Animals(M),IDP,Positive
P97855,Animals(M),IDP,Positive
P98086,Animals(M),IDP,Positive
P98179,Animals(M),IDP,Positive
P99999,Animals(M),non-IDP,Positive
P9WHW5,Prokaryotes,IDP,Positive
P9WI75,Prokaryotes,IDP,Positive
Q00059,Animals(M),non-IDP,Positive
Q00566,Animals(M),IDP,Positive
Q00613,Animals(M),IDP,Positive
Q00684,Fungi,IDP,Positive
Q00764,Fungi,non-IDP,Positive
Q00960,Animals(M),IDP,Positive
Q00987,Animals(M),IDP,Positive
Q00994,Animals(M),IDP,Positive
Q01081,Animals(M),IDP,Positive
Q01085,Animals(M),IDP,Positive
Q01097,Animals(M),IDP,Positive
Q01105,Animals(M),IDP,Positive
Q01130,Animals(M),IDP,Positive
Q01196,Animals(M),IDP,Positive
Q01543,Animals(M),IDP,Positive
Q01844,Animals(M),IDP,Positive
Q01860,Animals(M),IDP,Positive
Q02199,Fungi,IDP,Positive
Q02224,Animals(M),IDP,Positive
Q02248,Animals(M),IDP,Positive
Q02297,Animals(M),IDP,Positive
Q02629,Fungi,IDP,Positive
Q02630,Fungi,IDP,Positive
Q02645,Animals(NM),IDP,Positive
Q02773,Fungi,IDP,Positive
Q02794,Fungi,IDP,Positive
Q02796,Fungi,IDP,Positive
Q02880,Animals(M),IDP,Positive
Q03111,Animals(M),IDP,Positive
Q03135,Animals(M),non-IDP,Positive
Q03468,Animals(M),IDP,Positive
Q03513,Prokaryotes,IDP,Positive
Q03517,Animals(M),IDP,Positive
Q03518,Animals(M),non-IDP,Positive
Q03555,Animals(M),IDP,Positive
Q03690,Fungi,IDP,Positive
Q03701,Animals(M),IDP,Positive
Q03933,Animals(M),IDP,Positive
Q03973,Fungi,IDP,Positive
Q04002,Fungi,IDP,Positive
Q04206,Animals(M),IDP,Positive
Q04207,Animals(M),IDP,Positive
Q04410,Fungi,IDP,Positive
Q04637,Animals(M),IDP,Positive
Q04671,Animals(M),IDP,Positive
Q05086,Animals(M),IDP,Positive
Q05127,Viruses,IDP,Positive
Q05175,Animals(M),IDP,Positive
Q05318,Viruses,IDP,Positive
Q05322,Viruses,non-IDP,Positive
Q05519,Animals(M),IDP,Positive
Q05753,Plants,IDP,Positive
Q05785,Fungi,IDP,Positive
Q05D60,Animals(M),IDP,Positive
Q06124,Animals(M),IDP,Positive
Q06142,Fungi,non-IDP,Positive
Q06410,Fungi,non-IDP,Positive
Q06628,Fungi,IDP,Positive
Q06787,Animals(M),IDP,Positive
Q06851,Prokaryotes,IDP,Positive
Q07065,Animals(M),IDP,Positive
Q07157,Animals(M),IDP,Positive
Q07352,Animals(M),IDP,Positive
Q07362,Fungi,IDP,Positive
Q07436,Animals(NM),IDP,Positive
Q07457,Fungi,IDP,Positive
Q07478,Fungi,IDP,Positive
Q07666,Animals(M),IDP,Positive
Q07802,Animals(M),IDP,Positive
Q07889,Animals(M),IDP,Positive
Q07955,Animals(M),IDP,Positive
Q08050,Animals(M),IDP,Positive
Q08211,Animals(M),IDP,Positive
Q08345,Animals(M),IDP,Positive
Q08378,Animals(M),IDP,Positive
Q08379,Animals(M),IDP,Positive
Q08421,Fungi,IDP,Positive
Q08601,Fungi,IDP,Positive
Q08831,Fungi,IDP,Positive
Q08881,Animals(M),IDP,Positive
Q09161,Animals(M),IDP,Positive
Q09472,Animals(M),IDP,Positive
Q09702,Fungi,IDP,Positive
Q09737,Fungi,non-IDP,Positive
Q09822,Fungi,IDP,Positive
Q09825,Fungi,IDP,Positive
Q0IIJ2,Animals(M),IDP,Positive
Q0JRZ9,Animals(M),IDP,Positive
Q0V7X4,Plants,IDP,Positive
Q0VCZ3,Animals(M),IDP,Positive
Q0WW84,Plants,IDP,Positive
Q0WX00,Plants,IDP,Positive
Q10239,Fungi,IDP,Positive
Q10425,Fungi,non-IDP,Positive
Q10M12,Plants,IDP,Positive
Q12092,Fungi,IDP,Positive
Q12123,Fungi,non-IDP,Positive
Q12158,Fungi,IDP,Positive
Q12267,Fungi,IDP,Positive
Q12296,Fungi,IDP,Positive
Q12306,Fungi,IDP,Positive
Q12329,Fungi,IDP,Positive
Q12421,Fungi,IDP,Positive
Q12460,Fungi,IDP,Positive
Q12517,Fungi,IDP,Positive
Q12518,Fungi,IDP,Positive
Q12527,Fungi,IDP,Positive
Q12530,Fungi,non-IDP,Positive
Q12756,Animals(M),IDP,Positive
Q12824,Animals(M),IDP,Positive
Q12849,Animals(M),IDP,Positive
Q12874,Animals(M),IDP,Positive
Q12879,Animals(M),IDP,Positive
Q12888,Animals(M),IDP,Positive
Q12905,Animals(M),IDP,Positive
Q12906,Animals(M),IDP,Positive
Q12933,Animals(M),non-IDP,Positive
Q12959,Animals(M),IDP,Positive
Q12988,Animals(M),non-IDP,Positive
Q13021,Animals(M),non-IDP,Positive
Q13049,Animals(M),non-IDP,Positive
Q13094,Animals(M),IDP,Positive
Q13111,Animals(M),IDP,Positive
Q13131,Animals(M),IDP,Positive
Q13137,Animals(M),IDP,Positive
Q13148,Animals(M),IDP,Positive
Q13151,Animals(M),IDP,Positive
Q13185,Animals(M),IDP,Positive
Q13188,Animals(M),IDP,Positive
Q13200,Animals(M),IDP,Positive
Q13206,Animals(M),IDP,Positive
Q13263,Animals(M),IDP,Positive
Q13283,Animals(M),IDP,Positive
Q13402,Animals(M),IDP,Positive
Q13415,Animals(M),IDP,Positive
Q13428,Animals(M),IDP,Positive
Q13435,Animals(M),IDP,Positive
Q13439,Animals(M),IDP,Positive
Q13485,Animals(M),IDP,Positive
Q13501,Animals(M),IDP,Positive
Q13526,Animals(M),IDP,Positive
Q13535,Animals(M),IDP,Positive
Q13542,Animals(M),IDP,Positive
Q13546,Animals(M),IDP,Positive
Q13547,Animals(M),IDP,Positive
Q13554,Animals(M),IDP,Positive
Q13569,Animals(M),IDP,Positive
Q13618,Animals(M),IDP,Positive
Q13627,Animals(M),IDP,Positive
Q13702,Animals(M),non-IDP,Positive
Q13772,Animals(M),IDP,Positive
Q13823,Animals(M),IDP,Positive
Q13838,Animals(M),IDP,Positive
Q13905,Animals(M),IDP,Positive
Q13950,Animals(M),IDP,Positive
Q14008,Animals(M),IDP,Positive
Q14011,Animals(M),IDP,Positive
Q14103,Animals(M),IDP,Positive
Q14145,Animals(M),non-IDP,Positive
Q14149,Animals(M),IDP,Positive
Q14152,Animals(M),IDP,Positive
Q14157,Animals(M),IDP,Positive
Q14190,Animals(M),IDP,Positive
Q14207,Animals(M),IDP,Positive
Q14247,Animals(M),IDP,Positive
Q14258,Animals(M),IDP,Positive
Q14296,Animals(M),IDP,Positive
Q14444,Animals(M),IDP,Positive
Q14498,Animals(M),IDP,Positive
Q14596,Animals(M),IDP,Positive
Q14653,Animals(M),IDP,Positive
Q14671,Animals(M),IDP,Positive
Q14676,Animals(M),IDP,Positive
Q14678,Animals(M),IDP,Positive
Q14684,Animals(M),IDP,Positive
Q14694,Animals(M),IDP,Positive
Q14781,Animals(M),IDP,Positive
Q14814,Animals(M),IDP,Positive
Q14974,Animals(M),non-IDP,Positive
Q14978,Animals(M),IDP,Positive
Q14BN4,Animals(M),IDP,Positive
Q15007,Animals(M),IDP,Positive
Q15022,Animals(M),IDP,Positive
Q15029,Animals(M),IDP,Positive
Q15038,Animals(M),IDP,Positive
Q15059,Animals(M),IDP,Positive
Q15154,Animals(M),IDP,Positive
Q15233,Animals(M),IDP,Positive
Q15287,Animals(M),IDP,Positive
Q15303,Animals(M),IDP,Positive
Q15424,Animals(M),IDP,Positive
Q15428,Animals(M),IDP,Positive
Q15436,Animals(M),non-IDP,Positive
Q15459,Animals(M),IDP,Positive
Q15466,Animals(M),non-IDP,Positive
Q15468,Animals(M),IDP,Positive
Q15532,Animals(M),IDP,Positive
Q15554,Animals(M),IDP,Positive
Q15561,Animals(M),IDP,Positive
Q15596,Animals(M),IDP,Positive
Q15637,Animals(M),IDP,Positive
Q15643,Animals(M),IDP,Positive
Q15648,Animals(M),IDP,Positive
Q15652,Animals(M),IDP,Positive
Q15672,Animals(M),IDP,Positive
Q15691,Animals(M),IDP,Positive
Q15717,Animals(M),non-IDP,Positive
Q15744,Animals(M),IDP,Positive
Q15759,Animals(M),IDP,Positive
Q15788,Animals(M),IDP,Positive
Q15796,Animals(M),IDP,Positive
Q15811,Animals(M),IDP,Positive
Q15910,Animals(M),IDP,Positive
Q16082,Animals(M),IDP,Positive
Q16143,Animals(M),IDP,Positive
Q16198,Animals(M),IDP,Positive
Q16204,Animals(M),IDP,Positive
Q16236,Animals(M),IDP,Positive
Q16273,Animals(M),IDP,Positive
Q16629,Animals(M),IDP,Positive
Q16630,Animals(M),IDP,Positive
Q16635,Animals(M),non-IDP,Positive
Q16637,Animals(M),IDP,Positive
Q16665,Animals(M),IDP,Positive
Q16775,Animals(M),IDP,Positive
Q16987,Animals(NM),IDP,Positive
Q17345,Animals(NM),non-IDP,Positive
Q17370,Animals(NM),IDP,Positive
Q17436,Animals(NM),IDP,Positive
Q17602,Animals(NM),IDP,Positive
Q17604,Animals(NM),IDP,Positive
Q17641,Animals(NM),non-IDP,Positive
Q17RY0,Animals(M),IDP,Positive
Q18509,Animals(NM),IDP,Positive
Q19731,Animals(NM),IDP,Positive
Q1DEM0,Prokaryotes,non-IDP,Positive
Q1KN24,Animals(NM),IDP,Positive
Q1PDV2,Plants,IDP,Positive
Q20374,Animals(NM),IDP,Positive
Q20757,Animals(NM),non-IDP,Positive
Q21049,Animals(NM),IDP,Positive
Q21126,Animals(NM),IDP,Positive
Q21351,Animals(NM),IDP,Positive
Q21814,Animals(NM),IDP,Positive
Q22037,Animals(NM),IDP,Positive
Q22038,Animals(NM),non-IDP,Positive
Q22053,Animals(NM),IDP,Positive
Q22366,Animals(NM),IDP,Positive
Q23390,Animals(NM),non-IDP,Positive
Q24009,Animals(NM),IDP,Positive
Q24168,Animals(NM),IDP,Positive
Q24169,Animals(NM),non-IDP,Positive
Q24564,Animals(NM),IDP,Positive
Q26454,Animals(NM),IDP,Positive
Q27433,Animals(NM),IDP,Positive
Q2HJ60,Animals(M),IDP,Positive
Q2HR80,Viruses,IDP,Positive
Q2HRC8,Viruses,non-IDP,Positive
Q2Q9Z6,Animals(NM),non-IDP,Positive
Q2QL90,Animals(M),non-IDP,Positive
Q31NB2,Prokaryotes,non-IDP,Positive
Q31NB3,Prokaryotes,non-IDP,Positive
Q32KD4,Animals(NM),IDP,Positive
Q32NB8,Animals(M),non-IDP,Positive
Q32P51,Animals(M),IDP,Positive
Q38796,Plants,IDP,Positive
Q38942,Plants,non-IDP,Positive
Q39214,Plants,non-IDP,Positive
Q3HNM7,Animals(M),non-IDP,Positive
Q3KP66,Animals(M),IDP,Positive
Q3LHL9,Animals(NM),IDP,Positive
Q3MK94,Plants,IDP,Positive
Q3TCV3,Animals(M),non-IDP,Positive
Q3TKT4,Animals(M),IDP,Positive
Q3TN34,Animals(M),IDP,Positive
Q3TXU6,Animals(M),IDP,Positive
Q3UHT7,Animals(M),IDP,Positive
Q3UK78,Animals(M),IDP,Positive
Q3UKC1,Animals(M),IDP,Positive
Q3URK3,Animals(M),IDP,Positive
Q3UXZ6,Animals(M),IDP,Positive
Q3YL59,Animals(NM),non-IDP,Positive
Q41372,Plants,non-IDP,Positive
Q43349,Plants,IDP,Positive
Q43386,Plants,IDP,Positive
Q46822,Prokaryotes,non-IDP,Positive
Q495M9,Animals(M),IDP,Positive
Q49MI3,Animals(M),IDP,Positive
Q4ACU6,Animals(M),IDP,Positive
Q4G061,Animals(M),IDP,Positive
Q4G0F5,Animals(M),non-IDP,Positive
Q4G0J3,Animals(M),IDP,Positive
Q4JIM5,Animals(M),IDP,Positive
Q4JQW6,Viruses,IDP,Positive
Q4QRB4,Animals(M),IDP,Positive
Q4VCS5,Animals(M),IDP,Positive
Q500V5,Plants,IDP,Positive
Q503D7,Animals(NM),IDP,Positive
Q504Q3,Animals(M),non-IDP,Positive
Q52KI8,Animals(M),IDP,Positive
Q53ET0,Animals(M),IDP,Positive
Q53GS7,Animals(M),IDP,Positive
Q53GS9,Animals(M),IDP,Positive
Q53HL2,Animals(M),IDP,Positive
Q55804,Prokaryotes,IDP,Positive
Q58A45,Animals(M),IDP,Positive
Q58EK5,Animals(NM),IDP,Positive
Q58EU6,Animals(M),IDP,Positive
Q59LY1,Fungi,IDP,Positive
Q59QW5,Fungi,IDP,Positive
Q59U10,Fungi,IDP,Positive
Q59X67,Fungi,IDP,Positive
Q5A0W9,Fungi,IDP,Positive
Q5A791,Fungi,IDP,Positive
Q5ADX8,Fungi,IDP,Positive
Q5AP80,Fungi,IDP,Positive
Q5BI67,Animals(NM),IDP,Positive
Q5BJU2,Animals(M),IDP,Positive
Q5EWX9,Animals(NM),IDP,Positive
Q5FBB7,Animals(M),IDP,Positive
Q5HYJ3,Animals(M),IDP,Positive
Q5JR59,Animals(M),IDP,Positive
Q5MQC6,Viruses,IDP,Positive
Q5NBX1,Animals(M),IDP,Positive
Q5NCY0,Animals(M),IDP,Positive
Q5PP75,Viruses,IDP,Positive
Q5PR68,Animals(M),IDP,Positive
Q5PSV9,Animals(M),IDP,Positive
Q5Q1N6,Viruses,non-IDP,Positive
Q5RKG9,Animals(M),IDP,Positive
Q5RKI1,Animals(M),IDP,Positive
Q5SU73,Animals(M),IDP,Positive
Q5SWW4,Animals(M),IDP,Positive
Q5T1M5,Animals(M),IDP,Positive
Q5T481,Animals(M),IDP,Positive
Q5T6F2,Animals(M),IDP,Positive
Q5T7N2,Animals(M),IDP,Positive
Q5TAX3,Animals(M),IDP,Positive
Q5TLG6,Animals(NM),non-IDP,Positive
Q5U4H9,Animals(M),non-IDP,Positive
Q5UIP0,Animals(M),IDP,Positive
Q5W0Q7,Animals(M),IDP,Positive
Q5XFW8,Animals(M),non-IDP,Positive
Q5XH16,Animals(NM),non-IDP,Positive
Q60049,Prokaryotes,non-IDP,Positive
Q60598,Animals(M),IDP,Positive
Q60610,Animals(M),IDP,Positive
Q60611,Animals(M),IDP,Positive
Q60612,Animals(M),non-IDP,Positive
Q60631,Animals(M),non-IDP,Positive
Q60668,Animals(M),IDP,Positive
Q60838,Animals(M),IDP,Positive
Q60855,Animals(M),IDP,Positive
Q60865,Animals(M),IDP,Positive
Q60953,Animals(M),IDP,Positive
Q61140,Animals(M),IDP,Positive
Q61164,Animals(M),IDP,Positive
Q61496,Animals(M),IDP,Positive
Q61545,Animals(M),IDP,Positive
Q61584,Animals(M),IDP,Positive
Q61602,Animals(M),IDP,Positive
Q61644,Animals(M),IDP,Positive
Q61686,Animals(M),IDP,Positive
Q61687,Animals(M),IDP,Positive
Q61937,Animals(M),IDP,Positive
Q62074,Animals(M),IDP,Positive
Q62093,Animals(M),IDP,Positive
Q62108,Animals(M),IDP,Positive
Q62277,Animals(M),IDP,Positive
Q62280,Animals(M),IDP,Positive
Q62376,Animals(M),IDP,Positive
Q62420,Animals(M),IDP,Positive
Q62768,Animals(M),IDP,Positive
Q63357,Animals(M),non-IDP,Positive
Q63531,Animals(M),IDP,Positive
Q63537,Animals(M),IDP,Positive
Q64028,Animals(M),IDP,Positive
Q64249,Animals(M),IDP,Positive
Q64332,Animals(M),IDP,Positive
Q64337,Animals(M),IDP,Positive
Q64364,Animals(M),IDP,Positive
Q68FF6,Animals(M),IDP,Positive
Q6DEC7,Animals(NM),IDP,Positive
Q6DH13,Animals(NM),non-IDP,Positive
Q6EEV6,Animals(M),IDP,Positive
Q6F380,Plants,non-IDP,Positive
Q6GLY6,Animals(NM),IDP,Positive
Q6GQW0,Animals(M),IDP,Positive
Q6IS14,Animals(M),non-IDP,Positive
Q6J5K9,Animals(NM),non-IDP,Positive
Q6LD62,Animals(M),IDP,Positive
Q6MZQ0,Animals(M),IDP,Positive
Q6NLV4,Plants,IDP,Positive
Q6NTE8,Animals(M),IDP,Positive
Q6NTV9,Animals(NM),non-IDP,Positive
Q6NU02,Animals(NM),IDP,Positive
Q6NUF4,Animals(NM),IDP,Positive
Q6NUN9,Animals(M),IDP,Positive
Q6NV05,Animals(NM),IDP,Positive
Q6NVF9,Animals(M),IDP,Positive
Q6NZJ6,Animals(M),IDP,Positive
Q6P2Q9,Animals(M),IDP,Positive
Q6P3L1,Animals(NM),IDP,Positive
Q6P3V8,Animals(M),non-IDP,Positive
Q6P6C2,Animals(M),IDP,Positive
Q6PAC3,Animals(M),IDP,Positive
Q6PAD2,Animals(NM),IDP,Positive
Q6PD62,Animals(M),IDP,Positive
Q6PDM1,Animals(M),IDP,Positive
Q6PDM2,Animals(M),IDP,Positive
Q6PDU1,Animals(M),IDP,Positive
Q6PFD9,Animals(M),IDP,Positive
Q6PFX9,Animals(M),IDP,Positive
Q6PH08,Animals(M),IDP,Positive
Q6PIF6,Animals(M),non-IDP,Positive
Q6Q1R8,Viruses,IDP,Positive
Q6Q783,Animals(M),IDP,Positive
Q6SZW1,Animals(M),IDP,Positive
Q6UVJ0,Animals(M),IDP,Positive
Q6UWE0,Animals(M),IDP,Positive
Q6WBA1,Viruses,non-IDP,Positive
Q6WCQ1,Animals(M),IDP,Positive
Q6ZMT4,Animals(M),IDP,Positive
Q6ZN16,Animals(M),IDP,Positive
Q6ZQ88,Animals(M),IDP,Positive
Q6ZQF0,Animals(M),IDP,Positive
Q6ZRV2,Animals(M),IDP,Positive
Q6ZUJ4,Animals(M),IDP,Positive
Q6ZWS8,Animals(M),non-IDP,Positive
Q70E73,Animals(M),IDP,Positive
Q71DI3,Animals(M),IDP,Positive
Q72H91,Prokaryotes,non-IDP,Positive
Q75E28,Fungi,IDP,Positive
Q75N33,Animals(M),IDP,Positive
Q769N4,Viruses,non-IDP,Positive
Q77372,Viruses,IDP,Positive
Q77DJ5,Viruses,IDP,Positive
Q77M42,Viruses,IDP,Positive
Q77X51,Viruses,non-IDP,Positive
Q79665,Viruses,IDP,Positive
Q79LN3,Prokaryotes,IDP,Positive
Q7BH47,Prokaryotes,non-IDP,Positive
Q7JVY2,Animals(NM),IDP,Positive
Q7K0L8,Animals(NM),IDP,Positive
Q7K2L1,Animals(NM),IDP,Positive
Q7KES3,Animals(NM),IDP,Positive
Q7KTV5,Animals(NM),IDP,Positive
Q7KZ85,Animals(M),IDP,Positive
Q7KZF4,Animals(M),IDP,Positive
Q7L8L6,Animals(M),non-IDP,Positive
Q7M6Y5,Animals(M),IDP,Positive
Q7T226,Animals(NM),IDP,Positive
Q7TMK9,Animals(M),IDP,Positive
Q7TN99,Animals(M),IDP,Positive
Q7TSH6,Animals(M),IDP,Positive
Q7XJE6,Plants,IDP,Positive
Q7YTS3,Animals(NM),non-IDP,Positive
Q7YU08,Animals(NM),IDP,Positive
Q7Z333,Animals(M),IDP,Positive
Q7Z3C6,Animals(M),IDP,Positive
Q7Z3E1,Animals(M),IDP,Positive
Q7Z417,Animals(M),IDP,Positive
Q7Z434,Animals(M),IDP,Positive
Q7Z5P4,Animals(M),non-IDP,Positive
Q7Z5Q1,Animals(M),IDP,Positive
Q7Z6E9,Animals(M),IDP,Positive
Q7Z739,Animals(M),IDP,Positive
Q7ZTZ4,Animals(NM),IDP,Positive
Q7ZUL7,Animals(NM),non-IDP,Positive
Q7ZXV8,Animals(NM),IDP,Positive
Q7ZY69,Animals(NM),IDP,Positive
Q80TS7,Animals(M),IDP,Positive
Q80UW2,Animals(M),IDP,Positive
Q80X82,Animals(M),IDP,Positive
Q80XP8,Animals(M),IDP,Positive
Q80Z37,Animals(M),IDP,Positive
Q80ZI1,Animals(M),IDP,Positive
Q811U3,Animals(M),IDP,Positive
Q84GE1,Prokaryotes,IDP,Positive
Q84LH8,Plants,IDP,Positive
Q84M97,Plants,IDP,Positive
Q84TD8,Plants,IDP,Positive
Q86DA5,Animals(NM),IDP,Positive
Q86NX9,Animals(NM),IDP,Positive
Q86U42,Animals(M),IDP,Positive
Q86U44,Animals(M),IDP,Positive
Q86U86,Animals(M),IDP,Positive
Q86V81,Animals(M),IDP,Positive
Q86VP1,Animals(M),IDP,Positive
Q86WV6,Animals(M),IDP,Positive
Q86X55,Animals(M),IDP,Positive
Q86XR8,Animals(M),IDP,Positive
Q86Y26,Animals(M),IDP,Positive
Q86YF9,Animals(M),IDP,Positive
Q86YM7,Animals(M),IDP,Positive
Q86YR5,Animals(M),IDP,Positive
Q8AZK7,Viruses,IDP,Positive
Q8B9Q8,Viruses,IDP,Positive
Q8BGT7,Animals(M),IDP,Positive
Q8BUE4,Animals(M),non-IDP,Positive
Q8BX10,Animals(M),non-IDP,Positive
Q8C1B1,Animals(M),IDP,Positive
Q8C1S0,Animals(M),IDP,Positive
Q8C2Q3,Animals(M),IDP,Positive
Q8C6L5,Animals(M),IDP,Positive
Q8CB77,Animals(M),IDP,Positive
Q8CCI5,Animals(M),IDP,Positive
Q8CCS6,Animals(M),IDP,Positive
Q8CDG1,Animals(M),IDP,Positive
Q8GJM6,Prokaryotes,non-IDP,Positive
Q8GW31,Plants,IDP,Positive
Q8GYN5,Plants,IDP,Positive
Q8H1D2,Plants,IDP,Positive
Q8IQ92,Animals(NM),IDP,Positive
Q8IQJ5,Animals(NM),IDP,Positive
Q8IU60,Animals(M),IDP,Positive
Q8IU81,Animals(M),IDP,Positive
Q8IUD2,Animals(M),IDP,Positive
Q8IUH3,Animals(M),non-IDP,Positive
Q8IWJ2,Animals(M),IDP,Positive
Q8IX03,Animals(M),IDP,Positive
Q8IXH7,Animals(M),IDP,Positive
Q8IXJ9,Animals(M),IDP,Positive
Q8IXK0,Animals(M),IDP,Positive
Q8IY92,Animals(M),IDP,Positive
Q8IYB3,Animals(M),IDP,Positive
Q8IYT8,Animals(M),IDP,Positive
Q8IZA3,Animals(M),IDP,Positive
Q8IZH2,Animals(M),IDP,Positive
Q8JXF6,Viruses,non-IDP,Positive
Q8K310,Animals(M),IDP,Positive
Q8K3M6,Animals(M),IDP,Positive
Q8K3X6,Animals(M),IDP,Positive
Q8K3Y3,Animals(M),IDP,Positive
Q8L3W1,Plants,IDP,Positive
Q8L3X8,Plants,IDP,Positive
Q8L4A7,Plants,non-IDP,Positive
Q8L793,Plants,IDP,Positive
Q8LGS1,Plants,IDP,Positive
Q8LPQ9,Plants,IDP,Positive
Q8MQE6,Animals(NM),IDP,Positive
Q8MT06,Animals(NM),IDP,Positive
Q8N0X7,Animals(M),IDP,Positive
Q8N114,Animals(M),non-IDP,Positive
Q8N302,Animals(M),IDP,Positive
Q8N5C8,Animals(M),IDP,Positive
Q8N726,Animals(M),IDP,Positive
Q8N884,Animals(M),IDP,Positive
Q8N8E3,Animals(M),IDP,Positive
Q8NB46,Animals(M),IDP,Positive
Q8NBT0,Animals(M),IDP,Positive
Q8NC51,Animals(M),IDP,Positive
Q8NC56,Animals(M),IDP,Positive
Q8NCB2,Animals(M),IDP,Positive
Q8ND24,Animals(M),IDP,Positive
Q8ND56,Animals(M),IDP,Positive
Q8NDF8,Animals(M),IDP,Positive
Q8NDX5,Animals(M),IDP,Positive
Q8NE35,Animals(M),IDP,Positive
Q8NFD5,Animals(M),IDP,Positive
Q8NFU5,Animals(M),IDP,Positive
Q8NFZ5,Animals(M),IDP,Positive
Q8NHQ8,Animals(M),IDP,Positive
Q8NI35,Animals(M),IDP,Positive
Q8QGG8,Animals(NM),IDP,Positive
Q8R326,Animals(M),IDP,Positive
Q8RY71,Plants,non-IDP,Positive
Q8RYC8,Plants,IDP,Positive
Q8SWR8,Animals(NM),IDP,Positive
Q8SXP8,Animals(NM),IDP,Positive
Q8T0S6,Animals(NM),IDP,Positive
Q8TAQ2,Animals(M),IDP,Positive
Q8TB72,Animals(M),IDP,Positive
Q8TC44,Animals(M),IDP,Positive
Q8TC71,Animals(M),IDP,Positive
Q8TCF1,Animals(M),non-IDP,Positive
Q8TCS8,Animals(M),non-IDP,Positive
Q8TD16,Animals(M),IDP,Positive
Q8TD31,Animals(M),IDP,Positive
Q8TDY2,Animals(M),IDP,Positive
Q8TEM1,Animals(M),non-IDP,Positive
Q8VCF0,Animals(M),IDP,Positive
Q8VD46,Animals(M),non-IDP,Positive
Q8VDS3,Animals(M),IDP,Positive
Q8VDU0,Animals(M),IDP,Positive
Q8VHH7,Animals(M),IDP,Positive
Q8VI36,Animals(M),IDP,Positive
Q8VI94,Animals(M),non-IDP,Positive
Q8VWK4,Plants,IDP,Positive
Q8VY74,Plants,IDP,Positive
Q8VYU8,Plants,IDP,Positive
Q8VZG7,Plants,IDP,Positive
Q8W034,Plants,IDP,Positive
Q8W234,Plants,IDP,Positive
Q8WQE8,Animals(NM),IDP,Positive
Q8WUK0,Animals(M),non-IDP,Positive
Q8WUM0,Animals(M),IDP,Positive
Q8WUM4,Animals(M),IDP,Positive
Q8WV28,Animals(M),IDP,Positive
Q8WVC0,Animals(M),IDP,Positive
Q8WWM7,Animals(M),IDP,Positive
Q8WXF1,Animals(M),IDP,Positive
Q8WYQ5,Animals(M),IDP,Positive
Q90W60,Animals(NM),IDP,Positive
Q91349,Animals(NM),IDP,Positive
Q91820,Animals(NM),IDP,Positive
Q91VC3,Animals(M),non-IDP,Positive
Q91VR7,Animals(M),non-IDP,Positive
Q91WF0,Animals(M),non-IDP,Positive
Q91WJ7,Animals(M),IDP,Positive
Q91XB0,Animals(M),IDP,Positive
Q91YD9,Animals(M),IDP,Positive
Q91YT7,Animals(M),IDP,Positive
Q91Z69,Animals(M),IDP,Positive
Q91Z79,Animals(M),IDP,Positive
Q91Z96,Animals(M),IDP,Positive
Q921F2,Animals(M),IDP,Positive
Q92499,Animals(M),non-IDP,Positive
Q924H2,Animals(M),IDP,Positive
Q92522,Animals(M),IDP,Positive
Q92547,Animals(M),IDP,Positive
Q92570,Animals(M),IDP,Positive
Q92576,Animals(M),IDP,Positive
Q92598,Animals(M),IDP,Positive
Q925J9,Animals(M),IDP,Positive
Q92621,Animals(M),non-IDP,Positive
Q92646,Animals(M),non-IDP,Positive
Q92729,Animals(M),IDP,Positive
Q92734,Animals(M),IDP,Positive
Q92777,Animals(M),IDP,Positive
Q92793,Animals(M),IDP,Positive
Q92794,Animals(M),IDP,Positive
Q92804,Animals(M),IDP,Positive
Q92805,Animals(M),IDP,Positive
Q92830,Animals(M),IDP,Positive
Q92878,Animals(M),IDP,Positive
Q92879,Animals(M),IDP,Positive
Q92934,Animals(M),IDP,Positive
Q92973,Animals(M),IDP,Positive
Q92985,Animals(M),IDP,Positive
Q92993,Animals(M),IDP,Positive
Q92997,Animals(M),IDP,Positive
Q93062,Animals(M),IDP,Positive
Q93074,Animals(M),IDP,Positive
Q93413,Animals(NM),IDP,Positive
Q93ZJ9,Plants,IDP,Positive
Q940B8,Plants,IDP,Positive
Q94AH9,Plants,IDP,Positive
Q94AI4,Plants,IDP,Positive
Q94ET8,Plants,IDP,Positive
Q95QV8,Animals(NM),IDP,Positive
Q95XR4,Animals(NM),IDP,Positive
Q95YF3,Animals(NM),non-IDP,Positive
Q960N6,Animals(NM),IDP,Positive
Q96524,Plants,IDP,Positive
Q965H3,Animals(NM),IDP,Positive
Q966L9,Animals(NM),IDP,Positive
Q969Q1,Animals(M),IDP,Positive
Q96AC1,Animals(M),IDP,Positive
Q96AH0,Animals(M),IDP,Positive
Q96B01,Animals(M),IDP,Positive
Q96B36,Animals(M),IDP,Positive
Q96B97,Animals(M),IDP,Positive
Q96BW9,Animals(M),non-IDP,Positive
Q96BY2,Animals(M),non-IDP,Positive
Q96C19,Animals(M),IDP,Positive
Q96CF2,Animals(M),IDP,Positive
Q96CN9,Animals(M),IDP,Positive
Q96CV9,Animals(M),IDP,Positive
Q96CW5,Animals(M),IDP,Positive
Q96EP5,Animals(M),IDP,Positive
Q96GD4,Animals(M),non-IDP,Positive
Q96GM5,Animals(M),IDP,Positive
Q96I24,Animals(M),IDP,Positive
Q96J02,Animals(M),IDP,Positive
Q96J94,Animals(M),IDP,Positive
Q96JY0,Animals(M),IDP,Positive
Q96L73,Animals(M),IDP,Positive
Q96LT7,Animals(M),non-IDP,Positive
Q96MT8,Animals(M),IDP,Positive
Q96MU7,Animals(M),IDP,Positive
Q96NC0,Animals(M),IDP,Positive
Q96PK6,Animals(M),IDP,Positive
Q96PV0,Animals(M),IDP,Positive
Q96QE5,Animals(M),non-IDP,Positive
Q96RE7,Animals(M),IDP,Positive
Q96RN5,Animals(M),IDP,Positive
Q96RR4,Animals(M),IDP,Positive
Q96T37,Animals(M),IDP,Positive
Q99383,Fungi,IDP,Positive
Q99459,Animals(M),IDP,Positive
Q99496,Animals(M),IDP,Positive
Q99497,Animals(M),non-IDP,Positive
Q99551,Animals(M),non-IDP,Positive
Q99567,Animals(M),non-IDP,Positive
Q99638,Animals(M),IDP,Positive
Q99661,Animals(M),IDP,Positive
Q99683,Animals(M),IDP,Positive
Q99700,Animals(M),IDP,Positive
Q99729,Animals(M),IDP,Positive
Q99873,Animals(M),non-IDP,Positive
Q99JP6,Animals(M),IDP,Positive
Q99K10,Animals(M),IDP,Positive
Q99K43,Animals(M),IDP,Positive
Q99K48,Animals(M),IDP,Positive
Q99M51,Animals(M),non-IDP,Positive
Q99MI1,Animals(M),IDP,Positive
Q99MV1,Animals(M),IDP,Positive
Q99NB9,Animals(M),IDP,Positive
Q99NH2,Animals(M),IDP,Positive
Q99PV0,Animals(M),IDP,Positive
Q9A6C1,Prokaryotes,IDP,Positive
Q9A749,Prokaryotes,IDP,Positive
Q9A8N4,Prokaryotes,IDP,Positive
Q9ASS2,Plants,IDP,Positive
Q9BJZ5,Animals(NM),IDP,Positive
Q9BPW5,Animals(M),IDP,Positive
Q9BQ15,Animals(M),IDP,Positive
Q9BQQ3,Animals(M),IDP,Positive
Q9BR39,Animals(M),IDP,Positive
Q9BRQ8,Animals(M),non-IDP,Positive
Q9BSI4,Animals(M),IDP,Positive
Q9BTA9,Animals(M),IDP,Positive
Q9BU76,Animals(M),IDP,Positive
Q9BUR4,Animals(M),IDP,Positive
Q9BW19,Animals(M),IDP,Positive
Q9BWF3,Animals(M),non-IDP,Positive
Q9BX40,Animals(M),IDP,Positive
Q9BX63,Animals(M),IDP,Positive
Q9BXP5,Animals(M),IDP,Positive
Q9BXT4,Animals(M),IDP,Positive
Q9BXU1,Animals(M),non-IDP,Positive
Q9BYB0,Animals(M),IDP,Positive
Q9BYJ9,Animals(M),IDP,Positive
Q9BYW2,Animals(M),IDP,Positive
Q9BZB8,Animals(M),IDP,Positive
Q9BZK7,Animals(M),IDP,Positive
Q9C658,Plants,IDP,Positive
Q9CAN3,Plants,IDP,Positive
Q9CQA5,Animals(M),IDP,Positive
Q9CQJ4,Animals(M),IDP,Positive
Q9CR57,Animals(M),IDP,Positive
Q9CWH0,Animals(M),IDP,Positive
Q9CZD3,Animals(M),non-IDP,Positive
Q9CZW6,Animals(M),IDP,Positive
Q9D1F5,Animals(M),IDP,Positive
Q9D415,Animals(M),IDP,Positive
Q9D8E6,Animals(M),IDP,Positive
Q9D8Y0,Animals(M),IDP,Positive
Q9DBJ3,Animals(M),IDP,Positive
Q9EPH8,Animals(M),IDP,Positive
Q9EPK5,Animals(M),IDP,Positive
Q9ERZ4,Animals(M),IDP,Positive
Q9ES28,Animals(M),IDP,Positive
Q9ES64,Animals(M),IDP,Positive
Q9ESU6,Animals(M),IDP,Positive
Q9FFK6,Plants,IDP,Positive
Q9FJR0,Plants,IDP,Positive
Q9FJX6,Plants,IDP,Positive
Q9FKT1,Plants,non-IDP,Positive
Q9FKW0,Plants,IDP,Positive
Q9FKW2,Plants,IDP,Positive
Q9FLT0,Plants,IDP,Positive
Q9FQ04,Plants,IDP,Positive
Q9FWS3,Plants,IDP,Positive
Q9FXH7,Plants,IDP,Positive
Q9FZB2,Plants,IDP,Positive
Q9GKN6,Animals(M),IDP,Positive
Q9GZQ8,Animals(M),non-IDP,Positive
Q9GZR7,Animals(M),IDP,Positive
Q9GZU8,Animals(M),IDP,Positive
Q9GZV5,Animals(M),IDP,Positive
Q9H0D6,Animals(M),IDP,Positive
Q9H0E2,Animals(M),non-IDP,Positive
Q9H0J9,Animals(M),IDP,Positive
Q9H0L4,Animals(M),IDP,Positive
Q9H171,Animals(M),IDP,Positive
Q9H211,Animals(M),IDP,Positive
Q9H257,Animals(M),IDP,Positive
Q9H2A3,Animals(M),IDP,Positive
Q9H2X6,Animals(M),IDP,Positive
Q9H334,Animals(M),IDP,Positive
Q9H3F6,Animals(M),non-IDP,Positive
Q9H3P2,Animals(M),IDP,Positive
Q9H3S7,Animals(M),IDP,Positive
Q9H3U5,Animals(M),non-IDP,Positive
Q9H444,Animals(M),IDP,Positive
Q9H461,Animals(M),IDP,Positive
Q9H4A3,Animals(M),IDP,Positive
Q9H4B6,Animals(M),IDP,Positive
Q9H4G4,Animals(M),non-IDP,Positive
Q9H5I1,Animals(M),non-IDP,Positive
Q9H5P4,Animals(M),IDP,Positive
Q9H5Q4,Animals(M),non-IDP,Positive
Q9H6S1,Animals(M),IDP,Positive
Q9H7E2,Animals(M),IDP,Positive
Q9H7Z6,Animals(M),IDP,Positive
Q9H8W2,Animals(M),IDP,Positive
Q9H8Y8,Animals(M),IDP,Positive
Q9H9G7,Animals(M),non-IDP,Positive
Q9H9J4,Animals(M),IDP,Positive
Q9H9S0,Animals(M),IDP,Positive
Q9HB58,Animals(M),IDP,Positive
Q9HBL0,Animals(M),IDP,Positive
Q9HC16,Animals(M),non-IDP,Positive
Q9HC35,Animals(M),IDP,Positive
Q9HC52,Animals(M),IDP,Positive
Q9HC98,Animals(M),IDP,Positive
Q9HCE1,Animals(M),IDP,Positive
Q9HCE5,Animals(M),IDP,Positive
Q9HCE7,Animals(M),IDP,Positive
Q9HCK5,Animals(M),non-IDP,Positive
Q9JIH7,Animals(M),IDP,Positive
Q9JIM4,Animals(M),IDP,Positive
Q9JIR0,Animals(M),IDP,Positive
Q9JIR1,Animals(M),IDP,Positive
Q9JIR4,Animals(M),IDP,Positive
Q9JJ11,Animals(M),IDP,Positive
Q9JJ48,Animals(M),IDP,Positive
Q9JJN6,Animals(M),non-IDP,Positive
Q9JK83,Animals(M),IDP,Positive
Q9JKK8,Animals(M),non-IDP,Positive
Q9JLU4,Animals(M),IDP,Positive
Q9JMB7,Animals(M),IDP,Positive
Q9JMD0,Animals(M),IDP,Positive
Q9LD45,Plants,non-IDP,Positive
Q9LDX1,Plants,IDP,Positive
Q9LFF6,Plants,IDP,Positive
Q9LJE5,Plants,IDP,Positive
Q9LKA5,Plants,IDP,Positive
Q9LQQ2,Plants,non-IDP,Positive
Q9LQZ5,Plants,IDP,Positive
Q9LU77,Plants,IDP,Positive
Q9LUS7,Plants,non-IDP,Positive
Q9LY00,Plants,IDP,Positive
Q9LY75,Plants,IDP,Positive
Q9LYG9,Plants,IDP,Positive
Q9M1K0,Plants,non-IDP,Positive
Q9N303,Animals(NM),IDP,Positive
Q9N3P1,Animals(NM),IDP,Positive
Q9NEM5,Animals(NM),IDP,Positive
Q9NP98,Animals(M),IDP,Positive
Q9NPI6,Animals(M),IDP,Positive
Q9NQG5,Animals(M),IDP,Positive
Q9NQI0,Animals(M),IDP,Positive
Q9NQS7,Animals(M),IDP,Positive
Q9NQW6,Animals(M),IDP,Positive
Q9NR30,Animals(M),IDP,Positive
Q9NR56,Animals(M),non-IDP,Positive
Q9NRA8,Animals(M),IDP,Positive
Q9NRM7,Animals(M),IDP,Positive
Q9NRR5,Animals(M),IDP,Positive
Q9NS56,Animals(M),IDP,Positive
Q9NSC5,Animals(M),IDP,Positive
Q9NSU2,Animals(M),IDP,Positive
Q9NSV4,Animals(M),IDP,Positive
Q9NTZ6,Animals(M),IDP,Positive
Q9NUD5,Animals(M),IDP,Positive
Q9NUL3,Animals(M),IDP,Positive
Q9NUU7,Animals(M),IDP,Positive
Q9NUX5,Animals(M),non-IDP,Positive
Q9NVM6,Animals(M),IDP,Positive
Q9NVP1,Animals(M),IDP,Positive
Q9NWB1,Animals(M),IDP,Positive
Q9NWF9,Animals(M),IDP,Positive
Q9NWS1,Animals(M),IDP,Positive
Q9NX01,Animals(M),non-IDP,Positive
Q9NX09,Animals(M),IDP,Positive
Q9NYB0,Animals(M),IDP,Positive
Q9NYF0,Animals(M),IDP,Positive
Q9NYJ8,Animals(M),IDP,Positive
Q9NZB2,Animals(M),IDP,Positive
Q9NZI8,Animals(M),IDP,Positive
Q9NZM5,Animals(M),IDP,Positive
Q9P0U3,Animals(M),IDP,Positive
Q9P202,Animals(M),IDP,Positive
Q9P275,Animals(M),IDP,Positive
Q9P7H0,Fungi,non-IDP,Positive
Q9P805,Fungi,non-IDP,Positive
Q9PT63,Animals(NM),IDP,Positive
Q9PUD9,Animals(NM),IDP,Positive
Q9PVZ2,Animals(NM),IDP,Positive
Q9QUH6,Animals(M),IDP,Positive
Q9QXV0,Animals(M),IDP,Positive
Q9QY15,Animals(M),IDP,Positive
Q9QY16,Animals(M),IDP,Positive
Q9QZM0,Animals(M),IDP,Positive
Q9QZS3,Animals(M),IDP,Positive
Q9R0L6,Animals(M),IDP,Positive
Q9R1Z8,Animals(M),IDP,Positive
Q9S814,Plants,IDP,Positive
Q9SAF6,Plants,IDP,Positive
Q9SB64,Plants,IDP,Positive
Q9SCZ4,Plants,IDP,Positive
Q9SE97,Plants,IDP,Positive
Q9SG02,Plants,non-IDP,Positive
Q9SIS3,Plants,IDP,Positive
Q9SJF3,Plants,IDP,Positive
Q9SL49,Plants,IDP,Positive
Q9SLB9,Plants,IDP,Positive
Q9SNB8,Plants,IDP,Positive
Q9SP32,Plants,IDP,Positive
Q9SQK3,Plants,IDP,Positive
Q9SQV1,Plants,IDP,Positive
Q9SRY3,Plants,non-IDP,Positive
Q9SWA6,Plants,non-IDP,Positive
Q9SX79,Plants,IDP,Positive
Q9SYX2,Plants,IDP,Positive
Q9TXM1,Animals(NM),IDP,Positive
Q9TYK1,Animals(NM),IDP,Positive
Q9TZK8,Animals(NM),IDP,Positive
Q9TZL8,Animals(NM),non-IDP,Positive
Q9TZQ3,Animals(NM),IDP,Positive
Q9U2B8,Animals(NM),non-IDP,Positive
Q9U2F5,Animals(NM),IDP,Positive
Q9U3A0,Animals(NM),non-IDP,Positive
Q9U489,Animals(NM),IDP,Positive
Q9UBK2,Animals(M),IDP,Positive
Q9UBN7,Animals(M),IDP,Positive
Q9UBT2,Animals(M),IDP,Positive
Q9UBU9,Animals(M),IDP,Positive
Q9UDY2,Animals(M),IDP,Positive
Q9UDY8,Animals(M),IDP,Positive
Q9UER7,Animals(M),IDP,Positive
Q9UGP4,Animals(M),IDP,Positive
Q9UH73,Animals(M),IDP,Positive
Q9UHB7,Animals(M),IDP,Positive
Q9UHD2,Animals(M),non-IDP,Positive
Q9UHD9,Animals(M),IDP,Positive
Q9UHR4,Animals(M),IDP,Positive
Q9UHY1,Animals(M),IDP,Positive
Q9UIS9,Animals(M),IDP,Positive
Q9UIV1,Animals(M),non-IDP,Positive
Q9UJ70,Animals(M),non-IDP,Positive
Q9UJA2,Animals(M),non-IDP,Positive
Q9UJU2,Animals(M),IDP,Positive
Q9UJW0,Animals(M),IDP,Positive
Q9UJY1,Animals(M),IDP,Positive
Q9UKV8,Animals(M),IDP,Positive
Q9UKX7,Animals(M),IDP,Positive
Q9UL18,Animals(M),non-IDP,Positive
Q9ULM6,Animals(M),IDP,Positive
Q9UM54,Animals(M),IDP,Positive
Q9UM73,Animals(M),IDP,Positive
Q9UMQ5,Animals(M),IDP,Positive
Q9UMS4,Animals(M),non-IDP,Positive
Q9UMX0,Animals(M),IDP,Positive
Q9UN81,Animals(M),IDP,Positive
Q9UN86,Animals(M),IDP,Positive
Q9UNE7,Animals(M),IDP,Positive
Q9UNQ2,Animals(M),IDP,Positive
Q9UPQ9,Animals(M),IDP,Positive
Q9UPU9,Animals(M),IDP,Positive
Q9UPY8,Animals(M),IDP,Positive
Q9UQ35,Animals(M),IDP,Positive
Q9UQB8,Animals(M),IDP,Positive
Q9UTE3,Fungi,IDP,Positive
Q9V461,Animals(NM),IDP,Positive
Q9V7U0,Animals(NM),IDP,Positive
Q9VB22,Animals(NM),IDP,Positive
Q9VBP3,Animals(NM),IDP,Positive
Q9VCH5,Animals(NM),IDP,Positive
Q9VCR6,Animals(NM),IDP,Positive
Q9VCU6,Animals(NM),IDP,Positive
Q9VCU7,Animals(NM),IDP,Positive
Q9VD51,Animals(NM),IDP,Positive
Q9VFP5,Animals(NM),non-IDP,Positive
Q9VGW6,Animals(NM),non-IDP,Positive
Q9VHG5,Animals(NM),IDP,Positive
Q9VHG6,Animals(NM),non-IDP,Positive
Q9VHP0,Animals(NM),IDP,Positive
Q9VL52,Animals(NM),IDP,Positive
Q9VMA3,Animals(NM),IDP,Positive
Q9VNF8,Animals(NM),IDP,Positive
Q9VSM9,Animals(NM),IDP,Positive
Q9VVI2,Animals(NM),IDP,Positive
Q9VVX0,Animals(NM),IDP,Positive
Q9W102,Animals(NM),non-IDP,Positive
Q9W1V3,Animals(NM),IDP,Positive
Q9W363,Animals(NM),IDP,Positive
Q9W4I7,Animals(NM),IDP,Positive
Q9W4W2,Animals(NM),IDP,Positive
Q9W4Z9,Animals(NM),non-IDP,Positive
Q9WTK0,Animals(M),IDP,Positive
Q9WU42,Animals(M),IDP,Positive
Q9WVE9,Animals(M),IDP,Positive
Q9WVQ1,Animals(M),IDP,Positive
Q9XFR5,Plants,IDP,Positive
Q9XTF3,Animals(NM),IDP,Positive
Q9XTT4,Animals(NM),IDP,Positive
Q9XUB2,Animals(NM),IDP,Positive
Q9XUS9,Animals(NM),IDP,Positive
Q9XW17,Animals(NM),IDP,Positive
Q9XW62,Animals(NM),IDP,Positive
Q9XYU0,Animals(NM),non-IDP,Positive
Q9XYU1,Animals(NM),IDP,Positive
Q9Y0H4,Animals(NM),IDP,Positive
Q9Y1B2,Animals(NM),IDP,Positive
Q9Y230,Animals(M),non-IDP,Positive
Q9Y232,Animals(M),IDP,Positive
Q9Y255,Animals(M),non-IDP,Positive
Q9Y265,Animals(M),non-IDP,Positive
Q9Y272,Animals(M),non-IDP,Positive
Q9Y2J0,Animals(M),IDP,Positive
Q9Y2K7,Animals(M),IDP,Positive
Q9Y2N7,Animals(M),IDP,Positive
Q9Y2X0,Animals(M),IDP,Positive
Q9Y2X3,Animals(M),IDP,Positive
Q9Y3B7,Animals(M),non-IDP,Positive
Q9Y3I0,Animals(M),non-IDP,Positive
Q9Y490,Animals(M),IDP,Positive
Q9Y4F3,Animals(M),IDP,Positive
Q9Y4G6,Animals(M),IDP,Positive
Q9Y4I1,Animals(M),IDP,Positive
Q9Y4K3,Animals(M),non-IDP,Positive
Q9Y572,Animals(M),IDP,Positive
Q9Y5A9,Animals(M),IDP,Positive
Q9Y5K6,Animals(M),IDP,Positive
Q9Y624,Animals(M),non-IDP,Positive
Q9Y649,Animals(M),non-IDP,Positive
Q9Y657,Animals(M),IDP,Positive
Q9Y6K9,Animals(M),IDP,Positive
Q9Y6M1,Animals(M),IDP,Positive
Q9Y6N9,Animals(M),IDP,Positive
Q9Y6Q9,Animals(M),IDP,Positive
Q9Y6Y0,Animals(M),IDP,Positive
Q9YS22,Viruses,non-IDP,Positive
Q9YS28,Viruses,IDP,Positive
Q9Z214,Animals(M),IDP,Positive
Q9Z2C8,Animals(M),IDP,Positive
Q9Z2D6,Animals(M),IDP,Positive
Q9Z2J9,Animals(M),IDP,Positive
Q9Z2X5,Animals(M),IDP,Positive
Q9Z2Y3,Animals(M),IDP,Positive
Q9Z340,Animals(M),IDP,Positive
Q9ZG88,Prokaryotes,IDP,Positive
Q9ZNS0,Plants,non-IDP,Positive
Q9ZSZ8,Plants,IDP,Positive
Q9ZUF4,Plants,IDP,Positive
Q9ZVD0,Plants,IDP,Positive
Q9ZVH4,Plants,non-IDP,Positive
R4GEN3,Animals(NM),IDP,Positive
S5DU62,Viruses,IDP,Positive
U5QDB5,Prokaryotes,IDP,Positive
U5QDF4,Prokaryotes,non-IDP,Positive
V9GYY5,Animals(M),IDP,Positive
W1QJL2,Fungi,non-IDP,Positive
A0A023FFD0,Animals(NM),IDP,Negative
A0A023PXD3,Fungi,IDP,Negative
A0A023PXF5,Fungi,non-IDP,Negative
A0A023PXQ4,Fungi,non-IDP,Negative
A0A023PXQ9,Fungi,IDP,Negative
A0A023PYI5,Fungi,IDP,Negative
A0A023PYJ4,Fungi,non-IDP,Negative
A0A023PZE4,Fungi,IDP,Negative
A0A023PZH1,Fungi,IDP,Negative
A0A023PZI1,Fungi,IDP,Negative
A0A023VZR2,Animals(NM),IDP,Negative
A0A024FA41,Fungi,IDP,Negative
A0A024SMV2,Fungi,non-IDP,Negative
A0A060L4I9,Plants,non-IDP,Negative
A0A068A9T3,Fungi,IDP,Negative
A0A072ULZ1,Plants,IDP,Negative
A0A075B6T7,Animals(M),non-IDP,Negative
A0A075B734,Animals(M),non-IDP,Negative
A0A084B9Y9,Fungi,non-IDP,Negative
A0A084B9Z2,Fungi,non-IDP,Negative
A0A086F3E3,Prokaryotes,non-IDP,Negative
A0A087WPF7,Animals(M),IDP,Negative
A0A087WRI3,Animals(M),IDP,Negative
A0A087WRU1,Animals(M),IDP,Negative
A0A087WT03,Animals(M),non-IDP,Negative
A0A087WTH1,Animals(M),IDP,Negative
A0A087WV53,Animals(M),IDP,Negative
A0A087WWA1,Animals(M),IDP,Negative
A0A088MLT8,Animals(M),IDP,Negative
A0A089FNE5,Fungi,IDP,Negative
A0A096LP01,Animals(M),IDP,Negative
A0A096LP49,Animals(M),IDP,Negative
A0A097I2D0,Viruses,IDP,Negative
A0A097SRV6,Viruses,IDP,Negative
A0A0A2IDH4,Fungi,IDP,Negative
A0A0A2IRW3,Fungi,IDP,Negative
A0A0A2J9B3,Fungi,IDP,Negative
A0A0A2JVC2,Fungi,IDP,Negative
A0A0A2K2W7,Fungi,non-IDP,Negative
A0A0A6YY25,Animals(M),IDP,Negative
A0A0A6YYD4,Animals(M),non-IDP,Negative
A0A0B4G504,Fungi,non-IDP,Negative
A0A0B4J1F4,Animals(M),IDP,Negative
A0A0B4J234,Animals(M),non-IDP,Negative
A0A0B4J2F0,Animals(M),IDP,Negative
A0A0B7P9G0,Animals(NM),IDP,Negative
A0A0D1C8C8,Fungi,IDP,Negative
A0A0D1C8Z4,Fungi,IDP,Negative
A0A0D1CHL0,Fungi,IDP,Negative
A0A0D1CKI0,Fungi,IDP,Negative
A0A0D1CVS5,Fungi,IDP,Negative
A0A0D1DMJ7,Fungi,IDP,Negative
A0A0D1DZT6,Fungi,IDP,Negative
A0A0D1E9B9,Fungi,IDP,Negative
A0A0E0RXA9,Fungi,IDP,Negative
A0A0E0SP71,Fungi,IDP,Negative
A0A0F7GG06,Fungi,IDP,Negative
A0A0F7GG11,Fungi,non-IDP,Negative
A0A0G2JTY4,Animals(M),IDP,Negative
A0A0G2K6Z9,Animals(M),IDP,Negative
A0A0G2KIZ8,Animals(NM),IDP,Negative
A0A0H2XI99,Prokaryotes,IDP,Negative
A0A0H3PJL7,Prokaryotes,non-IDP,Negative
A0A0J9YWL9,Animals(M),IDP,Negative
A0A0J9YX57,Animals(M),IDP,Negative
A0A0J9YXQ4,Animals(M),IDP,Negative
A0A0J9YXV3,Animals(M),IDP,Negative
A0A0K0K1B3,Animals(M),non-IDP,Negative
A0A0M3U1B0,Animals(M),IDP,Negative
A0A0N6WHT4,Animals(NM),IDP,Negative
A0A0N7D483,Fungi,IDP,Negative
A0A0N7D7C9,Fungi,IDP,Negative
A0A0R4IM31,Animals(NM),IDP,Negative
A0A0R4IP11,Animals(NM),IDP,Negative
A0A0U1RPR8,Animals(M),IDP,Negative
A0A0U1RQF7,Animals(M),IDP,Negative
A0A0U1RQG5,Animals(M),IDP,Negative
A0A0U1RQI7,Animals(M),IDP,Negative
A0A0U1RQS6,Animals(M),IDP,Negative
A0A0U1RR11,Animals(M),IDP,Negative
A0A0U1RR37,Animals(M),IDP,Negative
A0A0U1RRK4,Animals(M),IDP,Negative
A0A0U1RRL7,Animals(M),IDP,Negative
A0A0U2UYC4,Fungi,IDP,Negative
A0A0U2WCB2,Fungi,non-IDP,Negative
A0A0U5GFR4,Fungi,IDP,Negative
A0A125QXJ1,Animals(M),IDP,Negative
A0A140F3K7,Viruses,IDP,Negative
A0A140JWS7,Fungi,IDP,Negative
A0A140LHF2,Animals(M),IDP,Negative
A0A140LI67,Animals(M),IDP,Negative
A0A140LI88,Animals(M),IDP,Negative
A0A142I732,Fungi,IDP,Negative
A0A166Z003,Fungi,IDP,Negative
A0A179GC70,Fungi,IDP,Negative
A0A179HKZ8,Fungi,IDP,Negative
A0A179HLJ8,Fungi,IDP,Negative
A0A179HME7,Fungi,IDP,Negative
A0A183,Animals(M),IDP,Negative
A0A1B0GQX3,Animals(M),IDP,Negative
A0A1B0GTH6,Animals(M),IDP,Negative
A0A1B0GTI1,Animals(M),IDP,Negative
A0A1B0GTI8,Animals(M),non-IDP,Negative
A0A1B0GTJ6,Animals(M),IDP,Negative
A0A1B0GTL2,Animals(M),IDP,Negative
A0A1B0GTQ4,Animals(M),IDP,Negative
A0A1B0GTR4,Animals(M),IDP,Negative
A0A1B0GTU2,Animals(M),IDP,Negative
A0A1B0GTW7,Animals(M),IDP,Negative
A0A1B0GTY4,Animals(M),IDP,Negative
A0A1B0GTZ2,Animals(M),IDP,Negative
A0A1B0GU29,Animals(M),IDP,Negative
A0A1B0GU71,Animals(M),non-IDP,Negative
A0A1B0GUA5,Animals(M),IDP,Negative
A0A1B0GUA6,Animals(M),IDP,Negative
A0A1B0GUA7,Animals(M),non-IDP,Negative
A0A1B0GUA9,Animals(M),IDP,Negative
A0A1B0GUC4,Animals(M),IDP,Negative
A0A1B0GUJ8,Animals(M),IDP,Negative
A0A1B0GUS0,Animals(M),IDP,Negative
A0A1B0GUT2,Animals(M),IDP,Negative
A0A1B0GUU1,Animals(M),IDP,Negative
A0A1B0GUV1,Animals(M),IDP,Negative
A0A1B0GUV7,Animals(M),IDP,Negative
A0A1B0GUW6,Animals(M),IDP,Negative
A0A1B0GUY1,Animals(M),IDP,Negative
A0A1B0GV85,Animals(M),IDP,Negative
A0A1B0GV96,Animals(M),IDP,Negative
A0A1B0GVB3,Animals(M),IDP,Negative
A0A1B0GVG4,Animals(M),IDP,Negative
A0A1B0GVG6,Animals(M),IDP,Negative
A0A1B0GVH4,Animals(M),non-IDP,Negative
A0A1B0GVH6,Animals(M),IDP,Negative
A0A1B0GVH7,Animals(M),IDP,Negative
A0A1B0GVK7,Animals(M),IDP,Negative
A0A1B0GVN3,Animals(M),IDP,Negative
A0A1B0GVQ0,Animals(M),IDP,Negative
A0A1B0GVQ3,Animals(M),IDP,Negative
A0A1B0GVR7,Animals(M),IDP,Negative
A0A1B0GVS7,Animals(M),IDP,Negative
A0A1B0GVT2,Animals(M),IDP,Negative
A0A1B0GVV1,Animals(M),non-IDP,Negative
A0A1B0GVY4,Animals(M),IDP,Negative
A0A1B0GW35,Animals(M),non-IDP,Negative
A0A1B0GW64,Animals(M),IDP,Negative
A0A1B0GWB2,Animals(M),IDP,Negative
A0A1B0GWH4,Animals(M),IDP,Negative
A0A1C9ZP88,Fungi,IDP,Negative
A0A1D5PJB7,Animals(NM),IDP,Negative
A0A1D5PUP4,Animals(NM),non-IDP,Negative
A0A1D5RMD1,Animals(M),IDP,Negative
A0A1D6KL43,Plants,IDP,Negative
A0A1D6LTV0,Plants,IDP,Negative
A0A1D8PJT8,Fungi,IDP,Negative
A0A1D8PMR6,Fungi,IDP,Negative
A0A1D8PNR5,Fungi,IDP,Negative
A0A1D9BZF0,Animals(M),IDP,Negative
A0A1J0HSK7,Fungi,non-IDP,Negative
A0A1J0HSR1,Fungi,non-IDP,Negative
A0A1L1SUL6,Animals(M),IDP,Negative
A0A1L7TV54,Fungi,IDP,Negative
A0A1L7TZE5,Fungi,non-IDP,Negative
A0A1L8GLK3,Animals(NM),IDP,Negative
A0A1L8HU22,Animals(NM),IDP,Negative
A0A1L9WN42,Fungi,IDP,Negative
A0A1P8VF85,Fungi,IDP,Negative
A0A1P8VFQ8,Fungi,IDP,Negative
A0A1R3RGJ9,Fungi,non-IDP,Negative
A0A1S3XQD6,Plants,IDP,Negative
A0A1S4GGP7,Animals(NM),IDP,Negative
A0A1U8QVN4,Fungi,IDP,Negative
A0A1U8QXK4,Fungi,IDP,Negative
A0A1U9YI11,Fungi,non-IDP,Negative
A0A1V0QSC6,Fungi,non-IDP,Negative
A0A1V0QSF1,Fungi,non-IDP,Negative
A0A1V0QSG1,Plants,non-IDP,Negative
A0A1V6NYZ6,Fungi,IDP,Negative
A0A1W2PP97,Animals(M),non-IDP,Negative
A0A1W2PPD8,Animals(M),IDP,Negative
A0A1W2PPE3,Animals(M),IDP,Negative
A0A1W2PPF3,Animals(M),IDP,Negative
A0A1W2PPM1,Animals(M),IDP,Negative
A0A1W2PQ27,Animals(M),non-IDP,Negative
A0A1W2PQ72,Animals(M),IDP,Negative
A0A1W2PQU2,Animals(M),IDP,Negative
A0A1W2PR48,Animals(M),IDP,Negative
A0A1W2PS18,Animals(M),IDP,Negative
A0A1Y1C7S2,Fungi,non-IDP,Negative
A0A217ER65,Viruses,non-IDP,Negative
A0A248QE08,Plants,IDP,Negative
A0A286YDK6,Animals(M),IDP,Negative
A0A286YF18,Animals(M),IDP,Negative
A0A286YF58,Animals(M),IDP,Negative
A0A286YFK9,Animals(M),IDP,Negative
A0A286ZK88,Animals(M),non-IDP,Negative
A0A2G3AC72,Plants,IDP,Negative
A0A2H4S6M4,Fungi,IDP,Negative
A0A2I6PIZ1,Fungi,IDP,Negative
A0A2J6RX17,Fungi,IDP,Negative
A0A2K2AIF4,Plants,IDP,Negative
A0A2K5QCI5,Animals(M),non-IDP,Negative
A0A2L0P0K1,Fungi,non-IDP,Negative
A0A2R6W1B1,Plants,IDP,Negative
A0A2R8Y2Y2,Animals(M),IDP,Negative
A0A2R8Y4Y8,Animals(M),IDP,Negative
A0A2R8YCJ5,Animals(M),IDP,Negative
A0A2R8YFL7,Animals(M),non-IDP,Negative
A0A2T3ZJ73,Fungi,IDP,Negative
A0A2U8U2M7,Fungi,IDP,Negative
A0A2Z5TTA9,Fungi,IDP,Negative
A0A338P6K9,Animals(M),IDP,Negative
A0A345BJN7,Fungi,IDP,Negative
A0A345BJN8,Fungi,IDP,Negative
A0A348HAY3,Fungi,IDP,Negative
A0A384JJE6,Fungi,non-IDP,Negative
A0A385DVT8,Viruses,IDP,Negative
A0A385MIS5,Fungi,IDP,Negative
A0A3B1EFQ0,Fungi,IDP,Negative
A0A3B3IS91,Animals(M),IDP,Negative
A0A3B3IT33,Animals(M),non-IDP,Negative
A0A3B3IT52,Animals(M),IDP,Negative
A0A3B3IU63,Animals(M),IDP,Negative
A0A3B6UES5,Animals(NM),IDP,Negative
A0A3G9JYJ6,Fungi,non-IDP,Negative
A0A3Q1LFG5,Animals(M),IDP,Negative
A0A3Q1MT14,Animals(M),IDP,Negative
A0A3Q7ZPG5,Animals(NM),non-IDP,Negative
A0A3T0QHT2,Fungi,IDP,Negative
A0A455R7M0,Fungi,IDP,Negative
A0A455RAK9,Fungi,IDP,Negative
A0A455ZM03,Fungi,IDP,Negative
A0A481NSZ4,Animals(NM),non-IDP,Negative
A0A481WNM5,Fungi,IDP,Negative
A0A494BZU4,Animals(M),non-IDP,Negative
A0A494C071,Animals(M),IDP,Negative
A0A494C0Y3,Animals(M),IDP,Negative
A0A4P8DJU7,Fungi,IDP,Negative
A0A4Q7JG83,Fungi,IDP,Negative
A0A4Y6HUD7,Fungi,IDP,Negative
A0A571BF63,Animals(M),IDP,Negative
A0A590UK83,Animals(M),IDP,Negative
A0A5C1RFE1,Fungi,non-IDP,Negative
A0A5F8MPE6,Animals(M),IDP,Negative
A0A5F8MPU3,Animals(M),IDP,Negative
A0A5F9ZH02,Animals(M),IDP,Negative
A0A5F9ZHS7,Animals(M),IDP,Negative
A0A6B9L6A5,Animals(NM),IDP,Negative
A0A6I8PU40,Animals(M),non-IDP,Negative
A0A6I8TMQ9,Animals(NM),IDP,Negative
A0A7D0AGU9,Animals(NM),non-IDP,Negative
A0A7D5JNZ7,Prokaryotes,non-IDP,Negative
A0A7G2A2Z3,Plants,non-IDP,Negative
A0A7H0DN00,Viruses,non-IDP,Negative
A0A7I2V3R4,Animals(M),IDP,Negative
A0A7L8Y648,Animals(M),IDP,Negative
A0A7U2MMF3,Fungi,non-IDP,Negative
A0A804C8T0,Animals(M),IDP,Negative
A0A8C2LVE3,Animals(M),IDP,Negative
A0A8C2M425,Animals(M),IDP,Negative
A0A8I3NFE2,Animals(M),IDP,Negative
A0A8I3S9V6,Animals(M),IDP,Negative
A0A8I5KY20,Animals(M),IDP,Negative
A0A8I6ASZ5,Animals(M),IDP,Negative
A0A8K1Y6E0,Fungi,IDP,Negative
A0A8M2B5N2,Animals(NM),non-IDP,Negative
A0A8M3B525,Animals(NM),non-IDP,Negative
A0A8V8TPE2,Animals(M),IDP,Negative
A0A9E8S4N7,Fungi,IDP,Negative
A0AAN2H888,Fungi,non-IDP,Negative
A0AUV4,Animals(M),IDP,Negative
A0AVX7,Animals(NM),IDP,Negative
A0JM56,Animals(NM),IDP,Negative
A0JMD4,Animals(NM),IDP,Negative
A0JMF1,Animals(NM),IDP,Negative
A0JMH0,Animals(NM),IDP,Negative
A0JML8,Animals(NM),IDP,Negative
A0JMY5,Animals(NM),IDP,Negative
A0JN51,Animals(M),IDP,Negative
A0JN61,Animals(M),IDP,Negative
A0JN76,Animals(M),IDP,Negative
A0JN87,Animals(M),non-IDP,Negative
A0JN95,Animals(M),IDP,Negative
A0JNA8,Animals(M),IDP,Negative
A0JNC3,Animals(M),IDP,Negative
A0JND3,Animals(M),non-IDP,Negative
A0JNG7,Animals(M),IDP,Negative
A0JNH6,Animals(M),IDP,Negative
A0JNI4,Animals(M),non-IDP,Negative
A0JNI5,Animals(M),IDP,Negative
A0JNI9,Animals(M),IDP,Negative
A0JNK6,Animals(M),IDP,Negative
A0JNM1,Animals(M),IDP,Negative
A0JNN2,Animals(M),non-IDP,Negative
A0JNN3,Animals(M),IDP,Negative
A0JP43,Animals(M),IDP,Negative
A0JPE9,Animals(NM),non-IDP,Negative
A0JPI9,Animals(M),IDP,Negative
A0JPP4,Animals(M),IDP,Negative
A0JPP8,Animals(M),IDP,Negative
A0LWX2,Prokaryotes,non-IDP,Negative
A0MLS5,Animals(M),IDP,Negative
A0MTF4,Animals(M),IDP,Negative
A0N0X6,Animals(M),IDP,Negative
A0NDK8,Animals(NM),IDP,Negative
A0PK05,Animals(M),IDP,Negative
A0QEZ8,Prokaryotes,non-IDP,Negative
A0QX51,Prokaryotes,IDP,Negative
A0R0N4,Prokaryotes,non-IDP,Negative
A0R0S5,Prokaryotes,IDP,Negative
A0R561,Prokaryotes,non-IDP,Negative
A0ZT23,Animals(M),IDP,Negative
A1A442,Plants,IDP,Negative
A1A4J7,Animals(M),IDP,Negative
A1A4L5,Animals(M),IDP,Negative
A1A4L6,Animals(M),IDP,Negative
A1A4P5,Animals(M),IDP,Negative
A1A4P6,Animals(M),non-IDP,Negative
A1A4P9,Animals(M),non-IDP,Negative
A1A4Q2,Animals(M),non-IDP,Negative
A1A4Q8,Animals(M),IDP,Negative
A1A4R8,Animals(M),non-IDP,Negative
A1A535,Animals(M),IDP,Negative
A1A546,Animals(M),IDP,Negative
A1A5B6,Animals(M),IDP,Negative
A1A5P5,Animals(M),IDP,Negative
A1A5Q6,Animals(M),IDP,Negative
A1A5R8,Animals(M),IDP,Negative
A1A5R9,Animals(M),IDP,Negative
A1A5V7,Animals(NM),IDP,Negative
A1ADJ6,Prokaryotes,IDP,Negative
A1C3L3,Prokaryotes,IDP,Negative
A1CB93,Fungi,IDP,Negative
A1CE73,Fungi,IDP,Negative
A1CP08,Fungi,non-IDP,Negative
A1CQC3,Fungi,non-IDP,Negative
A1DA48,Fungi,IDP,Negative
A1DAU0,Fungi,IDP,Negative
A1DEK2,Fungi,non-IDP,Negative
A1DMY0,Fungi,non-IDP,Negative
A1DNW0,Fungi,IDP,Negative
A1DWM3,Animals(M),IDP,Negative
A1EA06,Plants,IDP,Negative
A1EC31,Plants,IDP,Negative
A1EC95,Animals(M),IDP,Negative
A1EGX6,Animals(M),IDP,Negative
A1L1J6,Animals(M),IDP,Negative
A1L1P9,Animals(NM),IDP,Negative
A1L2F6,Animals(NM),IDP,Negative
A1L2G3,Animals(NM),IDP,Negative
A1L2P2,Animals(NM),IDP,Negative
A1L3K1,Animals(NM),IDP,Negative
A1L3T7,Animals(M),IDP,Negative
A1L453,Animals(M),non-IDP,Negative
A1L4Q6,Animals(M),IDP,Negative
A1L504,Animals(M),IDP,Negative
A1L515,Animals(M),IDP,Negative
A1TEV0,Prokaryotes,non-IDP,Negative
A1X158,Animals(NM),IDP,Negative
A1XWY7,Plants,non-IDP,Negative
A1YER2,Animals(M),non-IDP,Negative
A1YEW3,Animals(M),IDP,Negative
A1YEX3,Animals(M),IDP,Negative
A1YEY5,Animals(M),IDP,Negative
A1YF08,Animals(M),IDP,Negative
A1YFX5,Animals(M),IDP,Negative
A1YGA2,Animals(M),IDP,Negative
A1YQ92,Animals(M),IDP,Negative
A1Z8D0,Animals(NM),IDP,Negative
A1ZAI5,Animals(NM),IDP,Negative
A1ZAX0,Animals(NM),IDP,Negative
A1ZBW7,Animals(NM),IDP,Negative
A2A3V1,Animals(M),IDP,Negative
A2A3V2,Animals(M),non-IDP,Negative
A2A5N8,Animals(M),IDP,Negative
A2A5X4,Animals(M),IDP,Negative
A2A5X5,Animals(M),IDP,Negative
A2A6C4,Animals(M),IDP,Negative
A2A6T1,Animals(M),IDP,Negative
A2A7Q9,Animals(M),IDP,Negative
A2A7V7,Animals(M),IDP,Negative
A2A7Z8,Animals(M),non-IDP,Negative
A2A825,Animals(M),non-IDP,Negative
A2A863,Animals(M),IDP,Negative
A2A870,Animals(M),IDP,Negative
A2A884,Animals(M),IDP,Negative
A2A891,Animals(M),IDP,Negative
A2A935,Animals(M),IDP,Negative
A2A995,Animals(M),IDP,Negative
A2A9F4,Animals(M),IDP,Negative
A2A9G7,Animals(M),IDP,Negative
A2A9I7,Animals(M),IDP,Negative
A2AA28,Animals(M),IDP,Negative
A2AB59,Animals(M),IDP,Negative
A2ABU4,Animals(M),IDP,Negative
A2AC93,Animals(M),IDP,Negative
A2AD83,Animals(M),IDP,Negative
A2ADA5,Animals(M),non-IDP,Negative
A2ADF7,Animals(M),non-IDP,Negative
A2AE42,Animals(M),non-IDP,Negative
A2AED3,Animals(M),non-IDP,Negative
A2AEV7,Animals(M),IDP,Negative
A2AEY4,Animals(M),IDP,Negative
A2AF53,Animals(M),IDP,Negative
A2AG06,Animals(M),IDP,Negative
A2AG58,Animals(M),IDP,Negative
A2AGB2,Animals(M),IDP,Negative
A2AGX3,Animals(M),IDP,Negative
A2AIR5,Animals(M),IDP,Negative
A2AIW0,Animals(M),IDP,Negative
A2AJ77,Animals(M),IDP,Negative
A2AJA7,Animals(M),IDP,Negative
A2AJB1,Animals(M),IDP,Negative
A2AJQ3,Animals(M),IDP,Negative
A2AKB4,Animals(M),IDP,Negative
A2AKB9,Animals(M),IDP,Negative
A2AKQ0,Animals(M),IDP,Negative
A2AKY4,Animals(M),IDP,Negative
A2ALI5,Animals(M),IDP,Negative
A2ALK8,Animals(M),IDP,Negative
A2ALV5,Animals(M),IDP,Negative
A2AMM0,Animals(M),IDP,Negative
A2AMZ4,Animals(M),non-IDP,Negative
A2AR50,Animals(M),IDP,Negative
A2AR95,Animals(M),IDP,Negative
A2ARK0,Animals(M),IDP,Negative
A2ARP9,Animals(M),IDP,Negative
A2AS89,Animals(M),IDP,Negative
A2ATD1,Animals(M),IDP,Negative
A2ATU0,Animals(M),IDP,Negative
A2AU72,Animals(M),IDP,Negative
A2AV25,Animals(M),IDP,Negative
A2AV37,Animals(NM),IDP,Negative
A2AVZ9,Animals(M),IDP,Negative
A2AWT3,Animals(M),IDP,Negative
A2BDG0,Animals(NM),IDP,Negative
A2BDX3,Animals(M),IDP,Negative
A2BE76,Animals(NM),IDP,Negative
A2BFP5,Animals(NM),IDP,Negative
A2BGH0,Animals(M),IDP,Negative
A2BN59,Prokaryotes,non-IDP,Negative
A2CE44,Animals(M),IDP,Negative
A2CEH0,Animals(NM),IDP,Negative
A2CI98,Animals(M),IDP,Negative
A2D4U1,Animals(M),non-IDP,Negative
A2D635,Animals(M),IDP,Negative
A2IAD2,Animals(NM),IDP,Negative
A2IDD5,Animals(M),IDP,Negative
A2QAP8,Fungi,IDP,Negative
A2QQU8,Fungi,IDP,Negative
A2QU58,Fungi,IDP,Negative
A2QUR1,Fungi,IDP,Negative
A2QZA2,Fungi,IDP,Negative
A2R3G4,Fungi,IDP,Negative
A2R4I6,Fungi,IDP,Negative
A2RRU1,Animals(M),IDP,Negative
A2RRY8,Animals(M),IDP,Negative
A2RSX4,Animals(M),IDP,Negative
A2RSX7,Animals(M),non-IDP,Negative
A2RSY1,Animals(M),IDP,Negative
A2RT67,Animals(M),IDP,Negative
A2RT91,Animals(M),IDP,Negative
A2RTF1,Animals(M),IDP,Negative
A2RUQ5,Animals(M),IDP,Negative
A2RUU4,Animals(M),IDP,Negative
A2RV80,Animals(NM),IDP,Negative
A2RVP7,Plants,IDP,Negative
A2RVT6,Plants,IDP,Negative
A2T748,Animals(M),IDP,Negative
A2TIL1,Animals(M),IDP,Negative
A2TJ54,Animals(M),IDP,Negative
A2TJV2,Animals(M),IDP,Negative
A2VD00,Animals(NM),IDP,Negative
A2VD23,Animals(NM),IDP,Negative
A2VDH3,Animals(M),IDP,Negative
A2VDK9,Animals(M),IDP,Negative
A2VDM0,Animals(M),non-IDP,Negative
A2VDP0,Animals(M),IDP,Negative
A2VDP6,Animals(M),IDP,Negative
A2VDR9,Animals(M),IDP,Negative
A2VDS1,Animals(M),IDP,Negative
A2VDT6,Animals(M),IDP,Negative
A2VDU2,Animals(M),IDP,Negative
A2VDV9,Animals(M),IDP,Negative
A2VDW6,Animals(M),IDP,Negative
A2VDY6,Animals(M),IDP,Negative
A2VE00,Animals(M),IDP,Negative
A2VE01,Animals(M),IDP,Negative
A2VE15,Animals(M),IDP,Negative
A2VE22,Animals(M),IDP,Negative
A2VE44,Animals(M),IDP,Negative
A2VE47,Animals(M),non-IDP,Negative
A2VE52,Animals(M),non-IDP,Negative
A2VE78,Animals(M),IDP,Negative
A2VEA7,Animals(M),IDP,Negative
A2WNB0,Plants,IDP,Negative
A2WPU3,Plants,IDP,Negative
A2X635,Plants,non-IDP,Negative
A2X8M8,Plants,IDP,Negative
A2XWA9,Plants,IDP,Negative
A2XY47,Plants,IDP,Negative
A2Y0H2,Plants,IDP,Negative
A2YII8,Plants,IDP,Negative
A2Z9A6,Plants,IDP,Negative
A3A8Q4,Plants,IDP,Negative
A3BKM2,Plants,IDP,Negative
A3KFU9,Animals(M),IDP,Negative
A3KG59,Animals(M),IDP,Negative
A3KGK3,Animals(M),IDP,Negative
A3KMN5,Animals(M),IDP,Negative
A3KMW7,Animals(M),IDP,Negative
A3KMX0,Animals(M),IDP,Negative
A3KMZ6,Animals(M),IDP,Negative
A3KN05,Animals(M),non-IDP,Negative
A3KN19,Animals(M),IDP,Negative
A3KN25,Animals(M),IDP,Negative
A3KN33,Animals(M),IDP,Negative
A3KN46,Animals(M),non-IDP,Negative
A3KN95,Animals(NM),IDP,Negative
A3KNI7,Animals(NM),IDP,Negative
A3KPR5,Animals(NM),non-IDP,Negative
A3KQA5,Animals(NM),IDP,Negative
A3KQV2,Animals(NM),IDP,Negative
A3MCG6,Prokaryotes,IDP,Negative
A3MY81,Prokaryotes,non-IDP,Negative
A3QK15,Animals(NM),IDP,Negative
A3R044,Fungi,IDP,Negative
A3R064,Animals(NM),IDP,Negative
A3RGB0,Animals(NM),IDP,Negative
A4D0T7,Animals(M),non-IDP,Negative
A4D1E1,Animals(M),IDP,Negative
A4D1Z8,Animals(M),non-IDP,Negative
A4D2P6,Animals(M),IDP,Negative
A4DA05,Fungi,IDP,Negative
A4FUB8,Animals(M),IDP,Negative
A4FUC0,Animals(M),IDP,Negative
A4FUH5,Animals(M),IDP,Negative
A4FUW8,Animals(M),IDP,Negative
A4FUY9,Animals(M),IDP,Negative
A4FV14,Animals(M),non-IDP,Negative
A4FV27,Animals(M),IDP,Negative
A4FV29,Animals(M),IDP,Negative
A4FV42,Animals(M),non-IDP,Negative
A4FV58,Animals(M),non-IDP,Negative
A4FV61,Animals(M),IDP,Negative
A4FV75,Animals(M),IDP,Negative
A4FVI0,Animals(NM),IDP,Negative
A4H215,Animals(M),non-IDP,Negative
A4H220,Animals(M),IDP,Negative
A4H238,Animals(M),IDP,Negative
A4H257,Animals(M),IDP,Negative
A4H264,Animals(M),IDP,Negative
A4IF69,Animals(M),non-IDP,Negative
A4IF75,Animals(M),non-IDP,Negative
A4IF98,Animals(M),IDP,Negative
A4IFA3,Animals(M),IDP,Negative
A4IFA8,Animals(M),IDP,Negative
A4IFB4,Animals(M),IDP,Negative
A4IFE4,Animals(M),non-IDP,Negative
A4IFH4,Animals(M),non-IDP,Negative
A4IFH6,Animals(M),IDP,Negative
A4IFJ0,Animals(M),IDP,Negative
A4IFK0,Animals(M),IDP,Negative
A4IFK2,Animals(M),non-IDP,Negative
A4IFK7,Animals(M),IDP,Negative
A4IFL2,Animals(M),IDP,Negative
A4IFQ0,Animals(M),IDP,Negative
A4IFR3,Animals(M),IDP,Negative
A4IFR8,Animals(M),IDP,Negative
A4IFU8,Animals(M),IDP,Negative
A4IGF3,Animals(NM),IDP,Negative
A4IGH2,Animals(NM),IDP,Negative
A4IH36,Animals(NM),IDP,Negative
A4IHB9,Animals(NM),IDP,Negative
A4IHZ3,Animals(NM),IDP,Negative
A4II29,Animals(NM),IDP,Negative
A4IID4,Animals(NM),IDP,Negative
A4IIU3,Animals(NM),IDP,Negative
A4IJ05,Animals(NM),IDP,Negative
A4IJ21,Animals(NM),IDP,Negative
A4K2S4,Animals(M),IDP,Negative
A4K2W6,Animals(M),IDP,Negative
A4L7N3,Animals(M),IDP,Negative
A4Q9E4,Animals(M),IDP,Negative
A4Q9E8,Animals(M),IDP,Negative
A4Q9F0,Animals(M),IDP,Negative
A4Q9F3,Animals(M),IDP,Negative
A4Q9F4,Animals(M),IDP,Negative
A4QN56,Animals(NM),IDP,Negative
A4QNN3,Animals(NM),IDP,Negative
A4QNR3,Animals(NM),IDP,Negative
A4QUT2,Fungi,IDP,Negative
A4RHN3,Fungi,IDP,Negative
A4RS24,Plants,non-IDP,Negative
A4VJ38,Prokaryotes,non-IDP,Negative
A4WHB4,Prokaryotes,non-IDP,Negative
A4XJV6,Prokaryotes,non-IDP,Negative
A4Z943,Animals(M),IDP,Negative
A4ZUC1,Viruses,IDP,Negative
A4ZUD1,Viruses,IDP,Negative
A5A6J9,Animals(M),IDP,Negative
A5A6P5,Animals(M),non-IDP,Negative
A5A777,Animals(M),IDP,Negative
A5A8Y8,Animals(M),non-IDP,Negative
A5ABE6,Fungi,IDP,Negative
A5CQR0,Prokaryotes,IDP,Negative
A5D787,Animals(M),IDP,Negative
A5D7B1,Animals(M),IDP,Negative
A5D7B5,Animals(M),non-IDP,Negative
A5D7C9,Animals(M),non-IDP,Negative
A5D7F5,Animals(M),non-IDP,Negative
A5D7H1,Animals(M),IDP,Negative
A5D7I0,Animals(M),IDP,Negative
A5D7I4,Animals(M),IDP,Negative
A5D7L8,Animals(M),IDP,Negative
A5D7M3,Animals(M),IDP,Negative
A5D7M7,Animals(M),IDP,Negative
A5D7N9,Animals(M),non-IDP,Negative
A5D7T0,Animals(M),IDP,Negative
A5D7U1,Animals(M),IDP,Negative
A5D7V5,Animals(M),IDP,Negative
A5D992,Animals(M),IDP,Negative
A5D9A7,Animals(M),IDP,Negative
A5D9C6,Animals(M),IDP,Negative
A5D9D4,Animals(M),non-IDP,Negative
A5D9M6,Animals(M),IDP,Negative
A5DB51,Fungi,non-IDP,Negative
A5DSK2,Fungi,IDP,Negative
A5DZ02,Fungi,IDP,Negative
A5E406,Fungi,IDP,Negative
A5GFQ5,Animals(M),IDP,Negative
A5HJM1,Animals(M),IDP,Negative
A5LFW8,Animals(M),IDP,Negative
A5LHG2,Animals(M),IDP,Negative
A5PF10,Animals(M),non-IDP,Negative
A5PJ65,Animals(M),IDP,Negative
A5PJ93,Animals(M),non-IDP,Negative
A5PJC7,Animals(M),IDP,Negative
A5PJD3,Animals(M),IDP,Negative
A5PJD8,Animals(M),IDP,Negative
A5PJG7,Animals(M),IDP,Negative
A5PJI7,Animals(M),non-IDP,Negative
A5PJK7,Animals(M),IDP,Negative
A5PJL1,Animals(M),non-IDP,Negative
A5PJM5,Animals(M),IDP,Negative
A5PJN8,Animals(M),IDP,Negative
A5PJP1,Animals(M),IDP,Negative
A5PJP6,Animals(M),IDP,Negative
A5PJQ2,Animals(M),IDP,Negative
A5PJT0,Animals(M),non-IDP,Negative
A5PJU6,Animals(M),non-IDP,Negative
A5PJU7,Animals(M),IDP,Negative
A5PJU8,Animals(M),IDP,Negative
A5PJW2,Animals(M),non-IDP,Negative
A5PJX4,Animals(M),IDP,Negative
A5PJY4,Animals(M),IDP,Negative
A5PJZ1,Animals(M),non-IDP,Negative
A5PK00,Animals(M),IDP,Negative
A5PK14,Animals(M),IDP,Negative
A5PK19,Animals(M),IDP,Negative
A5PK27,Animals(M),non-IDP,Negative
A5PK30,Animals(M),IDP,Negative
A5PK42,Animals(M),IDP,Negative
A5PK51,Animals(M),IDP,Negative
A5PK65,Animals(M),non-IDP,Negative
A5PK71,Animals(M),IDP,Negative
A5PKB7,Animals(M),IDP,Negative
A5PKC7,Animals(M),IDP,Negative
A5PKD9,Animals(M),IDP,Negative
A5PKE4,Animals(M),non-IDP,Negative
A5PKG8,Animals(M),IDP,Negative
A5PKH3,Animals(M),non-IDP,Negative
A5PKK7,Animals(M),IDP,Negative
A5PKK9,Animals(M),IDP,Negative
A5PLC8,Animals(NM),IDP,Negative
A5PLE2,Animals(NM),IDP,Negative
A5PLI4,Animals(NM),IDP,Negative
A5PMF7,Animals(NM),IDP,Negative
A5PN43,Animals(NM),IDP,Negative
A5WUX7,Animals(NM),IDP,Negative
A5WVX0,Animals(NM),IDP,Negative
A6H584,Animals(M),IDP,Negative
A6H684,Animals(M),IDP,Negative
A6H694,Animals(M),IDP,Negative
A6H6A4,Animals(M),IDP,Negative
A6H6E9,Animals(M),IDP,Negative
A6H6W9,Animals(M),IDP,Negative
A6H6X4,Animals(M),IDP,Negative
A6H754,Animals(M),IDP,Negative
A6H757,Animals(M),IDP,Negative
A6H770,Animals(M),IDP,Negative
A6H773,Animals(M),non-IDP,Negative
A6H7B8,Animals(M),IDP,Negative
A6H7F2,Animals(M),non-IDP,Negative
A6H7F7,Animals(M),non-IDP,Negative
A6H7J1,Animals(M),IDP,Negative
A6H8H2,Animals(M),IDP,Negative
A6H907,Animals(M),IDP,Negative
A6LSW5,Prokaryotes,non-IDP,Negative
A6N6I9,Animals(M),IDP,Negative
A6N6J0,Fungi,non-IDP,Negative
A6NC62,Animals(M),IDP,Negative
A6NCI5,Animals(M),non-IDP,Negative
A6NCL1,Animals(M),IDP,Negative
A6NDA9,Animals(M),IDP,Negative
A6NDK9,Animals(M),IDP,Negative
A6NDN8,Animals(M),non-IDP,Negative
A6NE52,Animals(M),IDP,Negative
A6NE82,Animals(M),IDP,Negative
A6NEE1,Animals(M),IDP,Negative
A6NEF3,Animals(M),IDP,Negative
A6NEH6,Animals(M),IDP,Negative
A6NEH8,Animals(M),IDP,Negative
A6NEQ2,Animals(M),IDP,Negative
A6NEV1,Animals(M),IDP,Negative
A6NFC9,Animals(M),IDP,Negative
A6NFD8,Animals(M),IDP,Negative
A6NFF2,Animals(M),IDP,Negative
A6NFR6,Animals(M),IDP,Negative
A6NGB7,Animals(M),IDP,Negative
A6NGE4,Animals(M),IDP,Negative
A6NGH7,Animals(M),IDP,Negative
A6NGU7,Animals(M),IDP,Negative
A6NGY1,Animals(M),IDP,Negative
A6NH13,Animals(M),IDP,Negative
A6NH21,Animals(M),IDP,Negative
A6NHS7,Animals(M),IDP,Negative
A6NI15,Animals(M),IDP,Negative
A6NIM6,Animals(M),IDP,Negative
A6NIN4,Animals(M),IDP,Negative
A6NJ88,Animals(M),IDP,Negative
A6NJJ6,Animals(M),IDP,Negative
A6NJW4,Animals(M),non-IDP,Negative
A6NJY4,Animals(M),non-IDP,Negative
A6NK58,Animals(M),non-IDP,Negative
A6NKP2,Animals(M),IDP,Negative
A6NKU9,Animals(M),IDP,Negative
A6NLE4,Animals(M),IDP,Negative
A6NLX4,Animals(M),IDP,Negative
A6NM62,Animals(M),IDP,Negative
A6NMA1,Animals(M),IDP,Negative
A6NMB9,Animals(M),IDP,Negative
A6NMD0,Animals(M),IDP,Negative
A6NMK8,Animals(M),IDP,Negative
A6NMS7,Animals(M),IDP,Negative
A6NN14,Animals(M),non-IDP,Negative
A6NNA2,Animals(M),IDP,Negative
A6NNC1,Animals(M),IDP,Negative
A6P331,Animals(NM),IDP,Negative
A6PVL3,Animals(M),IDP,Negative
A6PWD2,Animals(M),IDP,Negative
A6PWV3,Animals(M),IDP,Negative
A6QL50,Animals(M),non-IDP,Negative
A6QL79,Animals(M),IDP,Negative
A6QL92,Animals(M),IDP,Negative
A6QLC6,Animals(M),non-IDP,Negative
A6QLD2,Animals(M),IDP,Negative
A6QLD5,Animals(M),IDP,Negative
A6QLE7,Animals(M),IDP,Negative
A6QLF8,Animals(M),IDP,Negative
A6QLH5,Animals(M),IDP,Negative
A6QLI2,Animals(M),IDP,Negative
A6QLI5,Animals(M),IDP,Negative
A6QLI6,Animals(M),IDP,Negative
A6QLJ3,Animals(M),non-IDP,Negative
A6QLJ4,Animals(M),IDP,Negative
A6QLQ8,Animals(M),non-IDP,Negative
A6QLR3,Animals(M),IDP,Negative
A6QLS2,Animals(M),IDP,Negative
A6QLU3,Animals(M),IDP,Negative
A6QLU8,Animals(M),IDP,Negative
A6QLV3,Animals(M),IDP,Negative
A6QLW2,Animals(M),non-IDP,Negative
A6QLY4,Animals(M),IDP,Negative
A6QLZ5,Animals(M),IDP,Negative
A6QM03,Animals(M),IDP,Negative
A6QNL6,Animals(M),non-IDP,Negative
A6QNP9,Animals(M),IDP,Negative
A6QNS9,Animals(M),IDP,Negative
A6QNX3,Animals(M),non-IDP,Negative
A6QNZ4,Animals(M),non-IDP,Negative
A6QNZ8,Animals(M),IDP,Negative
A6QP05,Animals(M),non-IDP,Negative
A6QP06,Animals(M),IDP,Negative
A6QP29,Animals(M),IDP,Negative
A6QP75,Animals(M),IDP,Negative
A6QP79,Animals(M),IDP,Negative
A6QP84,Animals(M),IDP,Negative
A6QP92,Animals(M),IDP,Negative
A6QPA3,Animals(M),non-IDP,Negative
A6QPB3,Animals(M),IDP,Negative
A6QPC0,Animals(M),IDP,Negative
A6QPI4,Animals(M),IDP,Negative
A6QPM6,Animals(M),IDP,Negative
A6QPY8,Animals(M),IDP,Negative
A6QQ24,Animals(M),IDP,Negative
A6QQ59,Animals(M),IDP,Negative
A6QQC6,Animals(M),IDP,Negative
A6QQL5,Animals(M),IDP,Negative
A6QQM4,Animals(M),IDP,Negative
A6QQM8,Animals(M),non-IDP,Negative
A6QQP7,Animals(M),IDP,Negative
A6QQR4,Animals(M),IDP,Negative
A6QQT9,Animals(M),non-IDP,Negative
A6QQU6,Animals(M),non-IDP,Negative
A6QQW8,Animals(M),non-IDP,Negative
A6QQY2,Animals(M),IDP,Negative
A6QR06,Animals(M),IDP,Negative
A6QR09,Animals(M),non-IDP,Negative
A6QR31,Animals(M),IDP,Negative
A6QRA1,Plants,non-IDP,Negative
A6QXU0,Fungi,IDP,Negative
A6R989,Fungi,non-IDP,Negative
A6RFP4,Fungi,IDP,Negative
A6RL85,Fungi,IDP,Negative
A6SSW6,Fungi,non-IDP,Negative
A6SXG4,Prokaryotes,IDP,Negative
A6T9C8,Prokaryotes,IDP,Negative
A6X8Z5,Animals(M),IDP,Negative
A6X980,Fungi,IDP,Negative
A6YB85,Animals(M),IDP,Negative
A6YG74,Plants,IDP,Negative
A6YP92,Animals(M),IDP,Negative
A6ZMR2,Fungi,IDP,Negative
A6ZRG6,Fungi,IDP,Negative
A6ZRW2,Fungi,non-IDP,Negative
A6ZTT5,Fungi,non-IDP,Negative
A6ZVG0,Fungi,IDP,Negative
A6ZXT5,Fungi,IDP,Negative
A7A261,Fungi,IDP,Negative
A7DTG3,Animals(M),IDP,Negative
A7E300,Animals(M),IDP,Negative
A7E321,Animals(M),IDP,Negative
A7E346,Animals(M),IDP,Negative
A7E369,Animals(M),IDP,Negative
A7E3C4,Animals(M),IDP,Negative
A7E3S5,Animals(M),IDP,Negative
A7E3U5,Animals(M),IDP,Negative
A7E3X2,Animals(M),IDP,Negative
A7EF54,Fungi,IDP,Negative
A7F3V4,Fungi,IDP,Negative
A7IB66,Prokaryotes,non-IDP,Negative
A7IFZ1,Prokaryotes,IDP,Negative
A7ISW2,Animals(NM),IDP,Negative
A7K6Y8,Animals(M),non-IDP,Negative
A7KAU3,Animals(M),IDP,Negative
A7LCJ3,Animals(M),IDP,Negative
A7M7C7,Animals(M),IDP,Negative
A7MAZ3,Animals(M),IDP,Negative
A7MAZ4,Animals(M),IDP,Negative
A7MAZ5,Animals(M),IDP,Negative
A7MB05,Animals(M),IDP,Negative
A7MB45,Animals(M),IDP,Negative
A7MB54,Animals(M),IDP,Negative
A7MB63,Animals(M),non-IDP,Negative
A7MB64,Animals(M),IDP,Negative
A7MB75,Animals(M),IDP,Negative
A7MBB4,Animals(M),IDP,Negative
A7MBC2,Animals(M),IDP,Negative
A7MBC7,Animals(M),IDP,Negative
A7MBE4,Animals(M),IDP,Negative
A7MBH3,Animals(M),IDP,Negative
A7MBH5,Animals(M),IDP,Negative
A7MBJ1,Animals(M),IDP,Negative
A7MBJ2,Animals(M),IDP,Negative
A7MCT6,Animals(M),non-IDP,Negative
A7NW79,Plants,IDP,Negative
A7RH72,Animals(NM),IDP,Negative
A7RYM7,Animals(NM),IDP,Negative
A7SXK3,Animals(NM),IDP,Negative
A7TGD2,Fungi,IDP,Negative
A7TMC5,Fungi,IDP,Negative
A7TNK5,Fungi,non-IDP,Negative
A7UDM9,Animals(NM),IDP,Negative
A7VL23,Animals(M),IDP,Negative
A7XRY6,Fungi,IDP,Negative
A7XRY8,Fungi,IDP,Negative
A7XUY5,Animals(M),non-IDP,Negative
A7XV04,Animals(M),IDP,Negative
A7XV14,Animals(M),IDP,Negative
A7XYH9,Animals(M),IDP,Negative
A7YVD7,Animals(M),non-IDP,Negative
A7YVH9,Animals(M),IDP,Negative
A7YWG4,Animals(M),non-IDP,Negative
A7YWH3,Animals(M),IDP,Negative
A7YWH9,Animals(M),IDP,Negative
A7YWL5,Animals(M),IDP,Negative
A7YWN2,Animals(M),IDP,Negative
A7YWP4,Animals(M),non-IDP,Negative
A7YWS7,Animals(M),non-IDP,Negative
A7YY35,Animals(M),IDP,Negative
A7YY45,Animals(M),IDP,Negative
A7YY49,Animals(M),non-IDP,Negative
A7YY57,Animals(M),IDP,Negative
A7YY75,Animals(M),IDP,Negative
A7Z017,Animals(M),IDP,Negative
A7Z064,Animals(M),IDP,Negative
A8DZH4,Animals(NM),IDP,Negative
A8E4L3,Animals(M),non-IDP,Negative
A8E5W8,Animals(NM),IDP,Negative
A8E653,Animals(M),IDP,Negative
A8HUA1,Plants,IDP,Negative
A8IB22,Plants,IDP,Negative
A8ID55,Plants,IDP,Negative
A8IRJ7,Plants,IDP,Negative
A8IU92,Plants,non-IDP,Negative
A8J6J0,Plants,IDP,Negative
A8JUV4,Animals(NM),IDP,Negative
A8K010,Animals(M),IDP,Negative
A8K554,Animals(M),IDP,Negative
A8K979,Animals(M),IDP,Negative
A8KB59,Animals(NM),IDP,Negative
A8L8W2,Prokaryotes,IDP,Negative
A8MT66,Animals(M),IDP,Negative
A8MTB9,Animals(M),IDP,Negative
A8MTI9,Animals(M),IDP,Negative
A8MTL3,Animals(M),IDP,Negative
A8MTT3,Animals(M),non-IDP,Negative
A8MTW9,Animals(M),IDP,Negative
A8MU10,Animals(M),IDP,Negative
A8MU46,Animals(M),IDP,Negative
A8MUN3,Animals(M),IDP,Negative
A8MUP2,Animals(M),non-IDP,Negative
A8MV23,Animals(M),IDP,Negative
A8MVJ9,Animals(M),IDP,Negative
A8MVM7,Animals(M),IDP,Negative
A8MWE9,Animals(M),IDP,Negative
A8MWP4,Animals(M),IDP,Negative
A8MWV9,Animals(M),IDP,Negative
A8MWX3,Animals(M),IDP,Negative
A8MXE2,Animals(M),non-IDP,Negative
A8MXK1,Animals(M),IDP,Negative
A8MXQ7,Animals(M),IDP,Negative
A8MXV6,Animals(M),IDP,Negative
A8MY62,Animals(M),non-IDP,Negative
A8MYJ7,Animals(M),IDP,Negative
A8MYZ0,Animals(M),IDP,Negative
A8MZ25,Animals(M),IDP,Negative
A8MZ36,Animals(M),IDP,Negative
A8MZF0,Animals(M),IDP,Negative
A8MZG2,Animals(M),IDP,Negative
A8N374,Fungi,IDP,Negative
A8N4R8,Fungi,IDP,Negative
A8NA43,Fungi,IDP,Negative
A8NE23,Fungi,IDP,Negative
A8NJZ7,Animals(NM),IDP,Negative
A8NN94,Animals(M),IDP,Negative
A8NZM5,Fungi,IDP,Negative
A8P7F7,Fungi,IDP,Negative
A8PSC0,Fungi,IDP,Negative
A8PTK5,Fungi,IDP,Negative
A8PU71,Animals(M),IDP,Negative
A8PYF7,Fungi,IDP,Negative
A8QW39,Animals(M),IDP,Negative
A8R4Q8,Animals(M),IDP,Negative
A8TGA1,Fungi,IDP,Negative
A8WGS4,Animals(NM),IDP,Negative
A8WH75,Animals(M),non-IDP,Negative
A8WR63,Animals(NM),IDP,Negative
A8WTF8,Animals(NM),IDP,Negative
A8WVJ9,Animals(NM),IDP,Negative
A8WVU7,Animals(NM),IDP,Negative
A8X482,Animals(NM),IDP,Negative
A8X7F0,Animals(NM),IDP,Negative
A8XC92,Animals(NM),IDP,Negative
A8XDJ2,Animals(NM),IDP,Negative
A8XI74,Animals(NM),IDP,Negative
A8XKT0,Animals(NM),IDP,Negative
A8XND8,Animals(NM),IDP,Negative
A8XV37,Animals(NM),IDP,Negative
A8Y4B2,Animals(NM),IDP,Negative
A8Y5H7,Animals(M),IDP,Negative
A8YPR9,Animals(NM),IDP,Negative
A8YXZ8,Animals(M),non-IDP,Negative
A9CB18,Animals(M),IDP,Negative
A9CKL3,Prokaryotes,IDP,Negative
A9CQL8,Animals(M),non-IDP,Negative
A9CRA7,Viruses,non-IDP,Negative
A9JRJ2,Animals(NM),IDP,Negative
A9JSM3,Animals(M),IDP,Negative
A9JTJ0,Animals(NM),IDP,Negative
A9KKU1,Prokaryotes,IDP,Negative
A9L937,Animals(M),IDP,Negative
A9Q1J7,Animals(M),IDP,Negative
A9QCA5,Plants,non-IDP,Negative
A9QWQ1,Animals(M),non-IDP,Negative
A9RAH7,Fungi,IDP,Negative
A9ULB4,Animals(NM),IDP,Negative
A9ZPI1,Plants,IDP,Negative
B0BN49,Animals(M),IDP,Negative
B0CM32,Animals(M),IDP,Negative
B0FZN8,Animals(M),IDP,Negative
B0K019,Animals(M),IDP,Negative
B0K035,Animals(M),IDP,Negative
B0KWC9,Animals(M),IDP,Negative
B0KWE9,Animals(M),IDP,Negative
B0LT89,Animals(M),IDP,Negative
B0R191,Animals(NM),IDP,Negative
B0R4C0,Prokaryotes,IDP,Negative
B0R9X2,Prokaryotes,IDP,Negative
B0TZB1,Prokaryotes,IDP,Negative
B0UYL8,Animals(NM),IDP,Negative
B0V207,Animals(NM),IDP,Negative
B0V2S2,Animals(NM),IDP,Negative
B0XHW8,Animals(NM),IDP,Negative
B0XMC1,Fungi,non-IDP,Negative
B0XPZ1,Fungi,IDP,Negative
B0XZT4,Fungi,non-IDP,Negative
B0XZV2,Fungi,IDP,Negative
B0Y6Q5,Fungi,IDP,Negative
B0Y6Z7,Fungi,IDP,Negative
B0Y8M8,Fungi,IDP,Negative
B0Y8Y4,Fungi,IDP,Negative
B0Y8Y5,Fungi,IDP,Negative
B0Y8Y6,Fungi,IDP,Negative
B0Y8Y8,Fungi,IDP,Negative
B0Y8Z0,Fungi,IDP,Negative
B0Y9F8,Fungi,IDP,Negative
B0YAA4,Fungi,non-IDP,Negative
B0YBR5,Fungi,IDP,Negative
B0YCP1,Fungi,IDP,Negative
B0YPR7,Plants,IDP,Negative
B0Z4Q9,Plants,non-IDP,Negative
B0ZSF2,Viruses,IDP,Negative
B0ZT46,Fungi,non-IDP,Negative
B1AH88,Animals(M),IDP,Negative
B1AL46,Animals(M),IDP,Negative
B1AMM8,Animals(M),IDP,Negative
B1ANY3,Animals(M),IDP,Negative
B1APH4,Animals(M),non-IDP,Negative
B1ARW8,Animals(M),IDP,Negative
B1ASB6,Animals(M),IDP,Negative
B1AT66,Animals(M),IDP,Negative
B1ATG9,Animals(M),IDP,Negative
B1AUC7,Animals(M),IDP,Negative
B1AUS7,Animals(M),IDP,Negative
B1AVD1,Animals(M),non-IDP,Negative
B1AVY7,Animals(M),IDP,Negative
B1AVZ0,Animals(M),IDP,Negative
B1AY13,Animals(M),IDP,Negative
B1AYB6,Animals(M),IDP,Negative
B1B0V2,Animals(M),IDP,Negative
B1B212,Animals(M),IDP,Negative
B1H1P9,Animals(NM),IDP,Negative
B1H1X1,Animals(NM),IDP,Negative
B1H228,Animals(M),IDP,Negative
B1H2T2,Animals(NM),non-IDP,Negative
B1P0S1,Animals(NM),non-IDP,Negative
B1W4V4,Prokaryotes,IDP,Negative
B1WB06,Animals(NM),IDP,Negative
B1WB39,Animals(NM),IDP,Negative
B1WC10,Animals(M),IDP,Negative
B1WC37,Animals(M),IDP,Negative
B1XSD8,Prokaryotes,non-IDP,Negative
B2ABS0,Fungi,IDP,Negative
B2ACC7,Fungi,non-IDP,Negative
B2ADG1,Fungi,IDP,Negative
B2AMJ3,Fungi,IDP,Negative
B2AXJ5,Fungi,IDP,Negative
B2B9E1,Animals(M),IDP,Negative
B2CJ57,Fungi,IDP,Negative
B2GUZ2,Animals(M),IDP,Negative
B2KFW1,Animals(M),IDP,Negative
B2KG20,Animals(M),IDP,Negative
B2KGE5,Animals(M),IDP,Negative
B2KIQ4,Animals(M),IDP,Negative
B2KWH7,Fungi,IDP,Negative
B2RPV6,Animals(M),IDP,Negative
B2RQL2,Animals(M),IDP,Negative
B2RRE4,Animals(M),IDP,Negative
B2RTN2,Animals(M),IDP,Negative
B2RU40,Animals(M),IDP,Negative
B2RUJ5,Animals(M),IDP,Negative
B2RW38,Animals(M),IDP,Negative
B2RW88,Animals(M),IDP,Negative
B2RXE2,Animals(M),IDP,Negative
B2RXF0,Animals(M),IDP,Negative
B2RXR6,Animals(M),IDP,Negative
B2RY71,Animals(M),IDP,Negative
B2RY83,Animals(M),non-IDP,Negative
B2RYG6,Animals(M),IDP,Negative
B2RYG7,Animals(M),IDP,Negative
B2RYT9,Animals(M),non-IDP,Negative
B2WMX8,Fungi,non-IDP,Negative
B2X1U7,Plants,non-IDP,Negative
B3A0R1,Animals(NM),IDP,Negative
B3A0S2,Animals(NM),IDP,Negative
B3DH96,Animals(NM),non-IDP,Negative
B3DJK0,Animals(NM),IDP,Negative
B3DL53,Animals(NM),IDP,Negative
B3DLB3,Animals(NM),IDP,Negative
B3DQ30,Prokaryotes,IDP,Negative
B3EWF7,Animals(M),IDP,Negative
B3EWY8,Animals(NM),IDP,Negative
B3EWZ7,Animals(NM),IDP,Negative
B3EY83,Animals(M),non-IDP,Negative
B3FWR8,Fungi,non-IDP,Negative
B3GLJ2,Animals(M),non-IDP,Negative
B3GSH5,Animals(M),IDP,Negative
B3LFZ1,Fungi,IDP,Negative
B3LJA1,Fungi,IDP,Negative
B3LLQ4,Fungi,IDP,Negative
B3LS52,Fungi,non-IDP,Negative
B3PFH5,Prokaryotes,non-IDP,Negative
B3STU4,Plants,IDP,Negative
B3VI55,Fungi,non-IDP,Negative
B4E2M5,Animals(M),IDP,Negative
B4EWZ6,Prokaryotes,non-IDP,Negative
B4F777,Animals(M),IDP,Negative
B4F7B7,Animals(M),IDP,Negative
B4FUS3,Plants,IDP,Negative
B4IBI9,Animals(NM),IDP,Negative
B4J8Z9,Animals(NM),non-IDP,Negative
B4M7P8,Animals(NM),IDP,Negative
B4MXW3,Animals(NM),IDP,Negative
B4XT64,Plants,IDP,Negative
B5BP47,Fungi,IDP,Negative
B5DEN9,Animals(M),non-IDP,Negative
B5DFC9,Animals(M),IDP,Negative
B5DFK3,Animals(M),IDP,Negative
B5DGK1,Animals(NM),IDP,Negative
B5FWC0,Animals(M),IDP,Negative
B5FXJ6,Animals(NM),non-IDP,Negative
B5LUQ3,Animals(NM),IDP,Negative
B5MCY1,Animals(M),IDP,Negative
B5RHS5,Animals(M),IDP,Negative
B5SNZ6,Animals(M),IDP,Negative
B5X0N6,Plants,IDP,Negative
B5X216,Animals(NM),IDP,Negative
B5X2S3,Animals(NM),IDP,Negative
B5X337,Animals(NM),IDP,Negative
B5X3B2,Animals(NM),IDP,Negative
B5X3I1,Animals(NM),IDP,Negative
B5XB27,Animals(NM),IDP,Negative
B5XFA7,Animals(NM),non-IDP,Negative
B5XG43,Animals(NM),IDP,Negative
B5Y980,Prokaryotes,non-IDP,Negative
B6A8R8,Animals(M),IDP,Negative
B6F1W5,Animals(NM),IDP,Negative
B6H059,Fungi,IDP,Negative
B6SEH9,Animals(M),non-IDP,Negative
B6UV92,Plants,IDP,Negative
B7SBD2,Animals(M),IDP,Negative
B7UJD9,Prokaryotes,non-IDP,Negative
B7VGF9,Animals(M),IDP,Negative
B7VKH1,Prokaryotes,non-IDP,Negative
B7W112,Animals(NM),IDP,Negative
B7WN96,Animals(NM),IDP,Negative
B7XHF3,Fungi,IDP,Negative
B7XIW9,Fungi,non-IDP,Negative
B7Z0K8,Animals(NM),IDP,Negative
B7Z0X7,Animals(NM),IDP,Negative
B7Z368,Animals(M),IDP,Negative
B7Z8K6,Animals(M),IDP,Negative
B7ZBB8,Animals(M),IDP,Negative
B7ZTR0,Animals(NM),IDP,Negative
B7ZWI3,Animals(M),IDP,Negative
B7ZWR6,Plants,IDP,Negative
B8B7Q4,Plants,IDP,Negative
B8D537,Prokaryotes,non-IDP,Negative
B8DT61,Prokaryotes,IDP,Negative
B8GXB5,Prokaryotes,IDP,Negative
B8JB77,Prokaryotes,IDP,Negative
B8JJV5,Animals(NM),IDP,Negative
B8JLV7,Animals(NM),IDP,Negative
B8JMH0,Animals(NM),IDP,Negative
B8K1W2,Animals(M),IDP,Negative
B8M9K4,Fungi,IDP,Negative
B8MDC1,Fungi,IDP,Negative
B8MV65,Fungi,IDP,Negative
B8N4G0,Fungi,IDP,Negative
B8NGT5,Fungi,IDP,Negative
B8NI03,Fungi,non-IDP,Negative
B8NI21,Fungi,IDP,Negative
B8NI22,Fungi,IDP,Negative
B8NI26,Fungi,IDP,Negative
B8NLZ3,Fungi,IDP,Negative
B8NM66,Fungi,non-IDP,Negative
B8NR69,Fungi,non-IDP,Negative
B8Q0B2,Animals(M),IDP,Negative
B8VIX3,Animals(NM),IDP,Negative
B8XC04,Fungi,non-IDP,Negative
B8XCH5,Plants,IDP,Negative
B9DG24,Plants,IDP,Negative
B9EJ80,Animals(M),IDP,Negative
B9EJ86,Animals(M),IDP,Negative
B9EJX3,Animals(M),IDP,Negative
B9EKE5,Animals(M),IDP,Negative
B9EKX1,Animals(M),IDP,Negative
B9EXZ6,Plants,IDP,Negative
B9F2L1,Plants,IDP,Negative
B9G9L9,Plants,IDP,Negative
B9I2J6,Plants,non-IDP,Negative
B9K7M6,Prokaryotes,non-IDP,Negative
B9K887,Prokaryotes,IDP,Negative
B9LU30,Prokaryotes,non-IDP,Negative
B9U3F2,Animals(NM),IDP,Negative
B9UIU9,Animals(M),non-IDP,Negative
B9W4V6,Fungi,IDP,Negative
B9W8T5,Fungi,IDP,Negative
C0H3T1,Prokaryotes,non-IDP,Negative
C0H409,Prokaryotes,IDP,Negative
C0H423,Prokaryotes,non-IDP,Negative
C0HJV5,Animals(NM),non-IDP,Negative
C0HJX2,Animals(M),IDP,Negative
C0HK79,Animals(M),non-IDP,Negative
C0HK94,Animals(NM),IDP,Negative
C0HKC5,Plants,IDP,Negative
C0HKD6,Animals(NM),IDP,Negative
C0HKR1,Animals(NM),IDP,Negative
C0HLS1,Animals(M),IDP,Negative
C0HLZ6,Animals(M),IDP,Negative
C0HLZ9,Animals(NM),IDP,Negative
C0HM01,Animals(M),non-IDP,Negative
C0HM52,Viruses,IDP,Negative
C0HM62,Animals(NM),IDP,Negative
C0HM83,Animals(M),IDP,Negative
C0HM90,Animals(NM),IDP,Negative
C0HM97,Fungi,IDP,Negative
C0HM98,Animals(M),IDP,Negative
C0HMA8,Prokaryotes,non-IDP,Negative
C0HMD6,Animals(M),IDP,Negative
C0HMD7,Animals(M),IDP,Negative
C0J7L8,Animals(NM),IDP,Negative
C0NUP2,Fungi,IDP,Negative
C0RW22,Animals(M),IDP,Negative
C1BJQ3,Animals(NM),non-IDP,Negative
C1BY38,Animals(NM),IDP,Negative
C1C4R8,Animals(NM),non-IDP,Negative
C1F454,Prokaryotes,IDP,Negative
C1FXW9,Animals(M),IDP,Negative
C1IBZ2,Animals(NM),IDP,Negative
C1JJY2,Viruses,non-IDP,Negative
C1JJY7,Viruses,IDP,Negative
C1N138,Plants,IDP,Negative
C1PGW1,Plants,IDP,Negative
C3VPR6,Animals(M),IDP,Negative
C3Z1P5,Animals(NM),IDP,Negative
C3ZQF9,Animals(NM),IDP,Negative
C4P6S0,Animals(M),IDP,Negative
C4QWS8,Fungi,IDP,Negative
C4QYG0,Fungi,non-IDP,Negative
C4R0M5,Fungi,IDP,Negative
C4R2D7,Fungi,IDP,Negative
C4YJE1,Fungi,non-IDP,Negative
C4Z0G9,Prokaryotes,non-IDP,Negative
C5CA73,Prokaryotes,non-IDP,Negative
C5DBR4,Fungi,non-IDP,Negative
C5DNL7,Fungi,IDP,Negative
C5FP82,Fungi,IDP,Negative
C5FYJ7,Fungi,IDP,Negative
C5I9W9,Plants,IDP,Negative
C5M337,Fungi,non-IDP,Negative
C5NN19,Fungi,IDP,Negative
C5PA33,Fungi,IDP,Negative
C6K2K4,Animals(M),IDP,Negative
C6KFA3,Animals(NM),IDP,Negative
C6Y4A9,Fungi,IDP,Negative
C7IZ16,Plants,IDP,Negative
C7J0A2,Plants,IDP,Negative
C7SFP6,Plants,IDP,Negative
C7T2J9,Animals(M),non-IDP,Negative
C7YJ02,Fungi,IDP,Negative
C8V3W5,Fungi,IDP,Negative
C8V4D4,Fungi,IDP,Negative
C8V9Y5,Fungi,IDP,Negative
C8VC05,Fungi,IDP,Negative
C8VCL5,Fungi,IDP,Negative
C8VCP8,Fungi,IDP,Negative
C8VDI1,Fungi,non-IDP,Negative
C8VQ71,Fungi,IDP,Negative
C8VQ72,Fungi,IDP,Negative
C8YR32,Animals(M),IDP,Negative
C8Z7W7,Fungi,IDP,Negative
C9J6K1,Animals(M),IDP,Negative
C9JDP6,Animals(M),non-IDP,Negative
C9JFL3,Animals(M),IDP,Negative
C9JL84,Animals(M),IDP,Negative
C9JLR9,Animals(M),IDP,Negative
C9JSJ3,Animals(M),IDP,Negative
C9JVW0,Animals(M),IDP,Negative
C9K7C8,Fungi,IDP,Negative
D0CCT2,Prokaryotes,IDP,Negative
D0VX24,Prokaryotes,IDP,Negative
D0VYS2,Animals(M),IDP,Negative
D0ZEW1,Prokaryotes,non-IDP,Negative
D1FNJ9,Animals(NM),IDP,Negative
D1MEJ0,Animals(NM),IDP,Negative
D1MZV3,Animals(NM),IDP,Negative
D2EAC2,Animals(M),IDP,Negative
D2H417,Animals(M),IDP,Negative
D2H617,Animals(M),IDP,Negative
D2H6Z0,Animals(M),IDP,Negative
D2H788,Animals(M),non-IDP,Negative
D2HBJ8,Animals(M),IDP,Negative
D2HD32,Animals(M),IDP,Negative
D2HJ50,Animals(M),IDP,Negative
D2HNW6,Animals(M),IDP,Negative
D2HNY3,Animals(M),IDP,Negative
D2HSA6,Animals(M),IDP,Negative
D2HZB0,Animals(M),IDP,Negative
D2I1E3,Animals(M),IDP,Negative
D2J0Y4,Animals(M),IDP,Negative
D2K835,Animals(NM),IDP,Negative
D2KUZ7,Animals(NM),IDP,Negative
D2YW48,Fungi,IDP,Negative
D3DTV9,Animals(M),IDP,Negative
D3KCC4,Animals(NM),IDP,Negative
D3KYU2,Prokaryotes,IDP,Negative
D3WAC2,Viruses,non-IDP,Negative
D3WAC5,Viruses,IDP,Negative
D3YTS9,Animals(M),IDP,Negative
D3YUG0,Animals(M),IDP,Negative
D3YV10,Animals(M),IDP,Negative
D3YVE8,Animals(M),IDP,Negative
D3YVL2,Animals(M),IDP,Negative
D3YX43,Animals(M),IDP,Negative
D3YY23,Animals(M),IDP,Negative
D3YYI7,Animals(M),IDP,Negative
D3YYM4,Animals(M),IDP,Negative
D3YZF7,Animals(M),IDP,Negative
D3YZI9,Animals(M),IDP,Negative
D3YZV8,Animals(M),IDP,Negative
D3YZZ2,Animals(M),IDP,Negative
D3Z1Q2,Animals(M),IDP,Negative
D3Z291,Animals(M),IDP,Negative
D3Z3C6,Animals(M),IDP,Negative
D3Z3I0,Animals(M),IDP,Negative
D3Z4R1,Animals(M),IDP,Negative
D3Z5L6,Animals(M),IDP,Negative
D3Z5S8,Animals(M),non-IDP,Negative
D3Z6S9,Animals(M),IDP,Negative
D3Z750,Animals(M),IDP,Negative
D3Z7Q2,Animals(M),non-IDP,Negative
D3Z9H7,Animals(M),IDP,Negative
D3Z9M3,Animals(M),IDP,Negative
D3ZE55,Animals(M),IDP,Negative
D3ZEH5,Animals(M),IDP,Negative
D3ZF92,Animals(M),IDP,Negative
D3ZG27,Animals(M),IDP,Negative
D3ZGS3,Animals(M),IDP,Negative
D3ZGX1,Animals(M),IDP,Negative
D3ZHS6,Animals(M),IDP,Negative
D3ZIE4,Animals(M),IDP,Negative
D3ZJ47,Animals(M),IDP,Negative
D3ZJ96,Animals(M),IDP,Negative
D3ZKF5,Animals(M),non-IDP,Negative
D3ZKV9,Animals(M),IDP,Negative
D3ZQL6,Animals(M),IDP,Negative
D3ZSK5,Animals(M),IDP,Negative
D3ZSP7,Animals(M),IDP,Negative
D3ZT86,Animals(M),IDP,Negative
D3ZVF4,Animals(M),non-IDP,Negative
D3ZVU1,Animals(M),IDP,Negative
D3ZXK7,Animals(M),IDP,Negative
D3ZXW3,Animals(M),IDP,Negative
D3ZYP5,Animals(M),IDP,Negative
D3ZZ80,Animals(M),IDP,Negative
D3ZZN9,Animals(M),IDP,Negative
D3ZZW6,Animals(M),IDP,Negative
D4A1W8,Animals(M),IDP,Negative
D4A2Q0,Animals(M),IDP,Negative
D4A4Q2,Animals(M),IDP,Negative
D4A693,Animals(M),non-IDP,Negative
D4A702,Animals(M),IDP,Negative
D4A9E1,Animals(M),IDP,Negative
D4AB66,Animals(M),IDP,Negative
D4ABP9,Animals(M),IDP,Negative
D4AE48,Animals(M),IDP,Negative
D4AE59,Animals(M),IDP,Negative
D4AK18,Fungi,non-IDP,Negative
D4AK94,Fungi,IDP,Negative
D4ALV6,Fungi,non-IDP,Negative
D4APE0,Fungi,IDP,Negative
D4APQ6,Fungi,IDP,Negative
D4AQ27,Fungi,IDP,Negative
D4AQ52,Fungi,IDP,Negative
D4AQG0,Fungi,IDP,Negative
D4ARB1,Fungi,IDP,Negative
D4ARJ9,Fungi,IDP,Negative
D4AS55,Fungi,IDP,Negative
D4ATM6,Fungi,IDP,Negative
D4ATR3,Fungi,IDP,Negative
D4AUF1,Fungi,IDP,Negative
D4AUX6,Fungi,IDP,Negative
D4AY86,Fungi,IDP,Negative
D4AYG1,Fungi,IDP,Negative
D4AYW0,Fungi,IDP,Negative
D4B093,Fungi,IDP,Negative
D4B0F8,Fungi,non-IDP,Negative
D4B1B1,Fungi,IDP,Negative
D4B2L8,Fungi,IDP,Negative
D4B327,Fungi,IDP,Negative
D4B3R7,Fungi,non-IDP,Negative
D4B4K9,Fungi,non-IDP,Negative
D4B5D4,Fungi,IDP,Negative
D4D675,Fungi,IDP,Negative
D4GP36,Prokaryotes,non-IDP,Negative
D4GSE6,Prokaryotes,IDP,Negative
D4GTV9,Prokaryotes,IDP,Negative
D4GU63,Prokaryotes,non-IDP,Negative
D4GUF6,Prokaryotes,non-IDP,Negative
D4GVJ3,Prokaryotes,non-IDP,Negative
D4GWH7,Prokaryotes,IDP,Negative
D4GYG3,Prokaryotes,non-IDP,Negative
D4GYG8,Prokaryotes,non-IDP,Negative
D5ACW4,Plants,IDP,Negative
D5KXH4,Animals(NM),IDP,Negative
D5LGE0,Animals(NM),IDP,Negative
D6MZJ6,Animals(M),IDP,Negative
D6REC4,Animals(M),IDP,Negative
D6RIA3,Animals(M),IDP,Negative
D7PDD4,Animals(M),IDP,Negative
D7PHY9,Fungi,IDP,Negative
D9IQ16,Animals(NM),IDP,Negative
E0CTY1,Plants,IDP,Negative
E0XKJ8,Animals(NM),IDP,Negative
E1B7L7,Animals(M),IDP,Negative
E1B7X9,Animals(M),IDP,Negative
E1B836,Animals(M),IDP,Negative
E1B8W3,Animals(M),IDP,Negative
E1B9I5,Animals(M),IDP,Negative
E1BAR0,Animals(M),IDP,Negative
E1BB03,Animals(M),IDP,Negative
E1BC15,Animals(M),IDP,Negative
E1BD44,Animals(M),IDP,Negative
E1BDF2,Animals(M),IDP,Negative
E1BE02,Animals(M),IDP,Negative
E1BEA8,Animals(M),IDP,Negative
E1BFE9,Animals(M),IDP,Negative
E1BFR5,Animals(M),IDP,Negative
E1BGQ2,Animals(M),IDP,Negative
E1BHC3,Animals(M),IDP,Negative
E1BKF9,Animals(M),non-IDP,Negative
E1BKK0,Animals(M),IDP,Negative
E1BM70,Animals(M),IDP,Negative
E1BNS0,Animals(M),IDP,Negative
E1BNS6,Animals(M),IDP,Negative
E1BP36,Animals(M),non-IDP,Negative
E1BSW7,Animals(NM),IDP,Negative
E1C1R4,Animals(NM),IDP,Negative
E1C6Q1,Animals(NM),non-IDP,Negative
E2E4F7,Animals(NM),IDP,Negative
E2JF22,Animals(M),IDP,Negative
E2QSX5,Animals(M),IDP,Negative
E2R0A5,Animals(M),IDP,Negative
E2R222,Animals(M),non-IDP,Negative
E2R4X3,Animals(M),IDP,Negative
E2R9X2,Animals(M),IDP,Negative
E2RD63,Animals(M),non-IDP,Negative
E2RDM9,Animals(M),IDP,Negative
E2RFJ3,Animals(M),IDP,Negative
E2RK33,Animals(M),IDP,Negative
E2RP94,Animals(M),IDP,Negative
E2RSQ2,Animals(M),IDP,Negative
E2RYF7,Animals(M),IDP,Negative
E3QFA7,Fungi,IDP,Negative
E3QKH9,Fungi,non-IDP,Negative
E5AE35,Fungi,IDP,Negative
E5AE43,Fungi,IDP,Negative
E5DG73,Fungi,IDP,Negative
E5RHQ5,Animals(M),IDP,Negative
E5RJ46,Animals(M),IDP,Negative
E5RJM6,Animals(M),IDP,Negative
E6R3N7,Fungi,IDP,Negative
E6R427,Fungi,IDP,Negative
E7CIP7,Animals(NM),IDP,Negative
E7EW31,Animals(M),IDP,Negative
E7EXZ6,Animals(NM),IDP,Negative
E7F3I6,Animals(NM),IDP,Negative
E7FEC4,Animals(NM),IDP,Negative
E7FF10,Animals(NM),IDP,Negative
E7FGY2,Animals(NM),non-IDP,Negative
E9FDE9,Fungi,non-IDP,Negative
E9PB15,Animals(M),IDP,Negative
E9PGG2,Animals(M),IDP,Negative
E9PI22,Animals(M),IDP,Negative
E9PRG8,Animals(M),IDP,Negative
E9PTA2,Animals(M),IDP,Negative
E9PU17,Animals(M),IDP,Negative
E9PUQ8,Animals(M),IDP,Negative
E9PV86,Animals(M),IDP,Negative
E9PVB3,Animals(M),IDP,Negative
E9PVD1,Animals(M),IDP,Negative
E9PXT9,Animals(M),IDP,Negative
E9PY46,Animals(M),IDP,Negative
E9PYK3,Animals(M),IDP,Negative
E9PYQ0,Animals(M),IDP,Negative
E9PZZ1,Animals(M),IDP,Negative
E9Q0C6,Animals(M),IDP,Negative
E9Q0N2,Animals(M),IDP,Negative
E9Q137,Animals(M),IDP,Negative
E9Q1U1,Animals(M),IDP,Negative
E9Q2Z1,Animals(M),IDP,Negative
E9Q343,Animals(M),IDP,Negative
E9Q349,Animals(M),IDP,Negative
E9Q368,Animals(M),IDP,Negative
E9Q3C1,Animals(M),IDP,Negative
E9Q3D4,Animals(M),IDP,Negative
E9Q3T6,Animals(M),IDP,Negative
E9Q4F7,Animals(M),IDP,Negative
E9Q5M6,Animals(M),IDP,Negative
E9Q6D8,Animals(M),IDP,Negative
E9Q6E9,Animals(M),IDP,Negative
E9Q6W4,Animals(M),IDP,Negative
E9Q743,Animals(M),IDP,Negative
E9Q784,Animals(M),IDP,Negative
E9Q7F2,Animals(M),IDP,Negative
E9Q7R9,Animals(M),IDP,Negative
E9Q7T7,Animals(M),IDP,Negative
E9Q7X6,Animals(M),IDP,Negative
E9Q876,Animals(M),IDP,Negative
E9Q8Q8,Animals(M),IDP,Negative
E9Q8T2,Animals(M),IDP,Negative
E9Q942,Animals(M),IDP,Negative
E9Q9F6,Animals(M),IDP,Negative
E9Q9F7,Animals(M),IDP,Negative
E9Q9H8,Animals(M),IDP,Negative
E9QA28,Animals(M),non-IDP,Negative
E9QA62,Animals(M),IDP,Negative
E9QAU8,Animals(M),IDP,Negative
E9QHT9,Animals(NM),non-IDP,Negative
E9QJ30,Animals(NM),IDP,Negative
E9QJQ6,Animals(NM),IDP,Negative
E9QMW4,Animals(M),IDP,Negative
F1LM81,Animals(M),IDP,Negative
F1LTE0,Animals(M),IDP,Negative
F1MCY2,Animals(M),IDP,Negative
F1MGG3,Animals(M),IDP,Negative
F1MKX4,Animals(M),IDP,Negative
F1MMV1,Animals(M),IDP,Negative
F1MQW7,Animals(M),IDP,Negative
F1MRK3,Animals(M),IDP,Negative
F1MRW8,Animals(M),IDP,Negative
F1MS15,Animals(M),IDP,Negative
F1N2W9,Animals(M),IDP,Negative
F1N4E5,Animals(M),IDP,Negative
F1N6G5,Animals(M),IDP,Negative
F1N7G5,Animals(M),IDP,Negative
F1N9S8,Animals(NM),IDP,Negative
F1NNL1,Animals(NM),IDP,Negative
F1NPQ2,Animals(NM),non-IDP,Negative
F1NSM7,Animals(NM),IDP,Negative
F1NXU8,Animals(NM),IDP,Negative
F1NZI4,Animals(NM),non-IDP,Negative
F1NZP5,Animals(NM),non-IDP,Negative
F1P3Y5,Animals(NM),IDP,Negative
F1P963,Animals(M),non-IDP,Negative
F1PT61,Animals(M),IDP,Negative
F1PZV2,Animals(M),IDP,Negative
F1QAJ4,Animals(NM),IDP,Negative
F1QMB9,Animals(NM),IDP,Negative
F1QNW4,Animals(NM),IDP,Negative
F1QUP1,Animals(NM),IDP,Negative
F1QWW8,Animals(NM),non-IDP,Negative
F1QY75,Animals(NM),IDP,Negative
F1QYJ6,Animals(NM),IDP,Negative
F1RB95,Animals(NM),IDP,Negative
F1RKB1,Animals(M),IDP,Negative
F1RKQ4,Animals(M),IDP,Negative
F1SAM7,Animals(M),IDP,Negative
F1SLM8,Animals(M),IDP,Negative
F1SRY5,Animals(M),IDP,Negative
F1SY70,Fungi,IDP,Negative
F1SY74,Fungi,IDP,Negative
F1SY82,Fungi,non-IDP,Negative
F2PLH2,Fungi,IDP,Negative
F2YMG0,Animals(M),IDP,Negative
F2Z3F1,Animals(M),IDP,Negative
F4HNU6,Plants,IDP,Negative
F4HWL4,Plants,IDP,Negative
F4HXY7,Plants,IDP,Negative
F4I214,Plants,non-IDP,Negative
F4I313,Plants,IDP,Negative
F4I3V6,Plants,IDP,Negative
F4I8H8,Plants,IDP,Negative
F4IDI6,Plants,IDP,Negative
F4IFD0,Plants,IDP,Negative
F4IJZ6,Plants,IDP,Negative
F4IRR2,Plants,IDP,Negative
F4ITM1,Plants,IDP,Negative
F4IUW3,Plants,IDP,Negative
F4J7A7,Plants,IDP,Negative
F4JF21,Plants,IDP,Negative
F4JGB7,Plants,non-IDP,Negative
F4JKQ7,Plants,IDP,Negative
F4JLQ5,Plants,IDP,Negative
F4JMJ1,Plants,IDP,Negative
F4JP43,Plants,IDP,Negative
F4JRC5,Plants,IDP,Negative
F4JZN6,Plants,IDP,Negative
F4K0A6,Plants,IDP,Negative
F4K1G2,Plants,IDP,Negative
F4K1R2,Plants,IDP,Negative
F4K4R6,Plants,non-IDP,Negative
F4K956,Plants,IDP,Negative
F4KCH3,Plants,IDP,Negative
F4KHA8,Plants,IDP,Negative
F4NYQ2,Fungi,IDP,Negative
F5GYI3,Animals(M),IDP,Negative
F5H4A9,Animals(M),IDP,Negative
F5H4B4,Animals(M),IDP,Negative
F5H9T4,Viruses,IDP,Negative
F5HDE7,Viruses,non-IDP,Negative
F5HET8,Viruses,non-IDP,Negative
F5HF90,Viruses,IDP,Negative
F5HHT6,Viruses,IDP,Negative
F6QRE9,Animals(M),IDP,Negative
F6RJC2,Animals(M),IDP,Negative
F6SDF8,Animals(NM),IDP,Negative
F6TQD1,Animals(M),IDP,Negative
F6V1J6,Animals(NM),IDP,Negative
F6WEQ6,Animals(M),IDP,Negative
F6YCR7,Animals(M),IDP,Negative
F7ARS3,Animals(M),IDP,Negative
F7BK26,Animals(NM),IDP,Negative
F7C1E2,Animals(NM),IDP,Negative
F7DF15,Animals(M),IDP,Negative
F7E235,Animals(NM),IDP,Negative
F7E727,Animals(M),IDP,Negative
F7F3Q2,Animals(M),non-IDP,Negative
F7J1C8,Fungi,IDP,Negative
F7J220,Animals(NM),IDP,Negative
F7VJQ3,Animals(M),IDP,Negative
F8S122,Animals(NM),non-IDP,Negative
F8VPJ6,Animals(M),IDP,Negative
F8VPN2,Animals(M),IDP,Negative
F8VPQ2,Animals(M),IDP,Negative
F8VPY8,Animals(M),IDP,Negative
F8VPZ3,Animals(M),IDP,Negative
F8VQ03,Animals(M),IDP,Negative
F8VQB6,Animals(M),IDP,Negative
F8VTS6,Animals(M),non-IDP,Negative
F8WCM5,Animals(M),IDP,Negative
F8WLE0,Animals(M),IDP,Negative
G0R6S7,Fungi,IDP,Negative
G0RH19,Fungi,non-IDP,Negative
G0RT93,Fungi,IDP,Negative
G0RYE9,Fungi,IDP,Negative
G0S2K4,Fungi,IDP,Negative
G0S381,Fungi,IDP,Negative
G0S5Q0,Fungi,IDP,Negative
G0S616,Fungi,IDP,Negative
G0S6T0,Fungi,IDP,Negative
G0SAN7,Fungi,IDP,Negative
G0SB44,Fungi,IDP,Negative
G0SBQ3,Fungi,IDP,Negative
G0SCH6,Fungi,IDP,Negative
G0YF19,Fungi,IDP,Negative
G1JSL4,Plants,IDP,Negative
G1SRW8,Animals(M),IDP,Negative
G1SZ12,Animals(M),IDP,Negative
G1X5Y2,Fungi,IDP,Negative
G2Q0E2,Fungi,IDP,Negative
G2QCS4,Fungi,IDP,Negative
G2QJ27,Fungi,non-IDP,Negative
G2TRK9,Fungi,IDP,Negative
G2TRL2,Fungi,non-IDP,Negative
G2TRL4,Fungi,IDP,Negative
G2TRP0,Fungi,IDP,Negative
G2TRP2,Fungi,IDP,Negative
G2TRP3,Fungi,IDP,Negative
G2TRQ0,Fungi,IDP,Negative
G2TRR8,Fungi,IDP,Negative
G2TRU3,Fungi,IDP,Negative
G2X4U8,Fungi,non-IDP,Negative
G2XA95,Fungi,IDP,Negative
G2XQT1,Fungi,IDP,Negative
G3C7W6,Animals(M),non-IDP,Negative
G3GTP0,Animals(M),IDP,Negative
G3GXG9,Animals(M),IDP,Negative
G3HKI1,Animals(M),IDP,Negative
G3JF09,Fungi,IDP,Negative
G3MU46,Animals(NM),non-IDP,Negative
G3MY25,Animals(M),IDP,Negative
G3MZC5,Animals(M),IDP,Negative
G3UYX5,Animals(M),IDP,Negative
G3UZ78,Animals(M),IDP,Negative
G3V6U9,Animals(M),IDP,Negative
G3V909,Animals(M),IDP,Negative
G3V9M2,Animals(M),IDP,Negative
G3X912,Animals(M),IDP,Negative
G3X9C2,Animals(M),IDP,Negative
G3X9U1,Animals(M),IDP,Negative
G3X9X1,Animals(M),non-IDP,Negative
G3XD28,Prokaryotes,non-IDP,Negative
G3Y4N5,Fungi,IDP,Negative
G3YAF3,Fungi,non-IDP,Negative
G4MMH2,Fungi,IDP,Negative
G4MRQ6,Fungi,IDP,Negative
G4MY67,Fungi,IDP,Negative
G4N285,Fungi,non-IDP,Negative
G4N2A8,Fungi,IDP,Negative
G4N553,Fungi,IDP,Negative
G4N891,Fungi,IDP,Negative
G4NF50,Fungi,IDP,Negative
G4NKW5,Fungi,IDP,Negative
G5BQH4,Animals(M),IDP,Negative
G5CKU5,Animals(NM),non-IDP,Negative
G5CTG7,Animals(NM),IDP,Negative
G5E861,Animals(M),IDP,Negative
G5E869,Animals(M),IDP,Negative
G5E870,Animals(M),IDP,Negative
G5E8V9,Animals(M),IDP,Negative
G5E8Z2,Animals(M),IDP,Negative
G5E9R7,Animals(M),IDP,Negative
G5EBL3,Animals(NM),IDP,Negative
G5EBU3,Animals(NM),IDP,Negative
G5EC63,Animals(NM),IDP,Negative
G5ECD9,Animals(NM),IDP,Negative
G5ECK3,Animals(NM),IDP,Negative
G5ED84,Animals(NM),IDP,Negative
G5EF48,Animals(NM),IDP,Negative
G5EG61,Animals(NM),IDP,Negative
G7NYP9,Animals(M),IDP,Negative
G7PWZ3,Animals(M),IDP,Negative
G8QM62,Prokaryotes,non-IDP,Negative
G8QM64,Prokaryotes,IDP,Negative
G9LZD7,Plants,IDP,Negative
H0UZ81,Animals(M),IDP,Negative
H1V216,Fungi,IDP,Negative
H2A0K8,Animals(NM),non-IDP,Negative
H2A0M9,Animals(NM),non-IDP,Negative
H2FH31,Animals(NM),IDP,Negative
H2KYQ5,Animals(NM),IDP,Negative
H2MCM1,Animals(NM),IDP,Negative
H2N4I1,Animals(M),IDP,Negative
H2Q5A1,Animals(M),IDP,Negative
H2QAR6,Animals(M),IDP,Negative
H2QL32,Animals(M),IDP,Negative
H3BMG3,Animals(M),IDP,Negative
H3BNL1,Animals(M),non-IDP,Negative
H3BR10,Animals(M),IDP,Negative
H3BU77,Animals(M),IDP,Negative
H7BZ55,Animals(M),IDP,Negative
H7C241,Animals(M),non-IDP,Negative
H7C350,Animals(M),IDP,Negative
H9GBX2,Animals(NM),IDP,Negative
I1C083,Fungi,non-IDP,Negative
I1CS06,Fungi,IDP,Negative
I1GTC2,Plants,IDP,Negative
I1RAL7,Fungi,IDP,Negative
I1RAY1,Fungi,IDP,Negative
I1RB03,Fungi,IDP,Negative
I1RD82,Fungi,IDP,Negative
I1RDA9,Fungi,IDP,Negative
I1RF63,Fungi,IDP,Negative
I1RGD4,Fungi,IDP,Negative
I1RKA1,Fungi,IDP,Negative
I1RLA5,Fungi,IDP,Negative
I1RLA6,Fungi,IDP,Negative
I1RLL3,Fungi,IDP,Negative
I1RMK9,Fungi,IDP,Negative
I1RNL0,Fungi,IDP,Negative
I1RNT1,Fungi,IDP,Negative
I1RZZ3,Fungi,IDP,Negative
I1S104,Fungi,IDP,Negative
I1S1Q3,Fungi,non-IDP,Negative
I1S6W0,Fungi,non-IDP,Negative
I1Z8E6,Fungi,IDP,Negative
I2DBY3,Fungi,IDP,Negative
I3L0S3,Animals(M),IDP,Negative
I3L1E1,Animals(M),IDP,Negative
I3L3R5,Animals(M),IDP,Negative
I3LGZ3,Animals(M),IDP,Negative
I3R9Z2,Prokaryotes,IDP,Negative
I6XHI0,Prokaryotes,non-IDP,Negative
I6Y4D2,Prokaryotes,IDP,Negative
I6Y8I5,Prokaryotes,non-IDP,Negative
I6YET7,Prokaryotes,IDP,Negative
I7HHN4,Viruses,IDP,Negative
J3KML8,Animals(M),IDP,Negative
J3QMY9,Animals(M),IDP,Negative
J3QNX5,Animals(M),IDP,Negative
J3QPC3,Animals(M),IDP,Negative
J3S6Y1,Animals(M),non-IDP,Negative
J4KLY0,Fungi,non-IDP,Negative
J5JHE8,Fungi,IDP,Negative
J9HGJ1,Animals(NM),IDP,Negative
J9VDQ4,Fungi,IDP,Negative
J9VEN6,Fungi,IDP,Negative
J9VHE9,Fungi,IDP,Negative
J9VIL4,Fungi,IDP,Negative
J9VKY2,Fungi,IDP,Negative
J9VL95,Fungi,IDP,Negative
J9VLY3,Fungi,IDP,Negative
J9VP29,Fungi,IDP,Negative
J9VQC4,Fungi,IDP,Negative
J9VS56,Fungi,IDP,Negative
J9VTB0,Fungi,IDP,Negative
J9VVE7,Fungi,IDP,Negative
K1XVG1,Fungi,IDP,Negative
K1XW16,Fungi,IDP,Negative
K3VD64,Fungi,non-IDP,Negative
K7EJ46,Animals(M),IDP,Negative
K7ND00,Fungi,IDP,Negative
K7NTD0,Animals(NM),IDP,Negative
K7VLR4,Plants,IDP,Negative
L0E163,Fungi,IDP,Negative
L0GCJ6,Animals(NM),IDP,Negative
L0PIN3,Animals(NM),IDP,Negative
L0R819,Animals(M),IDP,Negative
L7N695,Prokaryotes,IDP,Negative
L7VG99,Animals(NM),IDP,Negative
L7WRR9,Fungi,IDP,Negative
L7WU90,Fungi,IDP,Negative
M0R2J8,Animals(M),IDP,Negative
M0R7Z9,Animals(M),IDP,Negative
M0RAU5,Animals(M),IDP,Negative
M0RD54,Animals(M),IDP,Negative
M1VWN2,Fungi,IDP,Negative
M4IQQ7,Plants,IDP,Negative
M5AXY1,Animals(M),non-IDP,Negative
N1PA11,Fungi,IDP,Negative
O00294,Animals(M),IDP,Negative
O00321,Animals(M),IDP,Negative
O01352,Animals(NM),IDP,Negative
O01725,Animals(NM),IDP,Negative
O02008,Animals(NM),IDP,Negative
O02666,Animals(M),IDP,Negative
O02671,Animals(M),IDP,Negative
O02695,Animals(M),IDP,Negative
O02696,Animals(M),IDP,Negative
O02703,Animals(M),IDP,Negative
O02751,Animals(M),IDP,Negative
O02767,Animals(M),IDP,Negative
O02773,Animals(M),IDP,Negative
O02785,Animals(M),IDP,Negative
O02789,Animals(M),non-IDP,Negative
O02791,Animals(M),non-IDP,Negative
O02810,Animals(M),IDP,Negative
O02833,Animals(M),non-IDP,Negative
O03978,Viruses,IDP,Negative
O04034,Plants,non-IDP,Negative
O04036,Plants,IDP,Negative
O04059,Plants,IDP,Negative
O04132,Plants,IDP,Negative
O04173,Plants,non-IDP,Negative
O04244,Plants,IDP,Negative
O04310,Plants,IDP,Negative
O04433,Plants,IDP,Negative
O04587,Plants,IDP,Negative
O04714,Plants,IDP,Negative
O06391,Prokaryotes,non-IDP,Negative
O06490,Prokaryotes,IDP,Negative
O06720,Prokaryotes,IDP,Negative
O06733,Prokaryotes,non-IDP,Negative
O07572,Prokaryotes,non-IDP,Negative
O08523,Animals(M),non-IDP,Negative
O08546,Animals(M),IDP,Negative
O08550,Animals(M),IDP,Negative
O08602,Animals(M),IDP,Negative
O08609,Animals(M),IDP,Negative
O08640,Animals(M),non-IDP,Negative
O08672,Animals(M),IDP,Negative
O08677,Animals(M),IDP,Negative
O08686,Animals(M),IDP,Negative
O08692,Animals(M),IDP,Negative
O08703,Animals(M),IDP,Negative
O08734,Animals(M),IDP,Negative
O08789,Animals(M),IDP,Negative
O08796,Animals(M),IDP,Negative
O08843,Animals(M),IDP,Negative
O08876,Animals(M),IDP,Negative
O08884,Animals(M),non-IDP,Negative
O08888,Animals(M),IDP,Negative
O08934,Animals(M),IDP,Negative
O08949,Animals(M),IDP,Negative
O08961,Animals(M),IDP,Negative
O08969,Animals(M),IDP,Negative
O08983,Animals(M),IDP,Negative
O09027,Animals(M),IDP,Negative
O09030,Animals(M),IDP,Negative
O09035,Animals(M),non-IDP,Negative
O09046,Animals(M),IDP,Negative
O09102,Animals(M),IDP,Negative
O09112,Animals(M),IDP,Negative
O09116,Animals(M),IDP,Negative
O09126,Animals(M),IDP,Negative
O09133,Animals(M),IDP,Negative
O09159,Animals(M),IDP,Negative
O09160,Animals(M),IDP,Negative
O09161,Animals(M),IDP,Negative
O09164,Animals(M),IDP,Negative
O09173,Animals(M),non-IDP,Negative
O10308,Viruses,non-IDP,Negative
O10311,Viruses,IDP,Negative
O10341,Viruses,IDP,Negative
O10347,Viruses,IDP,Negative
O10354,Viruses,IDP,Negative
O10442,Viruses,IDP,Negative
O13001,Animals(NM),IDP,Negative
O13035,Animals(NM),non-IDP,Negative
O13067,Animals(NM),IDP,Negative
O13472,Fungi,IDP,Negative
O13531,Fungi,non-IDP,Negative
O13534,Fungi,non-IDP,Negative
O13535,Fungi,IDP,Negative
O13541,Fungi,IDP,Negative
O13555,Fungi,IDP,Negative
O13566,Fungi,IDP,Negative
O13582,Fungi,non-IDP,Negative
O13584,Fungi,non-IDP,Negative
O13647,Fungi,IDP,Negative
O13689,Fungi,IDP,Negative
O13710,Fungi,IDP,Negative
O13760,Fungi,IDP,Negative
O13765,Fungi,IDP,Negative
O13770,Fungi,non-IDP,Negative
O13819,Fungi,IDP,Negative
O13820,Fungi,non-IDP,Negative
O13830,Fungi,IDP,Negative
O13842,Fungi,IDP,Negative
O13853,Fungi,IDP,Negative
O13882,Fungi,IDP,Negative
O13918,Fungi,IDP,Negative
O13932,Fungi,IDP,Negative
O13968,Fungi,IDP,Negative
O13982,Fungi,IDP,Negative
O13995,Fungi,IDP,Negative
O14023,Fungi,non-IDP,Negative
O14031,Fungi,IDP,Negative
O14032,Fungi,IDP,Negative
O14034,Fungi,non-IDP,Negative
O14037,Fungi,non-IDP,Negative
O14067,Fungi,IDP,Negative
O14077,Fungi,non-IDP,Negative
O14087,Fungi,IDP,Negative
O14091,Fungi,IDP,Negative
O14098,Fungi,IDP,Negative
O14141,Fungi,IDP,Negative
O14177,Fungi,IDP,Negative
O14185,Fungi,IDP,Negative
O14189,Fungi,IDP,Negative
O14195,Fungi,IDP,Negative
O14209,Fungi,non-IDP,Negative
O14239,Fungi,IDP,Negative
O14300,Fungi,IDP,Negative
O14330,Fungi,IDP,Negative
O14334,Fungi,IDP,Negative
O14348,Fungi,IDP,Negative
O14355,Fungi,IDP,Negative
O14369,Fungi,IDP,Negative
O14412,Fungi,non-IDP,Negative
O14450,Fungi,non-IDP,Negative
O14529,Animals(M),IDP,Negative
O14772,Animals(M),IDP,Negative
O14791,Animals(M),IDP,Negative
O15255,Animals(M),IDP,Negative
O15428,Animals(M),IDP,Negative
O15482,Animals(M),IDP,Negative
O15529,Animals(M),IDP,Negative
O15537,Animals(M),non-IDP,Negative
O16011,Animals(NM),IDP,Negative
O16098,Animals(NM),IDP,Negative
O16686,Animals(NM),IDP,Negative
O17072,Animals(NM),IDP,Negative
O17730,Animals(NM),IDP,Negative
O18740,Animals(M),IDP,Negative
O18746,Animals(M),IDP,Negative
O18796,Animals(M),IDP,Negative
O18824,Animals(M),non-IDP,Negative
O18881,Animals(M),IDP,Negative
O18906,Animals(M),IDP,Negative
O19071,Animals(M),IDP,Negative
O19094,Animals(M),IDP,Negative
O19110,Animals(M),IDP,Negative
O19131,Animals(M),IDP,Negative
O21405,Animals(NM),non-IDP,Negative
O22002,Viruses,IDP,Negative
O22010,Viruses,IDP,Negative
O22160,Plants,non-IDP,Negative
O22553,Plants,IDP,Negative
O22633,Plants,IDP,Negative
O22727,Plants,IDP,Negative
O22797,Plants,non-IDP,Negative
O22802,Plants,IDP,Negative
O22854,Plants,IDP,Negative
O22901,Plants,non-IDP,Negative
O23305,Plants,IDP,Negative
O23492,Plants,non-IDP,Negative
O24296,Plants,non-IDP,Negative
O24454,Plants,IDP,Negative
O25551,Prokaryotes,non-IDP,Negative
O26774,Prokaryotes,IDP,Negative
O28317,Prokaryotes,non-IDP,Negative
O29416,Prokaryotes,non-IDP,Negative
O29546,Prokaryotes,non-IDP,Negative
O30280,Prokaryotes,IDP,Negative
O31453,Prokaryotes,non-IDP,Negative
O31540,Prokaryotes,non-IDP,Negative
O31793,Prokaryotes,non-IDP,Negative
O31801,Prokaryotes,non-IDP,Negative
O31802,Prokaryotes,non-IDP,Negative
O31810,Prokaryotes,IDP,Negative
O31821,Prokaryotes,non-IDP,Negative
O31991,Prokaryotes,non-IDP,Negative
O32041,Prokaryotes,IDP,Negative
O32175,Prokaryotes,non-IDP,Negative
O32284,Prokaryotes,IDP,Negative
O33914,Prokaryotes,non-IDP,Negative
O34438,Prokaryotes,non-IDP,Negative
O35075,Animals(M),non-IDP,Negative
O35089,Animals(M),IDP,Negative
O35103,Animals(M),IDP,Negative
O35137,Animals(M),IDP,Negative
O35149,Animals(M),IDP,Negative
O35166,Animals(M),IDP,Negative
O35167,Animals(M),IDP,Negative
O35181,Animals(M),IDP,Negative
O35188,Animals(M),IDP,Negative
O35206,Animals(M),IDP,Negative
O35214,Animals(M),IDP,Negative
O35261,Animals(M),IDP,Negative
O35304,Animals(M),IDP,Negative
O35308,Animals(M),IDP,Negative
O35309,Animals(M),IDP,Negative
O35317,Animals(M),IDP,Negative
O35347,Animals(M),IDP,Negative
O35348,Animals(M),IDP,Negative
O35375,Animals(M),IDP,Negative
O35385,Animals(M),IDP,Negative
O35386,Animals(M),non-IDP,Negative
O35392,Animals(M),IDP,Negative
O35409,Animals(M),IDP,Negative
O35425,Animals(M),non-IDP,Negative
O35450,Animals(M),IDP,Negative
O35451,Animals(M),IDP,Negative
O35457,Animals(M),IDP,Negative
O35474,Animals(M),non-IDP,Negative
O35551,Animals(M),IDP,Negative
O35607,Animals(M),IDP,Negative
O35609,Animals(M),IDP,Negative
O35623,Animals(M),IDP,Negative
O35674,Animals(M),IDP,Negative
O35710,Animals(M),IDP,Negative
O35711,Animals(M),IDP,Negative
O35714,Animals(M),IDP,Negative
O35719,Animals(M),non-IDP,Negative
O35738,Animals(M),IDP,Negative
O35799,Animals(M),IDP,Negative
O35817,Animals(M),IDP,Negative
O35827,Animals(M),IDP,Negative
O35885,Animals(M),IDP,Negative
O35892,Animals(M),IDP,Negative
O35930,Animals(M),IDP,Negative
O35949,Animals(M),IDP,Negative
O35986,Animals(M),IDP,Negative
O36029,Fungi,IDP,Negative
O36408,Viruses,non-IDP,Negative
O36421,Viruses,IDP,Negative
O41156,Viruses,IDP,Negative
O42152,Animals(NM),non-IDP,Negative
O42163,Animals(NM),non-IDP,Negative
O42364,Animals(NM),IDP,Negative
O42395,Animals(NM),non-IDP,Negative
O42401,Animals(NM),non-IDP,Negative
O42490,Animals(NM),IDP,Negative
O42632,Fungi,IDP,Negative
O42645,Fungi,non-IDP,Negative
O42721,Fungi,IDP,Negative
O42794,Fungi,IDP,Negative
O42866,Fungi,non-IDP,Negative
O42918,Fungi,IDP,Negative
O42921,Fungi,IDP,Negative
O42979,Fungi,IDP,Negative
O43080,Fungi,non-IDP,Negative
O43089,Fungi,non-IDP,Negative
O43280,Animals(M),non-IDP,Negative
O43451,Animals(M),IDP,Negative
O43927,Animals(M),non-IDP,Negative
O44252,Animals(NM),IDP,Negative
O44440,Animals(NM),IDP,Negative
O44665,Animals(NM),non-IDP,Negative
O45102,Animals(NM),IDP,Negative
O45824,Animals(NM),IDP,Negative
O45870,Animals(NM),IDP,Negative
O46102,Animals(NM),IDP,Negative
O46107,Animals(NM),IDP,Negative
O46385,Animals(M),IDP,Negative
O46419,Animals(M),non-IDP,Negative
O46598,Animals(M),IDP,Negative
O46606,Animals(M),IDP,Negative
O46660,Animals(M),IDP,Negative
O47478,Animals(NM),IDP,Negative
O47492,Animals(NM),IDP,Negative
O47493,Animals(NM),IDP,Negative
O47498,Animals(NM),IDP,Negative
O48446,Viruses,non-IDP,Negative
O48448,Viruses,IDP,Negative
O48470,Viruses,IDP,Negative
O48471,Viruses,non-IDP,Negative
O48520,Plants,IDP,Negative
O48716,Plants,IDP,Negative
O48724,Plants,IDP,Negative
O48840,Plants,IDP,Negative
O48916,Plants,non-IDP,Negative
O49432,Plants,IDP,Negative
O49624,Plants,IDP,Negative
O51035,Prokaryotes,non-IDP,Negative
O51309,Prokaryotes,IDP,Negative
O52025,Prokaryotes,IDP,Negative
O53553,Prokaryotes,IDP,Negative
O54709,Animals(M),IDP,Negative
O54713,Animals(M),IDP,Negative
O54743,Animals(M),IDP,Negative
O54786,Animals(M),IDP,Negative
O54819,Animals(M),non-IDP,Negative
O54827,Animals(M),IDP,Negative
O54838,Animals(M),non-IDP,Negative
O54858,Animals(M),IDP,Negative
O54880,Animals(M),IDP,Negative
O54885,Animals(M),IDP,Negative
O54897,Animals(M),IDP,Negative
O54905,Animals(M),IDP,Negative
O54907,Animals(M),IDP,Negative
O54908,Animals(M),non-IDP,Negative
O54910,Animals(M),IDP,Negative
O54912,Animals(M),IDP,Negative
O54960,Animals(M),IDP,Negative
O54963,Animals(M),IDP,Negative
O54972,Animals(M),IDP,Negative
O54990,Animals(M),IDP,Negative
O55034,Animals(M),IDP,Negative
O55035,Animals(M),IDP,Negative
O55040,Animals(M),IDP,Negative
O55081,Animals(M),IDP,Negative
O55082,Animals(M),IDP,Negative
O55087,Animals(M),IDP,Negative
O55111,Animals(M),IDP,Negative
O55134,Animals(M),IDP,Negative
O55196,Animals(M),IDP,Negative
O55207,Animals(M),IDP,Negative
O55208,Animals(M),IDP,Negative
O55225,Animals(M),IDP,Negative
O55233,Animals(M),IDP,Negative
O55236,Animals(M),IDP,Negative
O55237,Animals(M),IDP,Negative
O55714,Viruses,IDP,Negative
O55718,Viruses,non-IDP,Negative
O55723,Viruses,non-IDP,Negative
O55724,Viruses,IDP,Negative
O55741,Viruses,IDP,Negative
O55757,Viruses,IDP,Negative
O55761,Viruses,IDP,Negative
O57589,Animals(NM),IDP,Negative
O59671,Fungi,IDP,Negative
O59681,Fungi,IDP,Negative
O59714,Fungi,IDP,Negative
O59721,Fungi,IDP,Negative
O59758,Fungi,IDP,Negative
O59764,Fungi,IDP,Negative
O59772,Fungi,non-IDP,Negative
O59779,Fungi,IDP,Negative
O59939,Fungi,IDP,Negative
O59942,Fungi,IDP,Negative
O60020,Fungi,non-IDP,Negative
O60024,Fungi,IDP,Negative
O60046,Fungi,IDP,Negative
O60058,Fungi,IDP,Negative
O60064,Fungi,non-IDP,Negative
O60086,Fungi,IDP,Negative
O60108,Fungi,non-IDP,Negative
O60109,Fungi,IDP,Negative
O60124,Fungi,IDP,Negative
O60154,Fungi,IDP,Negative
O60176,Fungi,IDP,Negative
O60393,Animals(M),IDP,Negative
O60404,Animals(M),IDP,Negative
O60524,Animals(M),IDP,Negative
O60756,Animals(M),IDP,Negative
O61643,Animals(NM),IDP,Negative
O61902,Animals(NM),IDP,Negative
O62169,Animals(NM),IDP,Negative
O62583,Fungi,non-IDP,Negative
O62644,Animals(M),non-IDP,Negative
O62657,Animals(M),non-IDP,Negative
O62678,Animals(M),IDP,Negative
O62709,Animals(M),IDP,Negative
O62771,Animals(M),IDP,Negative
O62772,Animals(M),non-IDP,Negative
O62827,Animals(M),IDP,Negative
O62830,Animals(M),IDP,Negative
O63796,Animals(NM),non-IDP,Negative
O64032,Viruses,IDP,Negative
O64039,Viruses,non-IDP,Negative
O64076,Viruses,non-IDP,Negative
O64131,Viruses,IDP,Negative
O64174,Viruses,non-IDP,Negative
O64200,Viruses,IDP,Negative
O64203,Viruses,IDP,Negative
O64226,Viruses,IDP,Negative
O64228,Viruses,non-IDP,Negative
O64229,Viruses,non-IDP,Negative
O64240,Viruses,IDP,Negative
O64245,Viruses,IDP,Negative
O64314,Viruses,IDP,Negative
O64503,Plants,non-IDP,Negative
O64517,Plants,IDP,Negative
O64527,Plants,IDP,Negative
O64614,Plants,IDP,Negative
O64818,Plants,IDP,Negative
O65333,Plants,IDP,Negative
O65502,Plants,IDP,Negative
O65607,Plants,IDP,Negative
O65693,Plants,IDP,Negative
O65718,Plants,IDP,Negative
O67005,Prokaryotes,non-IDP,Negative
O68887,Prokaryotes,non-IDP,Negative
O69623,Prokaryotes,non-IDP,Negative
O70137,Animals(M),IDP,Negative
O70156,Animals(M),IDP,Negative
O70167,Animals(M),IDP,Negative
O70183,Animals(M),IDP,Negative
O70191,Animals(M),IDP,Negative
O70212,Animals(M),IDP,Negative
O70220,Animals(M),IDP,Negative
O70279,Animals(M),IDP,Negative
O70280,Animals(M),IDP,Negative
O70324,Animals(M),IDP,Negative
O70337,Animals(M),IDP,Negative
O70342,Animals(M),IDP,Negative
O70344,Animals(M),IDP,Negative
O70355,Animals(M),non-IDP,Negative
O70394,Animals(M),IDP,Negative
O70404,Animals(M),IDP,Negative
O70418,Animals(M),IDP,Negative
O70423,Animals(M),IDP,Negative
O70458,Animals(M),IDP,Negative
O70491,Animals(M),IDP,Negative
O70511,Animals(M),IDP,Negative
O70514,Animals(M),IDP,Negative
O70554,Animals(M),IDP,Negative
O70555,Animals(M),IDP,Negative
O70556,Animals(M),IDP,Negative
O70557,Animals(M),IDP,Negative
O70558,Animals(M),IDP,Negative
O70559,Animals(M),IDP,Negative
O70579,Animals(M),non-IDP,Negative
O70583,Animals(M),IDP,Negative
O70584,Animals(M),IDP,Negative
O70608,Animals(M),IDP,Negative
O70622,Animals(M),IDP,Negative
O71028,Viruses,non-IDP,Negative
O73592,Animals(NM),IDP,Negative
O73612,Animals(NM),IDP,Negative
O73698,Animals(NM),IDP,Negative
O73755,Animals(NM),IDP,Negative
O73895,Animals(NM),IDP,Negative
O74161,Fungi,IDP,Negative
O74174,Fungi,IDP,Negative
O74199,Fungi,IDP,Negative
O74288,Fungi,non-IDP,Negative
O74300,Fungi,IDP,Negative
O74311,Fungi,non-IDP,Negative
O74315,Fungi,IDP,Negative
O74326,Fungi,IDP,Negative
O74327,Fungi,non-IDP,Negative
O74343,Fungi,IDP,Negative
O74347,Fungi,IDP,Negative
O74418,Fungi,IDP,Negative
O74430,Fungi,IDP,Negative
O74453,Fungi,IDP,Negative
O74457,Fungi,IDP,Negative
O74483,Fungi,non-IDP,Negative
O74492,Fungi,IDP,Negative
O74510,Fungi,non-IDP,Negative
O74559,Fungi,IDP,Negative
O74735,Fungi,non-IDP,Negative
O74763,Fungi,IDP,Negative
O74770,Fungi,IDP,Negative
O74773,Fungi,IDP,Negative
O74779,Fungi,IDP,Negative
O74792,Fungi,IDP,Negative
O74800,Fungi,non-IDP,Negative
O74824,Fungi,non-IDP,Negative
O74826,Fungi,non-IDP,Negative
O74828,Fungi,IDP,Negative
O74834,Fungi,IDP,Negative
O74837,Fungi,IDP,Negative
O74871,Fungi,IDP,Negative
O74876,Fungi,IDP,Negative
O74888,Fungi,IDP,Negative
O74890,Fungi,IDP,Negative
O74903,Fungi,IDP,Negative
O74922,Fungi,IDP,Negative
O74939,Fungi,IDP,Negative
O74940,Fungi,non-IDP,Negative
O74944,Fungi,IDP,Negative
O74972,Fungi,IDP,Negative
O75339,Animals(M),IDP,Negative
O75388,Animals(M),IDP,Negative
O75459,Animals(M),IDP,Negative
O75690,Animals(M),non-IDP,Negative
O75711,Animals(M),non-IDP,Negative
O75783,Animals(M),IDP,Negative
O75949,Animals(M),IDP,Negative
O76096,Animals(M),non-IDP,Negative
O76217,Animals(NM),IDP,Negative
O76273,Fungi,IDP,Negative
O76536,Animals(NM),IDP,Negative
O76555,Animals(NM),IDP,Negative
O77480,Animals(M),non-IDP,Negative
O77562,Animals(M),IDP,Negative
O77618,Animals(M),IDP,Negative
O77636,Animals(M),IDP,Negative
O77666,Animals(M),IDP,Negative
O77760,Animals(M),IDP,Negative
O77774,Animals(M),IDP,Negative
O77775,Animals(M),IDP,Negative
O78693,Animals(M),non-IDP,Negative
O79553,Animals(NM),non-IDP,Negative
O79557,Animals(NM),IDP,Negative
O80438,Plants,IDP,Negative
O80565,Plants,IDP,Negative
O80594,Plants,non-IDP,Negative
O80775,Plants,IDP,Negative
O80813,Plants,IDP,Negative
O80839,Plants,IDP,Negative
O81304,Plants,non-IDP,Negative
O81644,Plants,IDP,Negative
O81755,Plants,IDP,Negative
O81845,Plants,non-IDP,Negative
O81866,Plants,IDP,Negative
O82230,Plants,IDP,Negative
O82232,Plants,non-IDP,Negative
O82238,Plants,IDP,Negative
O82245,Plants,IDP,Negative
O82275,Plants,IDP,Negative
O82368,Plants,IDP,Negative
O82485,Plants,IDP,Negative
O82567,Plants,non-IDP,Negative
O82900,Prokaryotes,IDP,Negative
O83277,Prokaryotes,non-IDP,Negative
O83355,Prokaryotes,non-IDP,Negative
O83419,Prokaryotes,IDP,Negative
O83773,Prokaryotes,non-IDP,Negative
O86221,Prokaryotes,non-IDP,Negative
O87391,Prokaryotes,non-IDP,Negative
O88186,Animals(M),non-IDP,Negative
O88200,Animals(M),IDP,Negative
O88281,Animals(M),IDP,Negative
O88282,Animals(M),IDP,Negative
O88307,Animals(M),IDP,Negative
O88319,Animals(M),IDP,Negative
O88324,Animals(M),IDP,Negative
O88327,Animals(M),IDP,Negative
O88338,Animals(M),IDP,Negative
O88379,Animals(M),IDP,Negative
O88387,Animals(M),IDP,Negative
O88425,Animals(M),IDP,Negative
O88430,Animals(M),non-IDP,Negative
O88472,Animals(M),IDP,Negative
O88480,Animals(M),IDP,Negative
O88492,Animals(M),IDP,Negative
O88495,Animals(M),IDP,Negative
O88573,Animals(M),IDP,Negative
O88609,Animals(M),IDP,Negative
O88632,Animals(M),IDP,Negative
O88634,Animals(M),IDP,Negative
O88662,Animals(M),non-IDP,Negative
O88668,Animals(M),IDP,Negative
O88697,Animals(M),IDP,Negative
O88728,Animals(M),IDP,Negative
O88736,Animals(M),non-IDP,Negative
O88751,Animals(M),IDP,Negative
O88775,Animals(M),IDP,Negative
O88788,Animals(M),non-IDP,Negative
O88797,Animals(M),IDP,Negative
O88839,Animals(M),IDP,Negative
O88845,Animals(M),IDP,Negative
O88852,Animals(M),IDP,Negative
O88874,Animals(M),IDP,Negative
O88940,Animals(M),IDP,Negative
O88974,Animals(M),IDP,Negative
O88978,Animals(M),IDP,Negative
O88987,Animals(M),IDP,Negative
O89016,Animals(M),non-IDP,Negative
O89044,Animals(M),IDP,Negative
O89050,Animals(M),non-IDP,Negative
O89094,Animals(M),IDP,Negative
O89103,Animals(M),IDP,Negative
O89106,Animals(M),IDP,Negative
O89113,Animals(M),IDP,Negative
O92605,Viruses,IDP,Negative
O93209,Viruses,IDP,Negative
O93227,Animals(NM),IDP,Negative
O93434,Animals(NM),IDP,Negative
O93526,Animals(NM),IDP,Negative
O93603,Animals(NM),IDP,Negative
O93830,Fungi,non-IDP,Negative
O94084,Fungi,IDP,Negative
O94197,Fungi,non-IDP,Negative
O94283,Fungi,IDP,Negative
O94287,Fungi,IDP,Negative
O94298,Fungi,IDP,Negative
O94300,Fungi,IDP,Negative
O94305,Fungi,IDP,Negative
O94309,Fungi,IDP,Negative
O94311,Fungi,IDP,Negative
O94315,Fungi,IDP,Negative
O94317,Fungi,IDP,Negative
O94345,Fungi,IDP,Negative
O94359,Fungi,non-IDP,Negative
O94389,Fungi,IDP,Negative
O94399,Fungi,IDP,Negative
O94426,Fungi,IDP,Negative
O94458,Fungi,non-IDP,Negative
O94530,Fungi,IDP,Negative
O94561,Fungi,non-IDP,Negative
O94584,Fungi,IDP,Negative
O94586,Fungi,non-IDP,Negative
O94625,Fungi,IDP,Negative
O94626,Fungi,non-IDP,Negative
O94631,Fungi,IDP,Negative
O94695,Fungi,IDP,Negative
O94709,Fungi,IDP,Negative
O94719,Fungi,IDP,Negative
O94769,Animals(M),IDP,Negative
O95177,Animals(M),IDP,Negative
O95461,Animals(M),IDP,Negative
O95500,Animals(M),IDP,Negative
O95727,Animals(M),IDP,Negative
O95800,Animals(M),IDP,Negative
O95838,Animals(M),IDP,Negative
O95843,Animals(M),IDP,Negative
O95944,Animals(M),IDP,Negative
O95998,Animals(M),IDP,Negative
O96107,Animals(NM),IDP,Negative
O96539,Animals(NM),IDP,Negative
O96614,Animals(NM),IDP,Negative
O96615,Animals(NM),IDP,Negative
O96722,Fungi,IDP,Negative
O96785,Animals(NM),IDP,Negative
O97420,Animals(NM),IDP,Negative
O97432,Animals(NM),IDP,Negative
O97512,Animals(M),IDP,Negative
O97554,Animals(M),IDP,Negative
O97561,Animals(M),IDP,Negative
O97563,Animals(M),non-IDP,Negative
O97583,Animals(M),IDP,Negative
O97596,Animals(M),IDP,Negative
O97655,Animals(M),IDP,Negative
O97666,Animals(M),IDP,Negative
O97676,Animals(M),IDP,Negative
O99820,Animals(NM),non-IDP,Negative
O99827,Animals(NM),IDP,Negative
P00130,Animals(M),non-IDP,Negative
P00376,Animals(M),non-IDP,Negative
P00389,Animals(M),IDP,Negative
P00735,Animals(M),IDP,Negative
P00842,Fungi,IDP,Negative
P00978,Animals(M),IDP,Negative
P01068,Plants,non-IDP,Negative
P01126,Viruses,IDP,Negative
P01128,Viruses,IDP,Negative
P01149,Fungi,non-IDP,Negative
P01156,Animals(M),non-IDP,Negative
P01192,Animals(M),IDP,Negative
P01214,Animals(M),IDP,Negative
P01261,Animals(M),IDP,Negative
P01267,Animals(M),IDP,Negative
P01268,Animals(M),non-IDP,Negative
P01272,Animals(M),IDP,Negative
P01289,Animals(M),non-IDP,Negative
P01295,Animals(NM),non-IDP,Negative
P01302,Animals(M),IDP,Negative
P01347,Animals(M),IDP,Negative
P01586,Animals(M),IDP,Negative
P01633,Animals(M),non-IDP,Negative
P01731,Animals(M),IDP,Negative
P01832,Animals(M),IDP,Negative
P01839,Animals(M),non-IDP,Negative
P01883,Animals(M),IDP,Negative
P02315,Animals(NM),IDP,Negative
P02448,Animals(M),non-IDP,Negative
P02459,Animals(M),IDP,Negative
P02537,Animals(NM),IDP,Negative
P02642,Animals(NM),IDP,Negative
P02661,Animals(M),IDP,Negative
P02674,Animals(NM),IDP,Negative
P02707,Animals(NM),IDP,Negative
P02725,Animals(M),IDP,Negative
P02734,Animals(NM),IDP,Negative
P02740,Animals(NM),IDP,Negative
P02812,Animals(M),IDP,Negative
P02815,Animals(M),IDP,Negative
P02831,Animals(M),IDP,Negative
P02851,Animals(NM),IDP,Negative
P03009,Prokaryotes,non-IDP,Negative
P03049,Viruses,IDP,Negative
P03181,Viruses,IDP,Negative
P03208,Viruses,IDP,Negative
P03242,Viruses,non-IDP,Negative
P03289,Viruses,IDP,Negative
P03290,Viruses,IDP,Negative
P03292,Viruses,IDP,Negative
P03293,Viruses,IDP,Negative
P03400,Viruses,non-IDP,Negative
P03667,Viruses,IDP,Negative
P03668,Viruses,non-IDP,Negative
P03685,Viruses,IDP,Negative
P03688,Viruses,IDP,Negative
P03689,Viruses,non-IDP,Negative
P03697,Viruses,non-IDP,Negative
P03698,Viruses,non-IDP,Negative
P03720,Viruses,IDP,Negative
P03730,Viruses,non-IDP,Negative
P03731,Viruses,IDP,Negative
P03733,Viruses,IDP,Negative
P03736,Viruses,IDP,Negative
P03738,Viruses,non-IDP,Negative
P03753,Viruses,non-IDP,Negative
P03764,Viruses,IDP,Negative
P03781,Viruses,IDP,Negative
P03791,Viruses,IDP,Negative
P03801,Viruses,IDP,Negative
P03881,Fungi,non-IDP,Negative
P03936,Plants,IDP,Negative
P03939,Plants,non-IDP,Negative
P03972,Animals(M),IDP,Negative
P03975,Animals(M),IDP,Negative
P04054,Animals(M),non-IDP,Negative
P04094,Animals(M),IDP,Negative
P04145,Plants,IDP,Negative
P04214,Animals(M),non-IDP,Negative
P04258,Animals(M),IDP,Negative
P04261,Animals(M),IDP,Negative
P04262,Animals(M),IDP,Negative
P04351,Animals(M),IDP,Negative
P04412,Animals(NM),IDP,Negative
P04445,Viruses,non-IDP,Negative
P04459,Animals(NM),IDP,Negative
P04474,Animals(M),IDP,Negative
P04701,Plants,non-IDP,Negative
P04706,Plants,IDP,Negative
P04812,Animals(M),IDP,Negative
P04917,Animals(M),IDP,Negative
P04972,Animals(M),IDP,Negative
P05115,Plants,non-IDP,Negative
P05142,Animals(M),IDP,Negative
P05143,Animals(M),IDP,Negative
P05149,Prokaryotes,IDP,Negative
P05176,Animals(M),non-IDP,Negative
P05432,Animals(M),IDP,Negative
P05462,Viruses,non-IDP,Negative
P05463,Viruses,IDP,Negative
P05499,Plants,non-IDP,Negative
P05510,Fungi,IDP,Negative
P05531,Animals(M),IDP,Negative
P05548,Animals(NM),IDP,Negative
P05666,Viruses,non-IDP,Negative
P05667,Viruses,IDP,Negative
P05680,Prokaryotes,IDP,Negative
P05709,Animals(NM),IDP,Negative
P05722,Plants,non-IDP,Negative
P05834,Prokaryotes,IDP,Negative
P05995,Animals(M),IDP,Negative
P05998,Viruses,IDP,Negative
P06109,Prokaryotes,IDP,Negative
P06153,Viruses,IDP,Negative
P06302,Animals(M),IDP,Negative
P06335,Animals(M),IDP,Negative
P06350,Animals(NM),IDP,Negative
P06399,Animals(M),IDP,Negative
P06432,Viruses,IDP,Negative
P06513,Animals(NM),IDP,Negative
P06545,Viruses,IDP,Negative
P06630,Prokaryotes,IDP,Negative
P06652,Fungi,IDP,Negative
P06673,Plants,non-IDP,Negative
P06680,Animals(M),IDP,Negative
P06800,Animals(M),IDP,Negative
P06802,Animals(M),IDP,Negative
P06908,Animals(M),IDP,Negative
P06924,Viruses,IDP,Negative
P07075,Viruses,non-IDP,Negative
P07115,Prokaryotes,non-IDP,Negative
P07224,Animals(M),non-IDP,Negative
P07238,Viruses,non-IDP,Negative
P07435,Animals(M),IDP,Negative
P07492,Animals(M),IDP,Negative
P07530,Animals(NM),IDP,Negative
P07552,Animals(M),non-IDP,Negative
P07583,Animals(NM),non-IDP,Negative
P07589,Animals(M),IDP,Negative
P07596,Plants,IDP,Negative
P07633,Animals(M),non-IDP,Negative
P07668,Animals(NM),IDP,Negative
P07760,Prokaryotes,non-IDP,Negative
P07791,Prokaryotes,non-IDP,Negative
P07808,Animals(M),IDP,Negative
P07898,Animals(NM),IDP,Negative
P07902,Animals(M),IDP,Negative
P07903,Animals(M),IDP,Negative
P07915,Animals(NM),IDP,Negative
P07916,Animals(NM),IDP,Negative
P07978,Animals(M),IDP,Negative
P07982,Fungi,IDP,Negative
P07988,Animals(M),IDP,Negative
P08016,Animals(NM),IDP,Negative
P08037,Animals(M),IDP,Negative
P08057,Animals(M),IDP,Negative
P08074,Animals(M),non-IDP,Negative
P08122,Animals(M),IDP,Negative
P08169,Animals(M),IDP,Negative
P08175,Animals(NM),non-IDP,Negative
P08197,Plants,non-IDP,Negative
P08199,Animals(M),IDP,Negative
P08320,Viruses,non-IDP,Negative
P08399,Animals(M),IDP,Negative
P08462,Animals(M),IDP,Negative
P08519,Animals(M),IDP,Negative
P08546,Viruses,IDP,Negative
P08558,Viruses,IDP,Negative
P08580,Fungi,non-IDP,Negative
P08655,Prokaryotes,IDP,Negative
P08685,Viruses,IDP,Negative
P08721,Animals(M),IDP,Negative
P08723,Animals(M),IDP,Negative
P08726,Animals(NM),IDP,Negative
P08746,Plants,IDP,Negative
P08762,Viruses,non-IDP,Negative
P08771,Plants,IDP,Negative
P08813,Prokaryotes,non-IDP,Negative
P08829,Animals(NM),IDP,Negative
P08858,Animals(M),IDP,Negative
P08940,Animals(NM),IDP,Negative
P08950,Animals(NM),IDP,Negative
P08986,Viruses,IDP,Negative
P09065,Animals(M),IDP,Negative
P09106,Animals(M),IDP,Negative
P09279,Viruses,IDP,Negative
P09348,Prokaryotes,IDP,Negative
P09367,Animals(M),IDP,Negative
P09406,Animals(NM),IDP,Negative
P09412,Animals(M),non-IDP,Negative
P09441,Plants,IDP,Negative
P09444,Plants,IDP,Negative
P09558,Animals(M),IDP,Negative
P09564,Animals(M),IDP,Negative
P09565,Animals(M),IDP,Negative
P09578,Animals(M),non-IDP,Negative
P09615,Animals(NM),IDP,Negative
P09681,Animals(M),IDP,Negative
P09698,Viruses,IDP,Negative
P09702,Viruses,IDP,Negative
P09710,Viruses,IDP,Negative
P09851,Animals(M),IDP,Negative
P09865,Animals(NM),IDP,Negative
P09889,Animals(M),non-IDP,Negative
P09915,Viruses,IDP,Negative
P09920,Animals(M),non-IDP,Negative
P09925,Animals(M),non-IDP,Negative
P09926,Animals(M),IDP,Negative
P09964,Viruses,non-IDP,Negative
P0A0V7,Prokaryotes,IDP,Negative
P0A183,Prokaryotes,non-IDP,Negative
P0A1J6,Prokaryotes,IDP,Negative
P0A331,Prokaryotes,non-IDP,Negative
P0A4M1,Prokaryotes,IDP,Negative
P0A583,Prokaryotes,non-IDP,Negative
P0A5P3,Prokaryotes,non-IDP,Negative
P0A5V7,Prokaryotes,non-IDP,Negative
P0A689,Prokaryotes,IDP,Negative
P0A966,Prokaryotes,non-IDP,Negative
P0A9Q8,Prokaryotes,IDP,Negative
P0A9R3,Prokaryotes,non-IDP,Negative
P0AA22,Prokaryotes,non-IDP,Negative
P0AA85,Prokaryotes,IDP,Negative
P0AAN7,Prokaryotes,IDP,Negative
P0AAS7,Prokaryotes,non-IDP,Negative
P0ABH6,Prokaryotes,non-IDP,Negative
P0ABP4,Prokaryotes,non-IDP,Negative
P0AC17,Prokaryotes,non-IDP,Negative
P0ADX7,Prokaryotes,IDP,Negative
P0ADY2,Prokaryotes,IDP,Negative
P0AEX8,Prokaryotes,non-IDP,Negative
P0AEZ5,Prokaryotes,non-IDP,Negative
P0AFL2,Prokaryotes,non-IDP,Negative
P0AFN8,Prokaryotes,non-IDP,Negative
P0AFT9,Prokaryotes,non-IDP,Negative
P0AG36,Prokaryotes,non-IDP,Negative
P0AGH1,Prokaryotes,non-IDP,Negative
P0AGM3,Prokaryotes,non-IDP,Negative
P0C025,Animals(M),IDP,Negative
P0C092,Animals(M),IDP,Negative
P0C0A2,Animals(M),IDP,Negative
P0C0L3,Prokaryotes,IDP,Negative
P0C0L6,Animals(M),IDP,Negative
P0C0P5,Animals(M),non-IDP,Negative
P0C0T1,Animals(M),IDP,Negative
P0C0T2,Animals(M),IDP,Negative
P0C150,Fungi,IDP,Negative
P0C171,Animals(M),IDP,Negative
P0C1G7,Animals(M),IDP,Negative
P0C1Q3,Animals(M),IDP,Negative
P0C215,Viruses,non-IDP,Negative
P0C230,Animals(NM),IDP,Negative
P0C242,Animals(M),IDP,Negative
P0C268,Fungi,IDP,Negative
P0C2B6,Animals(M),non-IDP,Negative
P0C2B7,Animals(M),IDP,Negative
P0C2C4,Animals(M),IDP,Negative
P0C2F6,Plants,non-IDP,Negative
P0C2N5,Animals(M),IDP,Negative
P0C596,Animals(M),IDP,Negative
P0C5B7,Animals(M),IDP,Negative
P0C5C7,Plants,IDP,Negative
P0C5E0,Fungi,non-IDP,Negative
P0C5H0,Animals(M),non-IDP,Negative
P0C5K7,Animals(M),IDP,Negative
P0C5L0,Fungi,IDP,Negative
P0C606,Animals(M),IDP,Negative
P0C659,Animals(NM),IDP,Negative
P0C661,Animals(NM),IDP,Negative
P0C672,Animals(M),non-IDP,Negative
P0C6A0,Animals(M),IDP,Negative
P0C6A2,Animals(M),IDP,Negative
P0C6R2,Animals(M),IDP,Negative
P0C727,Viruses,IDP,Negative
P0C758,Viruses,IDP,Negative
P0C788,Viruses,IDP,Negative
P0C7A2,Animals(M),IDP,Negative
P0C7L0,Animals(M),IDP,Negative
P0C7L5,Viruses,IDP,Negative
P0C7M4,Animals(M),IDP,Negative
P0C7M8,Animals(M),IDP,Negative
P0C7N2,Animals(M),IDP,Negative
P0C7N4,Animals(M),IDP,Negative
P0C7Q2,Animals(M),IDP,Negative
P0C7T7,Animals(M),IDP,Negative
P0C7T8,Animals(M),IDP,Negative
P0C7U9,Animals(M),IDP,Negative
P0C7V0,Animals(M),IDP,Negative
P0C7W0,Animals(M),IDP,Negative
P0C7W3,Animals(M),IDP,Negative
P0C7X3,Animals(M),non-IDP,Negative
P0C853,Animals(M),IDP,Negative
P0C854,Animals(M),IDP,Negative
P0C864,Animals(M),IDP,Negative
P0C872,Animals(M),non-IDP,Negative
P0C874,Animals(M),IDP,Negative
P0C879,Animals(M),IDP,Negative
P0C880,Animals(M),IDP,Negative
P0C897,Plants,IDP,Negative
P0C8A4,Animals(M),IDP,Negative
P0C8A8,Animals(M),IDP,Negative
P0C8A9,Animals(M),IDP,Negative
P0C8B1,Animals(M),IDP,Negative
P0C8B3,Animals(M),IDP,Negative
P0C8K6,Plants,IDP,Negative
P0C8K7,Animals(M),IDP,Negative
P0C8M4,Animals(NM),IDP,Negative
P0C914,Animals(M),IDP,Negative
P0C920,Animals(M),non-IDP,Negative
P0C9V8,Viruses,IDP,Negative
P0CA19,Viruses,IDP,Negative
P0CA91,Viruses,IDP,Negative
P0CAB0,Viruses,IDP,Negative
P0CAN8,Fungi,non-IDP,Negative
P0CAT3,Animals(M),IDP,Negative
P0CAY5,Plants,IDP,Negative
P0CB26,Plants,IDP,Negative
P0CB42,Animals(M),IDP,Negative
P0CB65,Animals(NM),IDP,Negative
P0CC10,Animals(M),IDP,Negative
P0CE57,Prokaryotes,IDP,Negative
P0CF25,Prokaryotes,IDP,Negative
P0CF38,Animals(NM),IDP,Negative
P0CF79,Prokaryotes,non-IDP,Negative
P0CG00,Animals(M),IDP,Negative
P0CG10,Animals(M),IDP,Negative
P0CG11,Animals(M),non-IDP,Negative
P0CG36,Animals(M),IDP,Negative
P0CG43,Animals(M),IDP,Negative
P0CI02,Fungi,non-IDP,Negative
P0CI39,Fungi,IDP,Negative
P0CJ44,Fungi,IDP,Negative
P0CJ85,Animals(M),IDP,Negative
P0CJ98,Viruses,non-IDP,Negative
P0CL19,Fungi,non-IDP,Negative
P0CL27,Fungi,IDP,Negative
P0CM05,Fungi,IDP,Negative
P0CM10,Fungi,IDP,Negative
P0CM12,Fungi,IDP,Negative
P0CM53,Fungi,IDP,Negative
P0CM61,Fungi,IDP,Negative
P0CM65,Fungi,IDP,Negative
P0CM83,Fungi,IDP,Negative
P0CN11,Fungi,IDP,Negative
P0CN23,Fungi,IDP,Negative
P0CO57,Fungi,IDP,Negative
P0CO60,Fungi,IDP,Negative
P0CP33,Fungi,IDP,Negative
P0CQ31,Fungi,non-IDP,Negative
P0CR17,Fungi,IDP,Negative
P0CR75,Fungi,IDP,Negative
P0CS19,Fungi,non-IDP,Negative
P0CS47,Fungi,IDP,Negative
P0CS73,Fungi,IDP,Negative
P0CS75,Fungi,IDP,Negative
P0CS93,Fungi,IDP,Negative
P0CT25,Fungi,IDP,Negative
P0CT30,Fungi,IDP,Negative
P0CT46,Fungi,non-IDP,Negative
P0CU32,Fungi,IDP,Negative
P0CU79,Fungi,IDP,Negative
P0CW21,Animals(M),non-IDP,Negative
P0CW23,Animals(M),IDP,Negative
P0CW27,Animals(M),IDP,Negative
P0CW70,Animals(M),IDP,Negative
P0CY21,Fungi,IDP,Negative
P0CY22,Fungi,IDP,Negative
P0CY36,Fungi,IDP,Negative
P0CY44,Fungi,non-IDP,Negative
P0CZ25,Animals(M),IDP,Negative
P0DH78,Animals(M),IDP,Negative
P0DI19,Plants,non-IDP,Negative
P0DI72,Plants,IDP,Negative
P0DI74,Plants,IDP,Negative
P0DI80,Animals(M),IDP,Negative
P0DJI6,Animals(M),IDP,Negative
P0DJQ9,Animals(NM),IDP,Negative
P0DJR0,Animals(M),non-IDP,Negative
P0DJX5,Viruses,IDP,Negative
P0DJY5,Viruses,IDP,Negative
P0DJY6,Viruses,IDP,Negative
P0DJY9,Viruses,IDP,Negative
P0DJZ3,Viruses,IDP,Negative
P0DJZ7,Viruses,IDP,Negative
P0DKI2,Plants,non-IDP,Negative
P0DKL2,Plants,IDP,Negative
P0DKX4,Animals(M),IDP,Negative
P0DL82,Animals(NM),IDP,Negative
P0DMC2,Animals(NM),IDP,Negative
P0DMC3,Animals(M),IDP,Negative
P0DMM3,Prokaryotes,IDP,Negative
P0DMN7,Animals(M),non-IDP,Negative
P0DMQ5,Animals(M),IDP,Negative
P0DMR3,Animals(M),IDP,Negative
P0DMS9,Animals(M),IDP,Negative
P0DMU3,Animals(M),IDP,Negative
P0DMV3,Prokaryotes,non-IDP,Negative
P0DN32,Fungi,IDP,Negative
P0DN77,Animals(M),IDP,Negative
P0DO93,Animals(M),IDP,Negative
P0DO97,Animals(M),IDP,Negative
P0DOB3,Fungi,IDP,Negative
P0DOC7,Animals(NM),IDP,Negative
P0DOT3,Viruses,non-IDP,Negative
P0DOV2,Animals(M),IDP,Negative
P0DOW4,Animals(NM),IDP,Negative
P0DOW7,Viruses,IDP,Negative
P0DOX3,Animals(M),IDP,Negative
P0DOX4,Animals(M),IDP,Negative
P0DP42,Animals(M),IDP,Negative
P0DP43,Animals(M),IDP,Negative
P0DP52,Animals(M),IDP,Negative
P0DP75,Animals(M),IDP,Negative
P0DP91,Animals(M),IDP,Negative
P0DPE3,Animals(M),IDP,Negative
P0DPF6,Animals(M),IDP,Negative
P0DPQ3,Animals(M),IDP,Negative
P0DPR0,Viruses,non-IDP,Negative
P0DQE7,Animals(NM),IDP,Negative
P0DQV9,Animals(NM),non-IDP,Negative
P0DQW1,Animals(M),IDP,Negative
P0DRI6,Animals(NM),IDP,Negative
P0DSO1,Animals(M),IDP,Negative
P0DSO2,Animals(M),non-IDP,Negative
P0DSO9,Animals(M),IDP,Negative
P0DTE2,Animals(M),non-IDP,Negative
P0DTF9,Animals(M),IDP,Negative
P0DTH6,Viruses,non-IDP,Negative
P0DTK4,Viruses,IDP,Negative
P0DTL8,Viruses,IDP,Negative
P0DTN6,Fungi,non-IDP,Negative
P0DTO0,Viruses,IDP,Negative
P0DTU4,Animals(M),non-IDP,Negative
P0DUB0,Animals(NM),IDP,Negative
P0DUB6,Animals(M),non-IDP,Negative
P0DUQ3,Animals(NM),non-IDP,Negative
P0DUT6,Animals(NM),IDP,Negative
P0DUW6,Animals(NM),IDP,Negative
P0DV77,Animals(M),IDP,Negative
P0DW28,Animals(M),IDP,Negative
P0DW90,Animals(M),non-IDP,Negative
P0DW91,Animals(M),IDP,Negative
P0DXB8,Animals(NM),IDP,Negative
P0DXC1,Animals(M),IDP,Negative
P0DXD5,Prokaryotes,non-IDP,Negative
P0DXN2,Viruses,IDP,Negative
P0DXT3,Animals(NM),non-IDP,Negative
P10104,Viruses,IDP,Negative
P10118,Animals(M),non-IDP,Negative
P10164,Animals(M),IDP,Negative
P10165,Animals(M),IDP,Negative
P10227,Viruses,IDP,Negative
P10300,Animals(M),IDP,Negative
P10303,Viruses,non-IDP,Negative
P10386,Plants,IDP,Negative
P10388,Plants,IDP,Negative
P10394,Animals(NM),IDP,Negative
P10427,Viruses,non-IDP,Negative
P10429,Viruses,non-IDP,Negative
P10436,Viruses,non-IDP,Negative
P10713,Fungi,IDP,Negative
P10730,Animals(M),IDP,Negative
P10960,Animals(M),IDP,Negative
P11006,Animals(NM),IDP,Negative
P11115,Fungi,IDP,Negative
P11116,Animals(M),non-IDP,Negative
P11128,Viruses,non-IDP,Negative
P11178,Animals(M),IDP,Negative
P11260,Animals(M),IDP,Negative
P11313,Viruses,IDP,Negative
P11317,Viruses,IDP,Negative
P11364,Viruses,non-IDP,Negative
P11370,Animals(M),IDP,Negative
P11403,Animals(M),non-IDP,Negative
P11456,Animals(M),IDP,Negative
P11613,Animals(M),IDP,Negative
P11634,Fungi,IDP,Negative
P11635,Fungi,IDP,Negative
P11685,Animals(M),IDP,Negative
P11728,Plants,IDP,Negative
P11761,Animals(NM),IDP,Negative
P11863,Prokaryotes,IDP,Negative
P11910,Prokaryotes,non-IDP,Negative
P11934,Fungi,non-IDP,Negative
P11942,Animals(M),IDP,Negative
P11985,Animals(M),IDP,Negative
P11993,Animals(NM),IDP,Negative
P12021,Animals(M),IDP,Negative
P12024,Animals(NM),IDP,Negative
P12027,Animals(NM),IDP,Negative
P12249,Prokaryotes,non-IDP,Negative
P12258,Animals(NM),IDP,Negative
P12342,Animals(M),IDP,Negative
P12347,Plants,IDP,Negative
P12371,Animals(M),IDP,Negative
P12399,Animals(M),IDP,Negative
P12525,Animals(M),IDP,Negative
P12552,Viruses,non-IDP,Negative
P12624,Animals(M),IDP,Negative
P12640,Viruses,IDP,Negative
P12661,Animals(M),IDP,Negative
P12752,Prokaryotes,IDP,Negative
P12811,Plants,IDP,Negative
P12899,Viruses,IDP,Negative
P12919,Animals(M),IDP,Negative
P12961,Animals(M),IDP,Negative
P13002,Animals(NM),IDP,Negative
P13234,Animals(M),IDP,Negative
P13265,Animals(M),IDP,Negative
P13275,Animals(NM),IDP,Negative
P13303,Viruses,non-IDP,Negative
P13372,Animals(M),IDP,Negative
P13384,Animals(M),IDP,Negative
P13386,Animals(M),IDP,Negative
P13418,Viruses,IDP,Negative
P13424,Animals(NM),IDP,Negative
P13438,Animals(M),IDP,Negative
P13492,Animals(NM),IDP,Negative
P13524,Animals(NM),IDP,Negative
P13599,Animals(M),IDP,Negative
P13658,Prokaryotes,IDP,Negative
P13665,Animals(NM),IDP,Negative
P13679,Animals(M),non-IDP,Negative
P13705,Animals(M),IDP,Negative
P13728,Animals(NM),IDP,Negative
P13893,Viruses,IDP,Negative
P13909,Animals(M),non-IDP,Negative
P13952,Animals(NM),IDP,Negative
P13983,Plants,IDP,Negative
P14016,Prokaryotes,IDP,Negative
P14060,Animals(M),non-IDP,Negative
P14108,Viruses,non-IDP,Negative
P14220,Animals(M),IDP,Negative
P14222,Animals(M),non-IDP,Negative
P14269,Viruses,IDP,Negative
P14282,Animals(M),IDP,Negative
P14366,Viruses,IDP,Negative
P14370,Viruses,IDP,Negative
P14381,Animals(NM),IDP,Negative
P14402,Animals(NM),IDP,Negative
P14432,Animals(M),IDP,Negative
P14565,Prokaryotes,IDP,Negative
P14571,Plants,IDP,Negative
P14607,Animals(M),IDP,Negative
P14708,Animals(M),IDP,Negative
P14719,Animals(M),IDP,Negative
P14723,Plants,IDP,Negative
P14763,Animals(M),IDP,Negative
P14777,Fungi,IDP,Negative
P14791,Animals(NM),IDP,Negative
P14819,Viruses,IDP,Negative
P14918,Plants,IDP,Negative
P14994,Viruses,IDP,Negative
P15113,Fungi,non-IDP,Negative
P15127,Animals(M),IDP,Negative
P15181,Fungi,IDP,Negative
P15265,Animals(M),IDP,Negative
P15278,Animals(NM),IDP,Negative
P15305,Animals(NM),non-IDP,Negative
P15307,Animals(M),IDP,Negative
P15320,Prokaryotes,IDP,Negative
P15342,Animals(M),IDP,Negative
P15343,Animals(M),IDP,Negative
P15389,Animals(M),IDP,Negative
P15450,Animals(NM),IDP,Negative
P15522,Animals(M),IDP,Negative
P15530,Animals(M),IDP,Negative
P15629,Viruses,non-IDP,Negative
P15702,Animals(M),IDP,Negative
P15710,Fungi,IDP,Negative
P15725,Animals(M),IDP,Negative
P15771,Animals(NM),IDP,Negative
P15800,Animals(M),IDP,Negative
P15863,Animals(M),IDP,Negative
P15892,Viruses,IDP,Negative
P15974,Animals(M),IDP,Negative
P15975,Animals(M),IDP,Negative
P15994,Fungi,non-IDP,Negative
P16014,Animals(M),IDP,Negative
P16026,Animals(NM),IDP,Negative
P16064,Plants,IDP,Negative
P16112,Animals(M),IDP,Negative
P16225,Animals(M),IDP,Negative
P16230,Animals(M),IDP,Negative
P16252,Animals(NM),IDP,Negative
P16273,Plants,IDP,Negative
P16463,Animals(NM),IDP,Negative
P16464,Animals(NM),non-IDP,Negative
P16542,Prokaryotes,non-IDP,Negative
P16611,Animals(M),IDP,Negative
P16797,Viruses,IDP,Negative
P16818,Viruses,IDP,Negative
P16822,Viruses,IDP,Negative
P16859,Animals(M),IDP,Negative
P16884,Animals(M),IDP,Negative
P16909,Animals(NM),IDP,Negative
P16937,Viruses,IDP,Negative
P16948,Viruses,IDP,Negative
P17046,Animals(M),non-IDP,Negative
P17085,Animals(NM),IDP,Negative
P17143,Viruses,IDP,Negative
P17165,Animals(M),non-IDP,Negative
P17207,Animals(NM),non-IDP,Negative
P17213,Animals(M),non-IDP,Negative
P17280,Viruses,IDP,Negative
P17305,Animals(M),IDP,Negative
P17308,Viruses,IDP,Negative
P17313,Viruses,non-IDP,Negative
P17356,Viruses,IDP,Negative
P17404,Animals(M),IDP,Negative
P17437,Animals(NM),IDP,Negative
P17502,Animals(NM),IDP,Negative
P17511,Animals(NM),non-IDP,Negative
P17533,Animals(M),IDP,Negative
P17574,Viruses,IDP,Negative
P17589,Viruses,IDP,Negative
P17690,Animals(M),non-IDP,Negative
P17718,Plants,IDP,Negative
P17720,Animals(NM),IDP,Negative
P17863,Viruses,IDP,Negative
P17927,Animals(M),IDP,Negative
P17950,Animals(M),IDP,Negative
P17992,Plants,IDP,Negative
P18111,Animals(M),IDP,Negative
P18128,Prokaryotes,IDP,Negative
P18165,Animals(M),IDP,Negative
P18175,Animals(M),IDP,Negative
P18280,Animals(M),IDP,Negative
P18305,Viruses,non-IDP,Negative
P18340,Animals(M),IDP,Negative
P18407,Fungi,IDP,Negative
P18413,Fungi,non-IDP,Negative
P18419,Animals(M),IDP,Negative
P18467,Animals(M),non-IDP,Negative
P18503,Animals(NM),IDP,Negative
P18519,Animals(NM),IDP,Negative
P18554,Viruses,IDP,Negative
P18577,Animals(M),non-IDP,Negative
P18627,Animals(M),IDP,Negative
P18642,Prokaryotes,non-IDP,Negative
P18680,Viruses,non-IDP,Negative
P18753,Animals(NM),IDP,Negative
P18891,Fungi,non-IDP,Negative
P19042,Animals(NM),non-IDP,Negative
P19069,Animals(M),IDP,Negative
P19070,Animals(M),IDP,Negative
P19189,Viruses,IDP,Negative
P19191,Viruses,IDP,Negative
P19192,Viruses,non-IDP,Negative
P19194,Viruses,IDP,Negative
P19228,Animals(M),IDP,Negative
P19238,Animals(M),IDP,Negative
P19258,Animals(M),non-IDP,Negative
P19273,Viruses,non-IDP,Negative
P19275,Viruses,IDP,Negative
P19299,Viruses,IDP,Negative
P19301,Viruses,non-IDP,Negative
P19302,Viruses,non-IDP,Negative
P19425,Animals(NM),IDP,Negative
P19442,Animals(M),IDP,Negative
P19467,Animals(M),IDP,Negative
P19470,Animals(NM),IDP,Negative
P19473,Animals(M),IDP,Negative
P19705,Prokaryotes,IDP,Negative
P19780,Prokaryotes,non-IDP,Negative
P19782,Animals(M),IDP,Negative
P19835,Animals(M),IDP,Negative
P19965,Animals(NM),IDP,Negative
P19972,Fungi,IDP,Negative
P19973,Animals(M),IDP,Negative
P20037,Animals(M),non-IDP,Negative
P20074,Prokaryotes,non-IDP,Negative
P20130,Viruses,IDP,Negative
P20184,Prokaryotes,non-IDP,Negative
P20188,Prokaryotes,IDP,Negative
P20197,Viruses,non-IDP,Negative
P20210,Viruses,IDP,Negative
P20214,Viruses,IDP,Negative
P20221,Viruses,non-IDP,Negative
P20313,Viruses,IDP,Negative
P20334,Animals(M),IDP,Negative
P20350,Animals(NM),IDP,Negative
P20398,Animals(NM),IDP,Negative
P20406,Viruses,non-IDP,Negative
P20428,Animals(M),IDP,Negative
P20465,Fungi,non-IDP,Negative
P20483,Animals(NM),IDP,Negative
P20487,Prokaryotes,non-IDP,Negative
P20510,Viruses,non-IDP,Negative
P20547,Viruses,non-IDP,Negative
P20664,Animals(M),non-IDP,Negative
P20693,Animals(M),IDP,Negative
P20706,Viruses,IDP,Negative
P20722,Animals(M),IDP,Negative
P20748,Viruses,non-IDP,Negative
P20780,Plants,non-IDP,Negative
P20806,Animals(NM),IDP,Negative
P20808,Animals(M),IDP,Negative
P20821,Animals(M),non-IDP,Negative
P20829,Animals(NM),IDP,Negative
P20934,Animals(M),IDP,Negative
P20956,Animals(NM),non-IDP,Negative
P21084,Viruses,non-IDP,Negative
P21139,Animals(M),IDP,Negative
P21183,Animals(M),IDP,Negative
P21260,Animals(NM),IDP,Negative
P21263,Animals(M),IDP,Negative
P21327,Animals(M),IDP,Negative
P21331,Animals(NM),IDP,Negative
P21350,Animals(M),IDP,Negative
P21363,Prokaryotes,IDP,Negative
P21367,Prokaryotes,non-IDP,Negative
P21519,Animals(NM),IDP,Negative
P21561,Prokaryotes,IDP,Negative
P21614,Animals(M),non-IDP,Negative
P21625,Prokaryotes,non-IDP,Negative
P21679,Viruses,IDP,Negative
P21765,Animals(M),non-IDP,Negative
P21784,Animals(M),IDP,Negative
P21836,Animals(M),non-IDP,Negative
P21839,Animals(M),non-IDP,Negative
P21855,Animals(M),IDP,Negative
P21976,Fungi,IDP,Negative
P22006,Animals(M),IDP,Negative
P22027,Animals(M),non-IDP,Negative
P22083,Animals(M),IDP,Negative
P22151,Fungi,IDP,Negative
P22190,Fungi,non-IDP,Negative
P22194,Fungi,IDP,Negative
P22242,Plants,non-IDP,Negative
P22272,Animals(M),IDP,Negative
P22281,Fungi,IDP,Negative
P22284,Plants,non-IDP,Negative
P22311,Animals(NM),non-IDP,Negative
P22357,Plants,IDP,Negative
P22375,Fungi,IDP,Negative
P22376,Fungi,non-IDP,Negative
P22449,Animals(M),IDP,Negative
P22501,Viruses,non-IDP,Negative
P22502,Viruses,non-IDP,Negative
P22562,Viruses,non-IDP,Negative
P22573,Viruses,non-IDP,Negative
P22576,Viruses,IDP,Negative
P22577,Viruses,IDP,Negative
P22708,Prokaryotes,IDP,Negative
P22717,Animals(M),IDP,Negative
P22756,Animals(M),non-IDP,Negative
P22758,Animals(M),IDP,Negative
P22793,Animals(M),IDP,Negative
P22817,Animals(NM),IDP,Negative
P22892,Animals(M),IDP,Negative
P22960,Viruses,IDP,Negative
P23068,Animals(NM),IDP,Negative
P23091,Viruses,IDP,Negative
P23092,Viruses,IDP,Negative
P23214,Viruses,non-IDP,Negative
P23231,Fungi,IDP,Negative
P23326,Plants,non-IDP,Negative
P23336,Animals(M),IDP,Negative
P23393,Prokaryotes,IDP,Negative
P23423,Viruses,IDP,Negative
P23441,Animals(M),IDP,Negative
P23487,Animals(NM),IDP,Negative
P23488,Animals(NM),IDP,Negative
P23507,Animals(NM),IDP,Negative
P23637,Fungi,IDP,Negative
P23692,Viruses,non-IDP,Negative
P23738,Animals(M),IDP,Negative
P23813,Animals(M),IDP,Negative
P23839,Prokaryotes,non-IDP,Negative
P23955,Fungi,IDP,Negative
P24021,Fungi,non-IDP,Negative
P24054,Animals(M),IDP,Negative
P24080,Viruses,IDP,Negative
P24081,Viruses,non-IDP,Negative
P24127,Prokaryotes,IDP,Negative
P24152,Plants,IDP,Negative
P24258,Plants,IDP,Negative
P24275,Animals(M),IDP,Negative
P24421,Prokaryotes,non-IDP,Negative
P24492,Animals(NM),IDP,Negative
P24509,Prokaryotes,non-IDP,Negative
P24529,Animals(M),IDP,Negative
P24613,Plants,IDP,Negative
P24665,Fungi,IDP,Negative
P24701,Prokaryotes,non-IDP,Negative
P24714,Animals(M),IDP,Negative
P24827,Viruses,IDP,Negative
P24846,Plants,IDP,Negative
P24856,Animals(NM),non-IDP,Negative
P24874,Animals(NM),non-IDP,Negative
P24877,Animals(NM),non-IDP,Negative
P24884,Animals(NM),IDP,Negative
P24912,Viruses,non-IDP,Negative
P24919,Fungi,IDP,Negative
P25023,Animals(M),non-IDP,Negative
P25085,Animals(M),non-IDP,Negative
P25110,Animals(M),IDP,Negative
P25129,Viruses,IDP,Negative
P25131,Viruses,IDP,Negative
P25142,Animals(M),non-IDP,Negative
P25154,Animals(M),non-IDP,Negative
P25196,Prokaryotes,non-IDP,Negative
P25304,Animals(M),IDP,Negative
P25307,Plants,IDP,Negative
P25346,Fungi,IDP,Negative
P25421,Animals(NM),IDP,Negative
P25477,Viruses,non-IDP,Negative
P25478,Viruses,IDP,Negative
P25480,Viruses,IDP,Negative
P25500,Animals(M),IDP,Negative
P25561,Fungi,non-IDP,Negative
P25600,Fungi,non-IDP,Negative
P25601,Fungi,non-IDP,Negative
P25652,Fungi,non-IDP,Negative
P25711,Fungi,IDP,Negative
P25712,Animals(M),IDP,Negative
P25843,Animals(NM),non-IDP,Negative
P25929,Animals(M),IDP,Negative
P25931,Animals(NM),non-IDP,Negative
P25938,Prokaryotes,non-IDP,Negative
P25954,Prokaryotes,non-IDP,Negative
P26023,Animals(NM),IDP,Negative
P26051,Animals(M),IDP,Negative
P26151,Animals(M),IDP,Negative
P26201,Animals(M),non-IDP,Negative
P26260,Animals(M),IDP,Negative
P26342,Animals(M),IDP,Negative
P26551,Viruses,IDP,Negative
P26553,Viruses,IDP,Negative
P26579,Viruses,IDP,Negative
P26686,Animals(NM),IDP,Negative
P26746,Viruses,IDP,Negative
P26814,Viruses,non-IDP,Negative
P26824,Animals(M),IDP,Negative
P26864,Plants,non-IDP,Negative
P26895,Animals(M),IDP,Negative
P26907,Prokaryotes,IDP,Negative
P26952,Animals(M),IDP,Negative
P26954,Animals(M),IDP,Negative
P26967,Animals(NM),IDP,Negative
P26968,Animals(NM),IDP,Negative
P27015,Animals(NM),IDP,Negative
P27039,Animals(NM),IDP,Negative
P27046,Animals(M),IDP,Negative
P27058,Plants,IDP,Negative
P27062,Plants,non-IDP,Negative
P27092,Animals(NM),IDP,Negative
P27114,Animals(M),IDP,Negative
P27360,Viruses,non-IDP,Negative
P27379,Viruses,IDP,Negative
P27424,Animals(M),IDP,Negative
P27483,Plants,IDP,Negative
P27526,Fungi,IDP,Negative
P27539,Animals(M),IDP,Negative
P27544,Animals(M),IDP,Negative
P27555,Viruses,IDP,Negative
P27558,Viruses,IDP,Negative
P27628,Animals(M),IDP,Negative
P27732,Animals(M),IDP,Negative
P27766,Plants,IDP,Negative
P27780,Animals(NM),IDP,Negative
P27792,Animals(M),IDP,Negative
P27808,Animals(M),IDP,Negative
P27811,Animals(M),IDP,Negative
P28039,Animals(M),non-IDP,Negative
P28171,Animals(M),non-IDP,Negative
P28194,Animals(NM),IDP,Negative
P28283,Viruses,IDP,Negative
P28316,Animals(NM),IDP,Negative
P28549,Animals(M),IDP,Negative
P28550,Animals(M),non-IDP,Negative
P28569,Fungi,IDP,Negative
P28662,Animals(M),IDP,Negative
P28709,Viruses,non-IDP,Negative
P28745,Fungi,IDP,Negative
P28776,Animals(M),IDP,Negative
P28797,Animals(M),IDP,Negative
P28800,Animals(M),IDP,Negative
P28824,Animals(NM),IDP,Negative
P28854,Viruses,non-IDP,Negative
P28876,Fungi,IDP,Negative
P28893,Viruses,IDP,Negative
P29010,Prokaryotes,non-IDP,Negative
P29030,Animals(NM),IDP,Negative
P29088,Prokaryotes,non-IDP,Negative
P29127,Fungi,IDP,Negative
P29128,Viruses,IDP,Negative
P29230,Prokaryotes,IDP,Negative
P29258,Animals(M),IDP,Negative
P29293,Animals(M),IDP,Negative
P29352,Animals(M),IDP,Negative
P29362,Viruses,IDP,Negative
P29370,Prokaryotes,non-IDP,Negative
P29503,Animals(NM),IDP,Negative
P29518,Plants,IDP,Negative
P29589,Fungi,non-IDP,Negative
P29746,Animals(NM),IDP,Negative
P29788,Animals(M),IDP,Negative
P29818,Viruses,IDP,Negative
P29867,Animals(NM),non-IDP,Negative
P29939,Prokaryotes,non-IDP,Negative
P29951,Fungi,non-IDP,Negative
P30020,Viruses,IDP,Negative
P30034,Animals(M),IDP,Negative
P30219,Animals(NM),IDP,Negative
P30222,Plants,IDP,Negative
P30237,Viruses,IDP,Negative
P30284,Fungi,IDP,Negative
P30415,Animals(M),IDP,Negative
P30546,Animals(M),IDP,Negative
P30565,Prokaryotes,non-IDP,Negative
P30568,Animals(NM),non-IDP,Negative
P30731,Animals(M),IDP,Negative
P30906,Prokaryotes,non-IDP,Negative
P30975,Animals(NM),IDP,Negative
P30993,Animals(M),IDP,Negative
P31029,Animals(M),non-IDP,Negative
P31064,Prokaryotes,non-IDP,Negative
P31078,Prokaryotes,non-IDP,Negative
P31231,Animals(NM),IDP,Negative
P31267,Animals(M),IDP,Negative
P31275,Animals(M),IDP,Negative
P31301,Fungi,IDP,Negative
P31302,Fungi,IDP,Negative
P31316,Animals(M),IDP,Negative
P31340,Viruses,IDP,Negative
P31367,Animals(NM),IDP,Negative
P31379,Fungi,IDP,Negative
P31433,Prokaryotes,IDP,Negative
P31628,Viruses,IDP,Negative
P31705,Prokaryotes,IDP,Negative
P31809,Animals(M),IDP,Negative
P31843,Plants,non-IDP,Negative
P31955,Animals(M),IDP,Negative
P31996,Animals(M),IDP,Negative
P32053,Prokaryotes,non-IDP,Negative
P32218,Viruses,non-IDP,Negative
P32240,Animals(M),IDP,Negative
P32304,Animals(M),IDP,Negative
P32385,Fungi,IDP,Negative
P32394,Animals(M),IDP,Negative
P32507,Animals(M),IDP,Negative
P32559,Fungi,non-IDP,Negative
P32696,Prokaryotes,non-IDP,Negative
P32762,Viruses,IDP,Negative
P32763,Animals(M),non-IDP,Negative
P32940,Animals(NM),IDP,Negative
P32972,Animals(M),IDP,Negative
P33005,Animals(NM),IDP,Negative
P33227,Prokaryotes,non-IDP,Negative
P33485,Viruses,IDP,Negative
P33486,Viruses,non-IDP,Negative
P33488,Plants,non-IDP,Negative
P33609,Animals(M),IDP,Negative
P33621,Animals(M),IDP,Negative
P33705,Animals(M),IDP,Negative
P33794,Viruses,non-IDP,Negative
P33896,Animals(M),IDP,Negative
P34257,Animals(NM),non-IDP,Negative
P34284,Animals(NM),IDP,Negative
P34291,Animals(NM),IDP,Negative
P34351,Animals(NM),IDP,Negative
P34410,Animals(NM),IDP,Negative
P34443,Animals(NM),IDP,Negative
P34451,Animals(NM),IDP,Negative
P34457,Animals(NM),IDP,Negative
P34465,Animals(NM),IDP,Negative
P34487,Animals(NM),IDP,Negative
P34504,Animals(NM),IDP,Negative
P34523,Animals(NM),IDP,Negative
P34527,Animals(NM),IDP,Negative
P34547,Animals(NM),IDP,Negative
P34548,Animals(NM),IDP,Negative
P34582,Animals(NM),IDP,Negative
P34587,Animals(NM),IDP,Negative
P34625,Animals(NM),IDP,Negative
P34682,Animals(NM),IDP,Negative
P34804,Animals(NM),IDP,Negative
P34849,Animals(NM),non-IDP,Negative
P34858,Animals(NM),IDP,Negative
P34910,Animals(M),IDP,Negative
P34979,Animals(M),non-IDP,Negative
P34992,Animals(NM),IDP,Negative
P35001,Animals(NM),IDP,Negative
P35049,Fungi,non-IDP,Negative
P35174,Animals(M),IDP,Negative
P35288,Animals(M),IDP,Negative
P35295,Animals(M),non-IDP,Negative
P35303,Animals(M),IDP,Negative
P35307,Animals(M),IDP,Negative
P35311,Animals(M),IDP,Negative
P35323,Animals(M),IDP,Negative
P35371,Animals(M),IDP,Negative
P35375,Animals(M),IDP,Negative
P35384,Animals(M),IDP,Negative
P35402,Plants,non-IDP,Negative
P35405,Animals(M),IDP,Negative
P35410,Animals(M),IDP,Negative
P35417,Animals(NM),IDP,Negative
P35455,Animals(M),non-IDP,Negative
P35537,Prokaryotes,non-IDP,Negative
P35582,Animals(M),IDP,Negative
P35649,Prokaryotes,non-IDP,Negative
P35662,Animals(M),IDP,Negative
P35689,Animals(M),IDP,Negative
P35709,Animals(M),IDP,Negative
P35716,Animals(M),IDP,Negative
P35720,Animals(M),non-IDP,Negative
P35721,Plants,IDP,Negative
P35737,Animals(M),IDP,Negative
P35753,Animals(NM),non-IDP,Negative
P35816,Animals(M),non-IDP,Negative
P35851,Prokaryotes,IDP,Negative
P36032,Fungi,IDP,Negative
P36042,Fungi,non-IDP,Negative
P36079,Fungi,IDP,Negative
P36087,Fungi,IDP,Negative
P36099,Fungi,IDP,Negative
P36109,Fungi,non-IDP,Negative
P36133,Fungi,IDP,Negative
P36140,Fungi,IDP,Negative
P36190,Animals(NM),non-IDP,Negative
P36196,Animals(NM),IDP,Negative
P36198,Animals(M),IDP,Negative
P36227,Fungi,non-IDP,Negative
P36228,Fungi,IDP,Negative
P36269,Animals(M),IDP,Negative
P36273,Viruses,IDP,Negative
P36275,Viruses,IDP,Negative
P36276,Viruses,IDP,Negative
P36627,Fungi,IDP,Negative
P36866,Viruses,non-IDP,Negative
P36934,Viruses,IDP,Negative
P36939,Animals(M),IDP,Negative
P36958,Animals(NM),non-IDP,Negative
P36991,Animals(NM),IDP,Negative
P37042,Animals(NM),IDP,Negative
P37057,Prokaryotes,non-IDP,Negative
P37135,Prokaryotes,IDP,Negative
P37143,Prokaryotes,IDP,Negative
P37176,Animals(M),IDP,Negative
P37217,Animals(M),IDP,Negative
P37220,Plants,IDP,Negative
P37237,Animals(M),IDP,Negative
P37379,Animals(NM),IDP,Negative
P37503,Prokaryotes,non-IDP,Negative
P37626,Prokaryotes,IDP,Negative
P37705,Plants,IDP,Negative
P37709,Animals(M),IDP,Negative
P37729,Prokaryotes,non-IDP,Negative
P37763,Prokaryotes,IDP,Negative
P37801,Animals(NM),IDP,Negative
P37825,Plants,non-IDP,Negative
P37836,Plants,IDP,Negative
P37889,Animals(M),IDP,Negative
P37963,Prokaryotes,IDP,Negative
P38090,Fungi,IDP,Negative
P38092,Fungi,IDP,Negative
P38142,Fungi,IDP,Negative
P38160,Animals(M),IDP,Negative
P38447,Animals(M),non-IDP,Negative
P38454,Plants,IDP,Negative
P38551,Animals(M),non-IDP,Negative
P38573,Animals(M),IDP,Negative
P38574,Animals(M),IDP,Negative
P38584,Animals(M),IDP,Negative
P38602,Animals(M),non-IDP,Negative
P38674,Fungi,IDP,Negative
P38680,Fungi,IDP,Negative
P38702,Fungi,IDP,Negative
P38830,Fungi,IDP,Negative
P38831,Fungi,non-IDP,Negative
P38834,Fungi,IDP,Negative
P38898,Fungi,IDP,Negative
P39234,Viruses,non-IDP,Negative
P39505,Viruses,IDP,Negative
P39525,Fungi,non-IDP,Negative
P39549,Fungi,IDP,Negative
P39588,Prokaryotes,non-IDP,Negative
P39710,Fungi,IDP,Negative
P39801,Prokaryotes,IDP,Negative
P39825,Fungi,non-IDP,Negative
P39873,Animals(M),IDP,Negative
P39921,Animals(NM),IDP,Negative
P40180,Prokaryotes,IDP,Negative
P40190,Animals(M),IDP,Negative
P40198,Animals(M),IDP,Negative
P40205,Animals(M),IDP,Negative
P40223,Animals(M),IDP,Negative
P40226,Animals(M),IDP,Negative
P40234,Fungi,IDP,Negative
P40293,Animals(M),non-IDP,Negative
P40355,Fungi,IDP,Negative
P40388,Fungi,IDP,Negative
P40445,Fungi,IDP,Negative
P40490,Fungi,IDP,Negative
P40501,Fungi,IDP,Negative
P40583,Fungi,non-IDP,Negative
P40602,Plants,IDP,Negative
P40622,Animals(NM),IDP,Negative
P40645,Animals(M),IDP,Negative
P40701,Prokaryotes,non-IDP,Negative
P40757,Animals(NM),non-IDP,Negative
P40764,Animals(M),IDP,Negative
P40899,Fungi,IDP,Negative
P40902,Fungi,IDP,Negative
P40920,Fungi,IDP,Negative
P40923,Fungi,IDP,Negative
P40931,Viruses,IDP,Negative
P40935,Animals(M),IDP,Negative
P41034,Animals(M),IDP,Negative
P41043,Animals(NM),IDP,Negative
P41059,Viruses,IDP,Negative
P41139,Animals(M),IDP,Negative
P41158,Animals(M),IDP,Negative
P41217,Animals(M),IDP,Negative
P41232,Animals(M),IDP,Negative
P41234,Animals(M),IDP,Negative
P41243,Animals(M),IDP,Negative
P41274,Animals(M),IDP,Negative
P41291,Animals(M),non-IDP,Negative
P41306,Animals(M),non-IDP,Negative
P41308,Animals(M),non-IDP,Negative
P41312,Animals(M),IDP,Negative
P41314,Animals(M),non-IDP,Negative
P41361,Animals(M),IDP,Negative
P41365,Fungi,non-IDP,Negative
P41366,Animals(NM),non-IDP,Negative
P41375,Animals(NM),IDP,Negative
P41436,Viruses,non-IDP,Negative
P41447,Viruses,IDP,Negative
P41520,Animals(M),IDP,Negative
P41671,Viruses,IDP,Negative
P41684,Viruses,non-IDP,Negative
P41707,Viruses,IDP,Negative
P41726,Viruses,non-IDP,Negative
P41739,Animals(M),IDP,Negative
P41775,Animals(NM),IDP,Negative
P41824,Animals(NM),IDP,Negative
P41925,Fungi,IDP,Negative
P41927,Fungi,non-IDP,Negative
P41951,Animals(NM),non-IDP,Negative
P41964,Animals(NM),IDP,Negative
P41971,Animals(M),IDP,Negative
P41986,Animals(M),IDP,Negative
P41996,Animals(NM),IDP,Negative
P42037,Fungi,IDP,Negative
P42071,Animals(M),IDP,Negative
P42117,Fungi,IDP,Negative
P42132,Animals(M),IDP,Negative
P42143,Animals(M),IDP,Negative
P42145,Animals(M),IDP,Negative
P42147,Animals(M),IDP,Negative
P42148,Animals(M),IDP,Negative
P42152,Animals(M),IDP,Negative
P42410,Prokaryotes,non-IDP,Negative
P42518,Prokaryotes,non-IDP,Negative
P42533,Animals(M),IDP,Negative
P42557,Animals(M),IDP,Negative
P42581,Animals(M),IDP,Negative
P42670,Prokaryotes,IDP,Negative
P42852,Animals(NM),IDP,Negative
P42867,Animals(M),non-IDP,Negative
P42882,Fungi,non-IDP,Negative
P43027,Animals(M),IDP,Negative
P43031,Animals(NM),IDP,Negative
P43047,Prokaryotes,IDP,Negative
P43065,Fungi,IDP,Negative
P43120,Animals(M),IDP,Negative
P43142,Animals(M),IDP,Negative
P43189,Animals(NM),non-IDP,Negative
P43248,Animals(NM),IDP,Negative
P43303,Animals(M),IDP,Negative
P43345,Animals(M),IDP,Negative
P43398,Plants,non-IDP,Negative
P43407,Animals(M),IDP,Negative
P43502,Prokaryotes,non-IDP,Negative
P43521,Prokaryotes,non-IDP,Negative
P43531,Prokaryotes,IDP,Negative
P43562,Fungi,IDP,Negative
P43625,Fungi,non-IDP,Negative
P43697,Animals(M),IDP,Negative
P43965,Prokaryotes,non-IDP,Negative
P43967,Prokaryotes,non-IDP,Negative
P44026,Prokaryotes,non-IDP,Negative
P44152,Prokaryotes,non-IDP,Negative
P44886,Prokaryotes,non-IDP,Negative
P44994,Prokaryotes,non-IDP,Negative
P45003,Prokaryotes,non-IDP,Negative
P45220,Prokaryotes,non-IDP,Negative
P45255,Prokaryotes,non-IDP,Negative
P45362,Prokaryotes,non-IDP,Negative
P45374,Prokaryotes,non-IDP,Negative
P45420,Prokaryotes,non-IDP,Negative
P45585,Animals(NM),IDP,Negative
P45586,Animals(NM),IDP,Negative
P45750,Prokaryotes,IDP,Negative
P45817,Fungi,IDP,Negative
P45871,Prokaryotes,non-IDP,Negative
P46091,Animals(M),IDP,Negative
P46099,Animals(M),IDP,Negative
P46136,Prokaryotes,non-IDP,Negative
P46153,Animals(M),IDP,Negative
P46198,Animals(M),IDP,Negative
P46201,Animals(M),non-IDP,Negative
P46269,Plants,non-IDP,Negative
P46499,Animals(NM),IDP,Negative
P46526,Plants,IDP,Negative
P46556,Animals(NM),IDP,Negative
P46628,Animals(M),IDP,Negative
P46656,Animals(M),IDP,Negative
P46686,Animals(M),IDP,Negative
P46694,Animals(M),IDP,Negative
P47036,Fungi,IDP,Negative
P47059,Fungi,non-IDP,Negative
P47062,Fungi,IDP,Negative
P47153,Fungi,IDP,Negative
P47187,Fungi,IDP,Negative
P47558,Prokaryotes,IDP,Negative
P47732,Viruses,IDP,Negative
P47746,Animals(M),non-IDP,Negative
P47782,Animals(M),non-IDP,Negative
P47823,Animals(M),IDP,Negative
P47874,Animals(M),IDP,Negative
P47938,Animals(NM),non-IDP,Negative
P47993,Animals(M),IDP,Negative
P48013,Fungi,IDP,Negative
P48199,Animals(M),non-IDP,Negative
P48299,Animals(M),IDP,Negative
P48537,Fungi,IDP,Negative
P48540,Animals(M),IDP,Negative
P48593,Animals(NM),IDP,Negative
P48747,Animals(M),IDP,Negative
P48778,Animals(M),IDP,Negative
P48806,Animals(NM),non-IDP,Negative
P48849,Fungi,non-IDP,Negative
P48895,Animals(NM),IDP,Negative
P48913,Fungi,IDP,Negative
P48917,Fungi,non-IDP,Negative
P48923,Fungi,IDP,Negative
P48927,Fungi,IDP,Negative
P48974,Animals(M),IDP,Negative
P48998,Animals(M),IDP,Negative
P49004,Animals(M),non-IDP,Negative
P49019,Animals(M),IDP,Negative
P49053,Fungi,IDP,Negative
P49063,Plants,non-IDP,Negative
P49071,Animals(NM),non-IDP,Negative
P49135,Animals(M),IDP,Negative
P49263,Animals(NM),IDP,Negative
P49282,Animals(M),IDP,Negative
P49283,Animals(NM),IDP,Negative
P49301,Animals(M),IDP,Negative
P49355,Animals(M),IDP,Negative
P49415,Animals(NM),IDP,Negative
P49452,Animals(M),IDP,Negative
P49580,Animals(NM),IDP,Negative
P49683,Animals(M),IDP,Negative
P49705,Animals(NM),IDP,Negative
P49772,Animals(M),IDP,Negative
P49782,Prokaryotes,IDP,Negative
P49783,Prokaryotes,IDP,Negative
P49861,Viruses,IDP,Negative
P49919,Animals(M),IDP,Negative
P49926,Animals(M),IDP,Negative
P50080,Fungi,IDP,Negative
P50160,Plants,IDP,Negative
P50168,Animals(M),non-IDP,Negative
P50207,Animals(M),IDP,Negative
P50263,Fungi,IDP,Negative
P50284,Animals(M),IDP,Negative
P50291,Animals(M),IDP,Negative
P50390,Animals(M),non-IDP,Negative
P50393,Animals(M),IDP,Negative
P50427,Animals(M),IDP,Negative
P50437,Animals(NM),IDP,Negative
P50473,Animals(NM),IDP,Negative
P50480,Animals(M),IDP,Negative
P50525,Fungi,IDP,Negative
P50581,Animals(NM),IDP,Negative
P50592,Animals(M),non-IDP,Negative
P50599,Prokaryotes,non-IDP,Negative
P50745,Animals(M),IDP,Negative
P50752,Animals(M),IDP,Negative
P50763,Viruses,IDP,Negative
P50992,Animals(M),IDP,Negative
P51004,Animals(NM),IDP,Negative
P51163,Animals(M),non-IDP,Negative
P51459,Animals(M),non-IDP,Negative
P51509,Animals(NM),IDP,Negative
P51514,Animals(M),IDP,Negative
P51516,Viruses,IDP,Negative
P51612,Animals(M),IDP,Negative
P51641,Animals(NM),non-IDP,Negative
P51724,Viruses,IDP,Negative
P51733,Viruses,IDP,Negative
P51734,Viruses,non-IDP,Negative
P51738,Viruses,IDP,Negative
P51767,Viruses,non-IDP,Negative
P51771,Viruses,non-IDP,Negative
P51772,Viruses,non-IDP,Negative
P51815,Animals(M),IDP,Negative
P51827,Animals(M),IDP,Negative
P51829,Animals(M),IDP,Negative
P51830,Animals(M),IDP,Negative
P51866,Animals(M),IDP,Negative
P51878,Animals(M),non-IDP,Negative
P51887,Animals(NM),non-IDP,Negative
P51917,Animals(NM),IDP,Negative
P51947,Animals(NM),IDP,Negative
P51949,Animals(M),non-IDP,Negative
P51960,Animals(M),IDP,Negative
P51992,Animals(NM),IDP,Negative
P52059,Prokaryotes,non-IDP,Negative
P52161,Animals(NM),IDP,Negative
P52167,Animals(NM),IDP,Negative
P52176,Animals(M),IDP,Negative
P52205,Animals(M),IDP,Negative
P52302,Animals(NM),IDP,Negative
P52392,Prokaryotes,IDP,Negative
P52555,Animals(M),non-IDP,Negative
P52585,Viruses,IDP,Negative
P52613,Prokaryotes,IDP,Negative
P52787,Animals(M),non-IDP,Negative
P52795,Animals(M),IDP,Negative
P52855,Plants,IDP,Negative
P52883,Animals(NM),IDP,Negative
P52959,Fungi,IDP,Negative
P52963,Animals(M),IDP,Negative
P53213,Fungi,IDP,Negative
P53284,Fungi,non-IDP,Negative
P53288,Fungi,IDP,Negative
P53347,Animals(M),IDP,Negative
P53349,Animals(M),IDP,Negative
P53353,Animals(M),IDP,Negative
P53394,Fungi,IDP,Negative
P53403,Animals(NM),IDP,Negative
P53405,Animals(NM),IDP,Negative
P53564,Animals(M),IDP,Negative
P53707,Fungi,IDP,Negative
P53760,Animals(NM),non-IDP,Negative
P53776,Animals(M),IDP,Negative
P53808,Animals(M),non-IDP,Negative
P53876,Fungi,IDP,Negative
P54089,Viruses,IDP,Negative
P54099,Animals(M),IDP,Negative
P54107,Animals(M),non-IDP,Negative
P54130,Animals(M),IDP,Negative
P54137,Animals(NM),IDP,Negative
P54145,Animals(NM),IDP,Negative
P54158,Prokaryotes,non-IDP,Negative
P54190,Animals(NM),non-IDP,Negative
P54192,Animals(NM),IDP,Negative
P54265,Animals(M),IDP,Negative
P54279,Animals(M),IDP,Negative
P54319,Animals(M),IDP,Negative
P54320,Animals(M),IDP,Negative
P54332,Prokaryotes,non-IDP,Negative
P54488,Prokaryotes,IDP,Negative
P54491,Prokaryotes,non-IDP,Negative
P54542,Prokaryotes,non-IDP,Negative
P54585,Prokaryotes,IDP,Negative
P54613,Animals(M),IDP,Negative
P54731,Animals(M),IDP,Negative
P54734,Prokaryotes,IDP,Negative
P54795,Prokaryotes,IDP,Negative
P54842,Animals(M),IDP,Negative
P54856,Fungi,IDP,Negative
P54857,Fungi,non-IDP,Negative
P54923,Animals(M),non-IDP,Negative
P55049,Prokaryotes,IDP,Negative
P55101,Animals(M),IDP,Negative
P55102,Animals(M),IDP,Negative
P55109,Prokaryotes,IDP,Negative
P55113,Animals(NM),IDP,Negative
P55169,Animals(NM),non-IDP,Negative
P55206,Animals(M),IDP,Negative
P55223,Prokaryotes,non-IDP,Negative
P55248,Animals(M),IDP,Negative
P55302,Animals(M),IDP,Negative
P55534,Prokaryotes,non-IDP,Negative
P55578,Prokaryotes,IDP,Negative
P55614,Prokaryotes,non-IDP,Negative
P55616,Prokaryotes,IDP,Negative
P55773,Animals(M),non-IDP,Negative
P55808,Animals(M),IDP,Negative
P55885,Animals(M),IDP,Negative
P55906,Animals(M),non-IDP,Negative
P55925,Plants,IDP,Negative
P56099,Fungi,non-IDP,Negative
P56163,Animals(M),IDP,Negative
P56213,Animals(M),IDP,Negative
P56383,Animals(M),non-IDP,Negative
P56388,Animals(M),non-IDP,Negative
P56389,Animals(M),non-IDP,Negative
P56405,Animals(M),IDP,Negative
P56413,Animals(M),IDP,Negative
P56472,Animals(M),non-IDP,Negative
P56476,Animals(M),IDP,Negative
P56485,Animals(M),IDP,Negative
P56504,Fungi,IDP,Negative
P56544,Animals(NM),IDP,Negative
P56552,Plants,non-IDP,Negative
P56597,Animals(M),non-IDP,Negative
P56602,Animals(M),non-IDP,Negative
P56717,Animals(M),IDP,Negative
P56739,Fungi,IDP,Negative
P56741,Animals(M),IDP,Negative
P56839,Animals(NM),non-IDP,Negative
P56842,Animals(M),non-IDP,Negative
P56857,Animals(M),IDP,Negative
P56859,Fungi,IDP,Negative
P56873,Animals(M),IDP,Negative
P56916,Animals(M),IDP,Negative
P56966,Animals(M),non-IDP,Negative
P56971,Animals(NM),non-IDP,Negative
P57016,Animals(M),IDP,Negative
P57017,Viruses,IDP,Negative
P57021,Viruses,non-IDP,Negative
P57022,Viruses,non-IDP,Negative
P57108,Plants,IDP,Negative
P57113,Animals(M),non-IDP,Negative
P57179,Prokaryotes,non-IDP,Negative
P57180,Prokaryotes,non-IDP,Negative
P57402,Prokaryotes,non-IDP,Negative
P57680,Animals(M),IDP,Negative
P57758,Plants,IDP,Negative
P57789,Animals(M),IDP,Negative
P57791,Animals(M),IDP,Negative
P58030,Prokaryotes,IDP,Negative
P58073,Animals(M),IDP,Negative
P58195,Animals(M),IDP,Negative
P58208,Prokaryotes,non-IDP,Negative
P58223,Plants,IDP,Negative
P58242,Animals(M),non-IDP,Negative
P58308,Animals(M),IDP,Negative
P58330,Prokaryotes,non-IDP,Negative
P58368,Animals(NM),IDP,Negative
P58371,Fungi,non-IDP,Negative
P58390,Animals(M),IDP,Negative
P58418,Animals(M),IDP,Negative
P58465,Animals(M),IDP,Negative
P58467,Animals(M),IDP,Negative
P58512,Animals(M),IDP,Negative
P58660,Animals(M),IDP,Negative
P58768,Prokaryotes,non-IDP,Negative
P59020,Animals(M),IDP,Negative
P59022,Animals(M),non-IDP,Negative
P59025,Animals(M),IDP,Negative
P59041,Animals(M),IDP,Negative
P59052,Animals(M),IDP,Negative
P59055,Animals(M),IDP,Negative
P59091,Animals(M),IDP,Negative
P59096,Animals(M),IDP,Negative
P59103,Animals(M),IDP,Negative
P59111,Animals(M),IDP,Negative
P59114,Animals(M),IDP,Negative
P59206,Prokaryotes,non-IDP,Negative
P59217,Viruses,IDP,Negative
P59235,Animals(M),non-IDP,Negative
P59266,Animals(M),non-IDP,Negative
P59438,Animals(M),IDP,Negative
P59511,Animals(M),IDP,Negative
P59622,Animals(M),IDP,Negative
P59644,Animals(M),IDP,Negative
P59646,Animals(M),non-IDP,Negative
P59648,Animals(M),IDP,Negative
P59697,Prokaryotes,IDP,Negative
P59723,Animals(NM),IDP,Negative
P59729,Animals(M),IDP,Negative
P59759,Animals(M),IDP,Negative
P59761,Animals(M),IDP,Negative
P59808,Animals(M),IDP,Negative
P59822,Animals(M),IDP,Negative
P59862,Animals(M),non-IDP,Negative
P59900,Animals(M),IDP,Negative
P59906,Animals(NM),IDP,Negative
P59924,Animals(M),IDP,Negative
P59926,Animals(M),IDP,Negative
P60007,Animals(M),IDP,Negative
P60507,Animals(M),IDP,Negative
P60509,Animals(M),IDP,Negative
P60669,Animals(M),IDP,Negative
P60852,Animals(M),IDP,Negative
P60882,Animals(M),IDP,Negative
P61110,Animals(M),IDP,Negative
P61243,Plants,non-IDP,Negative
P61245,Animals(M),IDP,Negative
P61386,Prokaryotes,non-IDP,Negative
P61460,Animals(M),IDP,Negative
P61561,Animals(M),IDP,Negative
P61579,Animals(M),IDP,Negative
P61580,Animals(M),IDP,Negative
P61622,Animals(M),IDP,Negative
P61807,Animals(M),IDP,Negative
P61918,Animals(M),non-IDP,Negative
P61939,Animals(M),non-IDP,Negative
P62164,Prokaryotes,non-IDP,Negative
P62485,Animals(M),IDP,Negative
P62500,Animals(M),IDP,Negative
P62503,Animals(M),non-IDP,Negative
P62809,Plants,IDP,Negative
P62816,Animals(M),IDP,Negative
P62818,Animals(M),non-IDP,Negative
P62954,Animals(M),IDP,Negative
P63008,Animals(M),IDP,Negative
P63042,Animals(M),IDP,Negative
P63128,Animals(M),IDP,Negative
P63135,Animals(M),IDP,Negative
P63160,Animals(M),IDP,Negative
P63271,Animals(M),non-IDP,Negative
P63298,Animals(M),IDP,Negative
P64591,Prokaryotes,IDP,Negative
P64814,Prokaryotes,IDP,Negative
P67837,Animals(M),IDP,Negative
P68311,Animals(M),non-IDP,Negative
P68345,Viruses,IDP,Negative
P68572,Viruses,IDP,Negative
P68660,Viruses,IDP,Negative
P68662,Viruses,non-IDP,Negative
P68742,Viruses,IDP,Negative
P68827,Animals(M),IDP,Negative
P68828,Viruses,IDP,Negative
P69045,Animals(NM),non-IDP,Negative
P69232,Animals(NM),IDP,Negative
P69327,Fungi,IDP,Negative
P69336,Viruses,non-IDP,Negative
P69359,Viruses,non-IDP,Negative
P69525,Animals(M),IDP,Negative
P69540,Viruses,non-IDP,Negative
P69616,Viruses,IDP,Negative
P69929,Animals(NM),non-IDP,Negative
P70031,Animals(NM),IDP,Negative
P70106,Animals(M),IDP,Negative
P70120,Animals(M),IDP,Negative
P70124,Animals(M),non-IDP,Negative
P70126,Animals(M),IDP,Negative
P70178,Animals(M),IDP,Negative
P70213,Animals(M),IDP,Negative
P70245,Animals(M),IDP,Negative
P70259,Animals(M),non-IDP,Negative
P70261,Animals(M),IDP,Negative
P70278,Animals(M),IDP,Negative
P70295,Animals(M),IDP,Negative
P70323,Animals(M),IDP,Negative
P70331,Animals(M),IDP,Negative
P70338,Animals(M),IDP,Negative
P70339,Animals(M),IDP,Negative
P70348,Animals(M),IDP,Negative
P70390,Animals(M),IDP,Negative
P70436,Animals(M),IDP,Negative
P70459,Animals(M),IDP,Negative
P70473,Animals(M),IDP,Negative
P70560,Animals(M),IDP,Negative
P70660,Animals(M),IDP,Negative
P70675,Animals(M),IDP,Negative
P70687,Animals(M),non-IDP,Negative
P70701,Animals(M),IDP,Negative
P70796,Prokaryotes,IDP,Negative
P71083,Prokaryotes,non-IDP,Negative
P72161,Prokaryotes,non-IDP,Negative
P72296,Prokaryotes,IDP,Negative
P74199,Prokaryotes,non-IDP,Negative
P74261,Prokaryotes,non-IDP,Negative
P74436,Prokaryotes,non-IDP,Negative
P75074,Prokaryotes,IDP,Negative
P75566,Prokaryotes,non-IDP,Negative
P75719,Prokaryotes,non-IDP,Negative
P76072,Prokaryotes,IDP,Negative
P76115,Prokaryotes,IDP,Negative
P76318,Prokaryotes,non-IDP,Negative
P76506,Prokaryotes,IDP,Negative
P76509,Prokaryotes,non-IDP,Negative
P76512,Prokaryotes,IDP,Negative
P76551,Prokaryotes,non-IDP,Negative
P76584,Prokaryotes,non-IDP,Negative
P77306,Prokaryotes,IDP,Negative
P77308,Prokaryotes,non-IDP,Negative
P77504,Prokaryotes,IDP,Negative
P77656,Prokaryotes,non-IDP,Negative
P78426,Animals(M),IDP,Negative
P78581,Fungi,non-IDP,Negative
P78713,Fungi,IDP,Negative
P78742,Fungi,non-IDP,Negative
P78744,Fungi,IDP,Negative
P78763,Fungi,non-IDP,Negative
P78890,Fungi,IDP,Negative
P78990,Fungi,non-IDP,Negative
P79017,Fungi,IDP,Negative
P79046,Fungi,IDP,Negative
P79051,Fungi,IDP,Negative
P79081,Fungi,non-IDP,Negative
P79125,Animals(M),IDP,Negative
P79126,Animals(M),IDP,Negative
P79263,Animals(M),IDP,Negative
P79266,Animals(M),IDP,Negative
P79350,Animals(M),IDP,Negative
P79386,Animals(M),IDP,Negative
P79677,Viruses,IDP,Negative
P79774,Animals(NM),IDP,Negative
P79780,Animals(NM),IDP,Negative
P79797,Animals(NM),IDP,Negative
P79876,Animals(NM),IDP,Negative
P79928,Animals(NM),IDP,Negative
P79945,Animals(NM),IDP,Negative
P79955,Animals(NM),IDP,Negative
P79990,Animals(M),IDP,Negative
P80022,Plants,non-IDP,Negative
P80045,Animals(NM),IDP,Negative
P80238,Prokaryotes,non-IDP,Negative
P80250,Animals(M),IDP,Negative
P80547,Fungi,non-IDP,Negative
P80724,Animals(M),IDP,Negative
P80961,Animals(NM),non-IDP,Negative
P80999,Prokaryotes,IDP,Negative
P81013,Animals(NM),non-IDP,Negative
P81019,Animals(M),IDP,Negative
P81048,Animals(NM),IDP,Negative
P81067,Animals(M),IDP,Negative
P81138,Fungi,IDP,Negative
P81164,Plants,IDP,Negative
P81182,Animals(NM),non-IDP,Negative
P81235,Prokaryotes,non-IDP,Negative
P81264,Animals(M),IDP,Negative
P81325,Prokaryotes,non-IDP,Negative
P81327,Prokaryotes,IDP,Negative
P81401,Animals(M),IDP,Negative
P81579,Animals(NM),non-IDP,Negative
P81615,Animals(M),non-IDP,Negative
P81717,Prokaryotes,non-IDP,Negative
P82003,Animals(NM),IDP,Negative
P82163,Plants,IDP,Negative
P82167,Animals(NM),IDP,Negative
P82170,Animals(NM),non-IDP,Negative
P82171,Animals(NM),IDP,Negative
P82186,Animals(NM),IDP,Negative
P82352,Animals(M),IDP,Negative
P82403,Plants,IDP,Negative
P82450,Animals(M),non-IDP,Negative
P82599,Prokaryotes,IDP,Negative
P82669,Animals(M),non-IDP,Negative
P82670,Animals(M),IDP,Negative
P82678,Plants,IDP,Negative
P82804,Animals(NM),IDP,Negative
P82886,Animals(NM),IDP,Negative
P82902,Fungi,non-IDP,Negative
P82911,Animals(M),IDP,Negative
P82916,Animals(M),non-IDP,Negative
P82917,Animals(M),non-IDP,Negative
P82918,Animals(M),IDP,Negative
P82919,Animals(M),IDP,Negative
P82920,Animals(M),non-IDP,Negative
P82922,Animals(M),IDP,Negative
P82923,Animals(M),IDP,Negative
P82926,Animals(M),IDP,Negative
P82927,Animals(M),IDP,Negative
P82928,Animals(M),IDP,Negative
P82929,Animals(M),IDP,Negative
P82931,Animals(M),non-IDP,Negative
P82976,Animals(M),IDP,Negative
P83093,Animals(M),IDP,Negative
P83094,Animals(NM),IDP,Negative
P83095,Animals(M),IDP,Negative
P83106,Animals(M),non-IDP,Negative
P83183,Animals(NM),non-IDP,Negative
P83211,Animals(NM),IDP,Negative
P83213,Animals(NM),IDP,Negative
P83214,Animals(NM),IDP,Negative
P83282,Animals(NM),IDP,Negative
P83286,Animals(M),non-IDP,Negative
P83293,Animals(NM),IDP,Negative
P83425,Animals(NM),IDP,Negative
P83472,Animals(NM),IDP,Negative
P83502,Animals(NM),IDP,Negative
P83508,Animals(M),non-IDP,Negative
P83528,Animals(NM),IDP,Negative
P83556,Animals(M),IDP,Negative
P83606,Animals(NM),IDP,Negative
P83610,Fungi,non-IDP,Negative
P83762,Animals(M),IDP,Negative
P83799,Fungi,IDP,Negative
P83811,Fungi,non-IDP,Negative
P83861,Animals(M),non-IDP,Negative
P83862,Animals(M),IDP,Negative
P83871,Animals(M),non-IDP,Negative
P83877,Animals(M),non-IDP,Negative
P83936,Prokaryotes,non-IDP,Negative
P83981,Animals(NM),IDP,Negative
P83985,Animals(NM),IDP,Negative
P83993,Animals(NM),non-IDP,Negative
P84149,Fungi,IDP,Negative
P84408,Animals(NM),IDP,Negative
P84537,Animals(NM),IDP,Negative
P84582,Plants,non-IDP,Negative
P84736,Animals(NM),non-IDP,Negative
P84798,Animals(M),IDP,Negative
P84988,Plants,non-IDP,Negative
P85051,Animals(M),IDP,Negative
P85446,Fungi,IDP,Negative
P85502,Viruses,IDP,Negative
P85991,Viruses,non-IDP,Negative
P86045,Animals(M),IDP,Negative
P86049,Animals(M),IDP,Negative
P86091,Animals(M),IDP,Negative
P86103,Plants,IDP,Negative
P86174,Animals(M),IDP,Negative
P86176,Animals(M),IDP,Negative
P86199,Animals(M),non-IDP,Negative
P86237,Animals(M),non-IDP,Negative
P86272,Animals(M),IDP,Negative
P86327,Fungi,non-IDP,Negative
P86397,Animals(M),non-IDP,Negative
P86434,Animals(M),IDP,Negative
P86702,Animals(NM),IDP,Negative
P86727,Animals(NM),IDP,Negative
P86736,Animals(NM),IDP,Negative
P86784,Animals(NM),IDP,Negative
P86788,Animals(NM),IDP,Negative
P86807,Fungi,non-IDP,Negative
P86857,Animals(NM),IDP,Negative
P86859,Animals(NM),IDP,Negative
P86871,Animals(NM),IDP,Negative
P86916,Animals(NM),non-IDP,Negative
P86947,Animals(NM),IDP,Negative
P86950,Animals(NM),IDP,Negative
P86981,Animals(NM),IDP,Negative
P86982,Animals(NM),IDP,Negative
P86985,Animals(NM),IDP,Negative
P87015,Fungi,non-IDP,Negative
P87023,Fungi,IDP,Negative
P87041,Fungi,IDP,Negative
P87130,Fungi,non-IDP,Negative
P87148,Fungi,IDP,Negative
P87216,Fungi,IDP,Negative
P87269,Fungi,IDP,Negative
P87280,Fungi,IDP,Negative
P87281,Fungi,non-IDP,Negative
P87304,Fungi,non-IDP,Negative
P87316,Fungi,non-IDP,Negative
P87352,Animals(NM),IDP,Negative
P87362,Animals(NM),non-IDP,Negative
P89113,Fungi,non-IDP,Negative
P89479,Viruses,IDP,Negative
P90666,Animals(NM),IDP,Negative
P90820,Animals(NM),IDP,Negative
P91478,Animals(NM),IDP,Negative
P91627,Animals(NM),IDP,Negative
P91641,Animals(NM),IDP,Negative
P91679,Animals(NM),IDP,Negative
P91799,Animals(NM),IDP,Negative
P92512,Plants,non-IDP,Negative
P92522,Plants,IDP,Negative
P92523,Plants,non-IDP,Negative
P92526,Plants,IDP,Negative
P92527,Plants,IDP,Negative
P92543,Plants,IDP,Negative
P92555,Plants,non-IDP,Negative
P92660,Animals(M),non-IDP,Negative
P92943,Plants,IDP,Negative
P93052,Plants,non-IDP,Negative
P93159,Plants,non-IDP,Negative
P93227,Plants,IDP,Negative
P93275,Plants,IDP,Negative
P93277,Plants,non-IDP,Negative
P93281,Plants,non-IDP,Negative
P93316,Plants,non-IDP,Negative
P93472,Plants,IDP,Negative
P93846,Plants,IDP,Negative
P94077,Plants,IDP,Negative
P94482,Prokaryotes,non-IDP,Negative
P95549,Prokaryotes,non-IDP,Negative
P96502,Prokaryotes,IDP,Negative
P96608,Prokaryotes,IDP,Negative
P96610,Prokaryotes,IDP,Negative
P96615,Prokaryotes,non-IDP,Negative
P96715,Prokaryotes,non-IDP,Negative
P96720,Prokaryotes,non-IDP,Negative
P97275,Animals(M),IDP,Negative
P97290,Animals(M),IDP,Negative
P97298,Animals(M),IDP,Negative
P97328,Animals(M),non-IDP,Negative
P97334,Animals(M),IDP,Negative
P97346,Animals(M),non-IDP,Negative
P97347,Animals(M),IDP,Negative
P97361,Animals(M),non-IDP,Negative
P97367,Animals(M),IDP,Negative
P97399,Animals(M),IDP,Negative
P97433,Animals(M),IDP,Negative
P97435,Animals(M),IDP,Negative
P97436,Animals(M),IDP,Negative
P97443,Animals(M),IDP,Negative
P97463,Animals(M),IDP,Negative
P97466,Animals(M),IDP,Negative
P97494,Animals(M),IDP,Negative
P97497,Animals(M),IDP,Negative
P97499,Animals(M),IDP,Negative
P97500,Animals(M),IDP,Negative
P97564,Animals(M),IDP,Negative
P97636,Animals(M),non-IDP,Negative
P97698,Animals(M),IDP,Negative
P97707,Animals(M),IDP,Negative
P97769,Animals(M),IDP,Negative
P97784,Animals(M),IDP,Negative
P97863,Animals(M),IDP,Negative
P97873,Animals(M),IDP,Negative
P97927,Animals(M),IDP,Negative
P97930,Animals(M),non-IDP,Negative
P97931,Animals(M),IDP,Negative
P97953,Animals(M),IDP,Negative
P98056,Prokaryotes,IDP,Negative
P98065,Animals(M),non-IDP,Negative
P98089,Animals(M),IDP,Negative
P98109,Animals(M),non-IDP,Negative
P98137,Animals(M),IDP,Negative
P98154,Animals(M),IDP,Negative
P98162,Animals(NM),IDP,Negative
P98191,Animals(M),IDP,Negative
P9WEF7,Fungi,IDP,Negative
P9WEI1,Fungi,IDP,Negative
P9WEI6,Fungi,IDP,Negative
P9WEM1,Fungi,IDP,Negative
P9WEN5,Fungi,IDP,Negative
P9WEN8,Fungi,IDP,Negative
P9WES6,Fungi,non-IDP,Negative
P9WEY3,Fungi,IDP,Negative
P9WEZ5,Fungi,non-IDP,Negative
P9WEZ6,Fungi,non-IDP,Negative
P9WEZ9,Fungi,non-IDP,Negative
P9WHP4,Prokaryotes,IDP,Negative
P9WIM2,Prokaryotes,IDP,Negative
P9WJ06,Prokaryotes,non-IDP,Negative
P9WJ10,Prokaryotes,IDP,Negative
P9WJX2,Prokaryotes,non-IDP,Negative
P9WKL6,Prokaryotes,non-IDP,Negative
P9WKX6,Prokaryotes,non-IDP,Negative
P9WL70,Prokaryotes,non-IDP,Negative
P9WLE2,Prokaryotes,non-IDP,Negative
P9WLJ2,Prokaryotes,IDP,Negative
P9WLJ6,Prokaryotes,non-IDP,Negative
P9WLX9,Prokaryotes,non-IDP,Negative
P9WQG4,Prokaryotes,non-IDP,Negative
P9WQM2,Prokaryotes,IDP,Negative
Q00130,Viruses,IDP,Negative
Q00166,Viruses,IDP,Negative
Q00230,Animals(NM),IDP,Negative
Q00234,Fungi,IDP,Negative
Q00276,Animals(NM),IDP,Negative
Q00314,Fungi,IDP,Negative
Q00316,Fungi,non-IDP,Negative
Q00342,Animals(M),IDP,Negative
Q00363,Fungi,IDP,Negative
Q00368,Fungi,non-IDP,Negative
Q00371,Fungi,IDP,Negative
Q00387,Animals(NM),IDP,Negative
Q00400,Animals(NM),IDP,Negative
Q00423,Plants,IDP,Negative
Q00516,Prokaryotes,IDP,Negative
Q00558,Animals(M),IDP,Negative
Q00609,Animals(M),IDP,Negative
Q00614,Fungi,non-IDP,Negative
Q00619,Fungi,IDP,Negative
Q00650,Plants,IDP,Negative
Q00651,Animals(M),IDP,Negative
Q00702,Viruses,IDP,Negative
Q00713,Fungi,non-IDP,Negative
Q00731,Animals(M),IDP,Negative
Q00737,Fungi,IDP,Negative
Q00742,Plants,IDP,Negative
Q00756,Animals(M),IDP,Negative
Q00808,Fungi,IDP,Negative
Q00840,Prokaryotes,IDP,Negative
Q008X1,Animals(NM),IDP,Negative
Q008X3,Viruses,IDP,Negative
Q00900,Animals(M),IDP,Negative
Q00941,Animals(M),IDP,Negative
Q00974,Fungi,non-IDP,Negative
Q00LT9,Animals(M),IDP,Negative
Q00P32,Animals(NM),IDP,Negative
Q01033,Viruses,IDP,Negative
Q01042,Viruses,IDP,Negative
Q01043,Viruses,IDP,Negative
Q01076,Viruses,IDP,Negative
Q01114,Animals(M),IDP,Negative
Q01134,Animals(M),IDP,Negative
Q01197,Plants,IDP,Negative
Q01261,Viruses,non-IDP,Negative
Q01356,Fungi,IDP,Negative
Q01358,Fungi,IDP,Negative
Q01359,Fungi,non-IDP,Negative
Q01456,Animals(NM),IDP,Negative
Q01584,Animals(NM),non-IDP,Negative
Q01634,Animals(M),IDP,Negative
Q01717,Animals(M),IDP,Negative
Q01721,Animals(M),IDP,Negative
Q01738,Fungi,IDP,Negative
Q01755,Animals(M),IDP,Negative
Q01822,Animals(M),IDP,Negative
Q01887,Animals(M),IDP,Negative
Q01900,Plants,IDP,Negative
Q01956,Animals(M),IDP,Negative
Q01965,Animals(M),IDP,Negative
Q02011,Animals(NM),IDP,Negative
Q02062,Prokaryotes,IDP,Negative
Q02088,Fungi,IDP,Negative
Q02152,Animals(M),IDP,Negative
Q02247,Animals(M),IDP,Negative
Q02266,Viruses,IDP,Negative
Q02290,Fungi,IDP,Negative
Q02371,Animals(M),IDP,Negative
Q02374,Animals(M),IDP,Negative
Q02377,Animals(M),non-IDP,Negative
Q02500,Plants,IDP,Negative
Q02582,Viruses,IDP,Negative
Q02644,Animals(M),non-IDP,Negative
Q02788,Animals(M),IDP,Negative
Q02827,Animals(M),IDP,Negative
Q02835,Prokaryotes,IDP,Negative
Q02862,Animals(M),IDP,Negative
Q02910,Animals(NM),IDP,Negative
Q02957,Animals(M),non-IDP,Negative
Q02960,Animals(NM),non-IDP,Negative
Q02986,Fungi,non-IDP,Negative
Q02MM1,Prokaryotes,IDP,Negative
Q03015,Fungi,IDP,Negative
Q03024,Prokaryotes,non-IDP,Negative
Q03172,Animals(M),IDP,Negative
Q03276,Animals(NM),IDP,Negative
Q03376,Animals(NM),IDP,Negative
Q03386,Animals(M),IDP,Negative
Q03410,Animals(M),IDP,Negative
Q03442,Animals(NM),IDP,Negative
Q03515,Animals(M),non-IDP,Negative
Q03544,Viruses,IDP,Negative
Q03546,Viruses,non-IDP,Negative
Q03770,Fungi,IDP,Negative
Q03828,Animals(M),IDP,Negative
Q03904,Fungi,IDP,Negative
Q03909,Viruses,IDP,Negative
Q03928,Prokaryotes,non-IDP,Negative
Q03968,Plants,IDP,Negative
Q03QE1,Prokaryotes,non-IDP,Negative
Q04083,Fungi,IDP,Negative
Q04210,Fungi,IDP,Negative
Q04266,Viruses,IDP,Negative
Q04499,Animals(NM),IDP,Negative
Q04519,Animals(M),IDP,Negative
Q04535,Animals(NM),IDP,Negative
Q04584,Animals(NM),IDP,Negative
Q04621,Animals(NM),IDP,Negative
Q04649,Animals(M),IDP,Negative
Q04691,Animals(NM),IDP,Negative
Q04716,Plants,IDP,Negative
Q04758,Animals(M),IDP,Negative
Q04763,Viruses,IDP,Negative
Q04785,Animals(M),IDP,Negative
Q04877,Prokaryotes,non-IDP,Negative
Q04991,Fungi,IDP,Negative
Q05044,Prokaryotes,IDP,Negative
Q05049,Animals(NM),IDP,Negative
Q05063,Animals(NM),IDP,Negative
Q05122,Viruses,non-IDP,Negative
Q05191,Plants,IDP,Negative
Q05215,Animals(M),IDP,Negative
Q05245,Viruses,IDP,Negative
Q05247,Viruses,non-IDP,Negative
Q05263,Viruses,IDP,Negative
Q05265,Viruses,IDP,Negative
Q05271,Viruses,IDP,Negative
Q05315,Animals(M),non-IDP,Negative
Q05527,Prokaryotes,non-IDP,Negative
Q05534,Fungi,IDP,Negative
Q05738,Animals(M),IDP,Negative
Q057I4,Prokaryotes,non-IDP,Negative
Q057L2,Prokaryotes,non-IDP,Negative
Q05860,Animals(M),IDP,Negative
Q05909,Animals(M),IDP,Negative
Q05915,Animals(M),IDP,Negative
Q05959,Fungi,IDP,Negative
Q05966,Plants,IDP,Negative
Q059U7,Animals(M),IDP,Negative
Q059Y8,Animals(M),IDP,Negative
Q05AH6,Animals(M),IDP,Negative
Q05AX3,Animals(NM),IDP,Negative
Q05B45,Animals(M),IDP,Negative
Q05B51,Animals(M),IDP,Negative
Q05B54,Animals(M),IDP,Negative
Q05B56,Animals(M),non-IDP,Negative
Q05B57,Animals(M),IDP,Negative
Q05B58,Animals(M),IDP,Negative
Q05B60,Animals(M),non-IDP,Negative
Q05B67,Animals(M),IDP,Negative
Q05B73,Animals(M),non-IDP,Negative
Q05B78,Animals(M),IDP,Negative
Q06002,Animals(M),IDP,Negative
Q06011,Fungi,IDP,Negative
Q06155,Animals(NM),IDP,Negative
Q06182,Fungi,IDP,Negative
Q06250,Animals(M),IDP,Negative
Q06253,Viruses,IDP,Negative
Q06274,Animals(NM),IDP,Negative
Q06342,Animals(NM),non-IDP,Negative
Q06350,Fungi,IDP,Negative
Q06374,Fungi,IDP,Negative
Q06426,Viruses,non-IDP,Negative
Q06593,Fungi,non-IDP,Negative
Q06598,Fungi,IDP,Negative
Q06649,Animals(M),IDP,Negative
Q06666,Animals(M),IDP,Negative
Q06692,Viruses,non-IDP,Negative
Q06712,Fungi,IDP,Negative
Q06805,Animals(M),IDP,Negative
Q06831,Animals(M),IDP,Negative
Q06922,Animals(M),non-IDP,Negative
Q06986,Animals(M),IDP,Negative
Q06AU5,Animals(M),IDP,Negative
Q06FK5,Plants,IDP,Negative
Q06GS8,Plants,non-IDP,Negative
Q06R82,Plants,non-IDP,Negative
Q06R99,Plants,IDP,Negative
Q06RB0,Plants,IDP,Negative
Q06VD6,Viruses,IDP,Negative
Q07048,Viruses,IDP,Negative
Q07071,Animals(M),IDP,Negative
Q07160,Animals(NM),IDP,Negative
Q07175,Animals(M),IDP,Negative
Q071E0,Animals(NM),IDP,Negative
Q07202,Plants,IDP,Negative
Q07243,Animals(M),IDP,Negative
Q07249,Animals(M),IDP,Negative
Q07335,Fungi,IDP,Negative
Q07383,Viruses,IDP,Negative
Q07444,Animals(M),IDP,Negative
Q07490,Animals(M),IDP,Negative
Q07538,Fungi,IDP,Negative
Q07801,Fungi,IDP,Negative
Q07842,Fungi,non-IDP,Negative
Q07880,Fungi,non-IDP,Negative
Q07881,Fungi,IDP,Negative
Q07957,Animals(NM),IDP,Negative
Q07968,Animals(M),IDP,Negative
Q07989,Fungi,IDP,Negative
Q07DW0,Animals(M),IDP,Negative
Q07DY1,Animals(M),IDP,Negative
Q08143,Fungi,IDP,Negative
Q08216,Fungi,IDP,Negative
Q08295,Fungi,IDP,Negative
Q08351,Animals(M),IDP,Negative
Q08353,Animals(M),IDP,Negative
Q08376,Animals(M),IDP,Negative
Q08423,Animals(M),non-IDP,Negative
Q08428,Fungi,IDP,Negative
Q08439,Fungi,non-IDP,Negative
Q08504,Fungi,non-IDP,Negative
Q08656,Fungi,non-IDP,Negative
Q08696,Animals(NM),IDP,Negative
Q086E4,Prokaryotes,IDP,Negative
Q08758,Animals(M),IDP,Negative
Q08865,Plants,IDP,Negative
Q08890,Animals(M),non-IDP,Negative
Q08916,Fungi,IDP,Negative
Q08991,Fungi,IDP,Negative
Q08BB2,Animals(NM),IDP,Negative
Q08BC4,Animals(NM),IDP,Negative
Q08BL7,Animals(NM),IDP,Negative
Q08BM0,Animals(NM),IDP,Negative
Q08C69,Animals(NM),IDP,Negative
Q08C76,Animals(NM),IDP,Negative
Q08CG8,Animals(NM),IDP,Negative
Q08CG9,Animals(NM),IDP,Negative
Q08D01,Animals(NM),IDP,Negative
Q08D19,Animals(NM),IDP,Negative
Q08D85,Animals(M),non-IDP,Negative
Q08D88,Animals(M),IDP,Negative
Q08DA0,Animals(M),IDP,Negative
Q08DA3,Animals(M),IDP,Negative
Q08DA4,Animals(M),IDP,Negative
Q08DE5,Animals(M),IDP,Negative
Q08DF7,Animals(M),IDP,Negative
Q08DG4,Animals(M),non-IDP,Negative
Q08DG6,Animals(M),non-IDP,Negative
Q08DH3,Animals(M),IDP,Negative
Q08DI1,Animals(M),IDP,Negative
Q08DK1,Animals(M),IDP,Negative
Q08DM2,Animals(M),IDP,Negative
Q08DM5,Animals(M),non-IDP,Negative
Q08DM6,Animals(M),IDP,Negative
Q08DM8,Animals(M),non-IDP,Negative
Q08DN7,Animals(M),IDP,Negative
Q08DP2,Animals(M),IDP,Negative
Q08DU8,Animals(M),IDP,Negative
Q08DV5,Animals(M),IDP,Negative
Q08DV9,Animals(M),IDP,Negative
Q08DX6,Animals(M),IDP,Negative
Q08DY0,Animals(M),IDP,Negative
Q08DZ2,Animals(M),IDP,Negative
Q08DZ8,Animals(M),IDP,Negative
Q08E00,Animals(M),non-IDP,Negative
Q08E08,Animals(M),IDP,Negative
Q08E12,Animals(M),non-IDP,Negative
Q08E13,Animals(M),IDP,Negative
Q08E15,Animals(M),IDP,Negative
Q08E36,Animals(M),IDP,Negative
Q08EA8,Animals(M),IDP,Negative
Q08EC4,Animals(M),IDP,Negative
Q08ED0,Animals(M),non-IDP,Negative
Q08EJ0,Animals(M),non-IDP,Negative
Q08EN7,Animals(M),IDP,Negative
Q09004,Animals(NM),IDP,Negative
Q09094,Fungi,IDP,Negative
Q09163,Animals(M),IDP,Negative
Q09200,Animals(M),IDP,Negative
Q09202,Animals(NM),IDP,Negative
Q09254,Animals(NM),IDP,Negative
Q09320,Animals(NM),IDP,Negative
Q09361,Animals(NM),non-IDP,Negative
Q09369,Animals(NM),IDP,Negative
Q09388,Animals(NM),IDP,Negative
Q09391,Animals(NM),IDP,Negative
Q09418,Animals(NM),IDP,Negative
Q09453,Animals(NM),IDP,Negative
Q09457,Animals(NM),IDP,Negative
Q09503,Animals(NM),IDP,Negative
Q09557,Animals(NM),IDP,Negative
Q09564,Animals(NM),IDP,Negative
Q09578,Animals(NM),IDP,Negative
Q09606,Animals(NM),IDP,Negative
Q09662,Animals(NM),IDP,Negative
Q09695,Fungi,IDP,Negative
Q09717,Fungi,IDP,Negative
Q09727,Fungi,IDP,Negative
Q09749,Fungi,non-IDP,Negative
Q09790,Fungi,IDP,Negative
Q09802,Fungi,IDP,Negative
Q09821,Animals(M),IDP,Negative
Q09855,Fungi,IDP,Negative
Q09925,Fungi,IDP,Negative
Q09951,Animals(NM),IDP,Negative
Q09JW6,Animals(NM),IDP,Negative
Q09LZ8,Animals(M),IDP,Negative
Q09M02,Animals(M),IDP,Negative
Q09PK2,Animals(M),IDP,Negative
Q09YL6,Animals(M),IDP,Negative
Q0A2G8,Viruses,IDP,Negative
Q0C899,Fungi,IDP,Negative
Q0CCY1,Fungi,IDP,Negative
Q0CJ54,Fungi,IDP,Negative
Q0CRP6,Fungi,IDP,Negative
Q0CS60,Fungi,IDP,Negative
Q0CS89,Fungi,IDP,Negative
Q0CSC0,Fungi,IDP,Negative
Q0D135,Fungi,IDP,Negative
Q0D1U6,Fungi,IDP,Negative
Q0D2G3,Animals(M),non-IDP,Negative
Q0D2K2,Animals(M),non-IDP,Negative
Q0D2K5,Animals(M),non-IDP,Negative
Q0D629,Plants,IDP,Negative
Q0DJY3,Plants,IDP,Negative
Q0DTM7,Plants,non-IDP,Negative
Q0E3I9,Plants,IDP,Negative
Q0E4V3,Animals(NM),non-IDP,Negative
Q0E587,Viruses,IDP,Negative
Q0EEE2,Animals(M),IDP,Negative
Q0GA42,Animals(M),IDP,Negative
Q0GGX2,Animals(M),IDP,Negative
Q0H8Z0,Fungi,non-IDP,Negative
Q0IH24,Animals(NM),IDP,Negative
Q0IHA5,Animals(NM),IDP,Negative
Q0IHB3,Animals(NM),IDP,Negative
Q0IHI1,Animals(NM),IDP,Negative
Q0IHJ2,Animals(NM),non-IDP,Negative
Q0IHY4,Animals(NM),IDP,Negative
Q0II22,Animals(M),IDP,Negative
Q0II29,Animals(M),IDP,Negative
Q0II68,Animals(M),non-IDP,Negative
Q0II83,Animals(M),IDP,Negative
Q0II86,Animals(M),IDP,Negative
Q0II90,Animals(M),IDP,Negative
Q0IIB1,Animals(M),non-IDP,Negative
Q0IIC2,Animals(M),IDP,Negative
Q0IIE5,Animals(M),non-IDP,Negative
Q0IIE6,Animals(M),IDP,Negative
Q0IIF6,Animals(M),non-IDP,Negative
Q0III0,Animals(M),IDP,Negative
Q0IIJ0,Animals(M),non-IDP,Negative
Q0IIK4,Animals(M),non-IDP,Negative
Q0IIL2,Animals(M),IDP,Negative
Q0IIN9,Animals(M),IDP,Negative
Q0IIX4,Animals(NM),IDP,Negative
Q0IJ12,Animals(NM),IDP,Negative
Q0IZQ3,Plants,IDP,Negative
Q0IZS0,Plants,IDP,Negative
Q0J035,Plants,IDP,Negative
Q0J361,Plants,IDP,Negative
Q0J8J8,Plants,IDP,Negative
Q0J969,Plants,non-IDP,Negative
Q0J9W0,Plants,IDP,Negative
Q0JD07,Plants,IDP,Negative
Q0JD85,Plants,IDP,Negative
Q0JJE3,Plants,non-IDP,Negative
Q0JMB2,Plants,IDP,Negative
Q0KIY7,Animals(M),non-IDP,Negative
Q0KK56,Animals(M),IDP,Negative
Q0KK59,Animals(M),IDP,Negative
Q0MQ83,Animals(M),IDP,Negative
Q0P3X7,Animals(NM),IDP,Negative
Q0P451,Animals(NM),non-IDP,Negative
Q0P496,Animals(NM),IDP,Negative
Q0P561,Animals(M),IDP,Negative
Q0P563,Animals(M),non-IDP,Negative
Q0P565,Animals(M),non-IDP,Negative
Q0P569,Animals(M),IDP,Negative
Q0P574,Animals(M),IDP,Negative
Q0P593,Animals(M),non-IDP,Negative
Q0P5A0,Animals(M),IDP,Negative
Q0P5A3,Animals(M),IDP,Negative
Q0P5B4,Animals(M),IDP,Negative
Q0P5B9,Animals(M),IDP,Negative
Q0P5D1,Animals(M),IDP,Negative
Q0P5E7,Animals(M),non-IDP,Negative
Q0P5F9,Animals(M),non-IDP,Negative
Q0P5G1,Animals(M),IDP,Negative
Q0P5G4,Animals(M),non-IDP,Negative
Q0P5H8,Animals(M),IDP,Negative
Q0P5I0,Animals(M),IDP,Negative
Q0P5I2,Animals(M),IDP,Negative
Q0P5I6,Animals(M),IDP,Negative
Q0P5I8,Animals(M),IDP,Negative
Q0P5J0,Animals(M),IDP,Negative
Q0P5J8,Animals(M),IDP,Negative
Q0P5L5,Animals(M),IDP,Negative
Q0P5L8,Animals(M),non-IDP,Negative
Q0P5M8,Animals(M),IDP,Negative
Q0P5M9,Animals(M),IDP,Negative
Q0P5P2,Animals(M),IDP,Negative
Q0P5V9,Animals(M),IDP,Negative
Q0P5X1,Animals(M),IDP,Negative
Q0P5X5,Animals(M),IDP,Negative
Q0P6H9,Animals(M),IDP,Negative
Q0PMG2,Animals(M),IDP,Negative
Q0QWS4,Fungi,non-IDP,Negative
Q0TGD0,Prokaryotes,non-IDP,Negative
Q0V5W8,Fungi,non-IDP,Negative
Q0V7M7,Animals(M),IDP,Negative
Q0V881,Animals(M),non-IDP,Negative
Q0V8G2,Animals(M),IDP,Negative
Q0V8G3,Animals(M),IDP,Negative
Q0V8G8,Animals(M),IDP,Negative
Q0V8J1,Animals(M),non-IDP,Negative
Q0V8L2,Animals(M),IDP,Negative
Q0V8N6,Animals(M),IDP,Negative
Q0V8R7,Animals(M),non-IDP,Negative
Q0V9V5,Animals(NM),IDP,Negative
Q0VAX3,Animals(M),IDP,Negative
Q0VB07,Animals(M),non-IDP,Negative
Q0VB26,Animals(M),IDP,Negative
Q0VBB0,Animals(M),non-IDP,Negative
Q0VBD0,Animals(M),IDP,Negative
Q0VBD2,Animals(M),IDP,Negative
Q0VBF2,Animals(M),IDP,Negative
Q0VBL1,Animals(M),non-IDP,Negative
Q0VBM2,Animals(M),IDP,Negative
Q0VBP7,Animals(M),IDP,Negative
Q0VBU9,Animals(M),IDP,Negative
Q0VBV7,Animals(M),IDP,Negative
Q0VBY0,Animals(M),non-IDP,Negative
Q0VBY3,Animals(M),non-IDP,Negative
Q0VBY7,Animals(M),non-IDP,Negative
Q0VC03,Animals(M),IDP,Negative
Q0VC09,Animals(M),IDP,Negative
Q0VC19,Animals(M),IDP,Negative
Q0VC21,Animals(M),IDP,Negative
Q0VC30,Animals(M),IDP,Negative
Q0VC44,Animals(M),IDP,Negative
Q0VC54,Animals(M),IDP,Negative
Q0VC59,Animals(M),IDP,Negative
Q0VC65,Animals(M),IDP,Negative
Q0VC73,Animals(M),IDP,Negative
Q0VC74,Animals(M),non-IDP,Negative
Q0VC82,Animals(M),non-IDP,Negative
Q0VC84,Animals(M),IDP,Negative
Q0VCA7,Animals(M),non-IDP,Negative
Q0VCA8,Animals(M),non-IDP,Negative
Q0VCD4,Animals(M),non-IDP,Negative
Q0VCE2,Animals(M),IDP,Negative
Q0VCG3,Animals(M),non-IDP,Negative
Q0VCG9,Animals(M),non-IDP,Negative
Q0VCH3,Animals(M),IDP,Negative
Q0VCI1,Animals(M),non-IDP,Negative
Q0VCI6,Animals(M),IDP,Negative
Q0VCJ2,Animals(M),non-IDP,Negative
Q0VCJ6,Animals(M),IDP,Negative
Q0VCJ8,Animals(M),non-IDP,Negative
Q0VCK9,Animals(M),IDP,Negative
Q0VCM2,Animals(M),non-IDP,Negative
Q0VCP3,Animals(M),IDP,Negative
Q0VCP9,Animals(M),IDP,Negative
Q0VCR0,Animals(M),non-IDP,Negative
Q0VCR4,Animals(M),non-IDP,Negative
Q0VCR6,Animals(M),IDP,Negative
Q0VCR8,Animals(M),IDP,Negative
Q0VCS6,Animals(M),IDP,Negative
Q0VCS9,Animals(M),IDP,Negative
Q0VCT2,Animals(M),IDP,Negative
Q0VCT4,Animals(M),IDP,Negative
Q0VCT9,Animals(M),IDP,Negative
Q0VCW3,Animals(M),IDP,Negative
Q0VCZ0,Animals(M),IDP,Negative
Q0VD00,Animals(M),IDP,Negative
Q0VD18,Animals(M),non-IDP,Negative
Q0VD26,Animals(M),non-IDP,Negative
Q0VD27,Animals(M),non-IDP,Negative
Q0VD42,Animals(M),IDP,Negative
Q0VDN7,Animals(M),IDP,Negative
Q0VDQ9,Animals(M),IDP,Negative
Q0VDT2,Animals(M),IDP,Negative
Q0VDU3,Animals(M),non-IDP,Negative
Q0VET5,Animals(M),IDP,Negative
Q0VF22,Animals(M),IDP,Negative
Q0VFD8,Animals(NM),IDP,Negative
Q0VFH3,Animals(NM),IDP,Negative
Q0VFM5,Animals(NM),IDP,Negative
Q0VFX4,Animals(M),IDP,Negative
Q0VFX9,Animals(M),IDP,Negative
Q0VFZ6,Animals(M),IDP,Negative
Q0VG18,Animals(M),IDP,Negative
Q0VG73,Animals(M),IDP,Negative
Q0VG85,Animals(M),IDP,Negative
Q0VG99,Animals(M),IDP,Negative
Q0VGT4,Animals(M),IDP,Negative
Q0WP44,Plants,IDP,Negative
Q0WSF1,Plants,IDP,Negative
Q0WVR4,Plants,IDP,Negative
Q0WWE3,Plants,non-IDP,Negative
Q0WYX8,Animals(NM),IDP,Negative
Q0ZM14,Animals(NM),IDP,Negative
Q10000,Animals(NM),IDP,Negative
Q10002,Animals(NM),IDP,Negative
Q10014,Animals(NM),IDP,Negative
Q10018,Animals(NM),non-IDP,Negative
Q10020,Animals(NM),IDP,Negative
Q10045,Animals(NM),IDP,Negative
Q10049,Animals(NM),IDP,Negative
Q10068,Fungi,IDP,Negative
Q10070,Fungi,IDP,Negative
Q10083,Fungi,non-IDP,Negative
Q10126,Animals(NM),non-IDP,Negative
Q10154,Fungi,IDP,Negative
Q10169,Fungi,IDP,Negative
Q10171,Fungi,non-IDP,Negative
Q10182,Fungi,IDP,Negative
Q10250,Fungi,IDP,Negative
Q10252,Fungi,non-IDP,Negative
Q10295,Fungi,IDP,Negative
Q10307,Fungi,IDP,Negative
Q10320,Fungi,IDP,Negative
Q10343,Fungi,non-IDP,Negative
Q10347,Fungi,IDP,Negative
Q10354,Fungi,IDP,Negative
Q10442,Fungi,non-IDP,Negative
Q10470,Animals(M),IDP,Negative
Q10478,Fungi,IDP,Negative
Q10492,Fungi,IDP,Negative
Q10497,Fungi,IDP,Negative
Q104Y3,Animals(M),IDP,Negative
Q10743,Animals(M),IDP,Negative
Q10751,Animals(NM),IDP,Negative
Q107X0,Animals(M),IDP,Negative
Q109B0,Plants,IDP,Negative
Q10AZ7,Plants,IDP,Negative
Q10GP0,Plants,IDP,Negative
Q10LN5,Plants,IDP,Negative
Q10M80,Plants,IDP,Negative
Q10NT7,Plants,IDP,Negative
Q10PI5,Plants,IDP,Negative
Q10QW3,Plants,IDP,Negative
Q11000,Animals(NM),IDP,Negative
Q11085,Animals(NM),IDP,Negative
Q11095,Animals(NM),non-IDP,Negative
Q11105,Animals(NM),non-IDP,Negative
Q11118,Fungi,IDP,Negative
Q11120,Fungi,IDP,Negative
Q11183,Animals(NM),IDP,Negative
Q11191,Animals(NM),IDP,Negative
Q11NR3,Prokaryotes,non-IDP,Negative
Q11T17,Prokaryotes,IDP,Negative
Q12148,Fungi,IDP,Negative
Q12444,Fungi,IDP,Negative
Q12519,Fungi,IDP,Negative
Q12535,Fungi,non-IDP,Negative
Q12599,Fungi,non-IDP,Negative
Q12618,Fungi,IDP,Negative
Q12634,Fungi,IDP,Negative
Q12639,Fungi,non-IDP,Negative
Q12641,Fungi,non-IDP,Negative
Q12647,Fungi,non-IDP,Negative
Q12657,Fungi,IDP,Negative
Q12731,Fungi,IDP,Negative
Q12737,Fungi,non-IDP,Negative
Q12887,Animals(M),IDP,Negative
Q12912,Animals(M),IDP,Negative
Q13103,Animals(M),non-IDP,Negative
Q13145,Animals(M),IDP,Negative
Q13278,Animals(M),non-IDP,Negative
Q13316,Animals(M),IDP,Negative
Q13508,Animals(M),IDP,Negative
Q13670,Animals(M),IDP,Negative
Q14242,Animals(M),IDP,Negative
Q14507,Animals(M),non-IDP,Negative
Q14641,Animals(M),IDP,Negative
Q148C8,Animals(M),IDP,Negative
Q148C9,Animals(M),non-IDP,Negative
Q148E0,Animals(M),IDP,Negative
Q148F2,Animals(M),non-IDP,Negative
Q148G8,Animals(M),IDP,Negative
Q148I5,Animals(M),IDP,Negative
Q148L6,Animals(M),non-IDP,Negative
Q148L7,Animals(M),non-IDP,Negative
Q148M6,Animals(M),IDP,Negative
Q148M7,Animals(M),IDP,Negative
Q14993,Animals(M),IDP,Negative
Q149F1,Animals(M),IDP,Negative
Q149F5,Animals(M),IDP,Negative
Q149M9,Animals(M),IDP,Negative
Q14AT2,Animals(M),non-IDP,Negative
Q14AW5,Animals(M),IDP,Negative
Q14B70,Animals(M),IDP,Negative
Q14BV6,Animals(M),non-IDP,Negative
Q14C37,Animals(M),IDP,Negative
Q14DL3,Animals(M),non-IDP,Negative
Q14DQ1,Animals(M),IDP,Negative
Q15195,Animals(M),non-IDP,Negative
Q15270,Animals(M),IDP,Negative
Q15465,Animals(M),IDP,Negative
Q15486,Animals(M),non-IDP,Negative
Q15695,Animals(M),IDP,Negative
Q156A1,Animals(M),IDP,Negative
Q15846,Animals(M),non-IDP,Negative
Q16674,Animals(M),non-IDP,Negative
Q16927,Animals(NM),IDP,Negative
Q16937,Animals(NM),IDP,Negative
Q16960,Animals(NM),IDP,Negative
Q16983,Animals(NM),IDP,Negative
Q16992,Animals(NM),IDP,Negative
Q16QL3,Animals(NM),IDP,Negative
Q16VD3,Animals(NM),IDP,Negative
Q17015,Animals(NM),IDP,Negative
Q17766,Animals(NM),IDP,Negative
Q178A5,Animals(NM),non-IDP,Negative
Q17DI7,Animals(NM),IDP,Negative
Q17Q97,Animals(M),IDP,Negative
Q17QD6,Animals(M),IDP,Negative
Q17QE0,Animals(M),IDP,Negative
Q17QE3,Animals(M),IDP,Negative
Q17QF2,Animals(M),non-IDP,Negative
Q17QH8,Animals(M),non-IDP,Negative
Q17QI1,Animals(M),non-IDP,Negative
Q17QI5,Animals(M),IDP,Negative
Q17QI7,Animals(M),non-IDP,Negative
Q17QJ2,Animals(M),non-IDP,Negative
Q17QK3,Animals(M),non-IDP,Negative
Q17QK8,Animals(M),non-IDP,Negative
Q17QK9,Animals(M),non-IDP,Negative
Q17QN4,Animals(M),IDP,Negative
Q17QN8,Animals(M),IDP,Negative
Q17QP0,Animals(M),IDP,Negative
Q17QP7,Animals(M),IDP,Negative
Q17QQ1,Animals(M),non-IDP,Negative
Q17QQ2,Animals(M),IDP,Negative
Q17QQ4,Animals(M),IDP,Negative
Q17QR5,Animals(M),IDP,Negative
Q17QR8,Animals(M),IDP,Negative
Q17QS1,Animals(M),non-IDP,Negative
Q17QS4,Animals(M),IDP,Negative
Q17QS6,Animals(M),IDP,Negative
Q17QT4,Animals(M),IDP,Negative
Q17QU3,Animals(M),IDP,Negative
Q17QV9,Animals(M),IDP,Negative
Q17R00,Animals(M),IDP,Negative
Q17R09,Animals(M),IDP,Negative
Q17R16,Animals(M),IDP,Negative
Q17RQ9,Animals(M),IDP,Negative
Q17RY6,Animals(M),IDP,Negative
Q182S9,Prokaryotes,non-IDP,Negative
Q18336,Animals(NM),IDP,Negative
Q18LD1,Viruses,non-IDP,Negative
Q18PE1,Animals(M),IDP,Negative
Q19053,Animals(NM),IDP,Negative
Q19157,Animals(NM),IDP,Negative
Q19165,Animals(NM),IDP,Negative
Q19673,Animals(NM),IDP,Negative
Q196V7,Viruses,non-IDP,Negative
Q196W6,Viruses,IDP,Negative
Q196X9,Viruses,non-IDP,Negative
Q197E7,Viruses,IDP,Negative
Q19A41,Animals(M),IDP,Negative
Q19QT9,Animals(M),IDP,Negative
Q1ACE4,Plants,IDP,Negative
Q1CRI1,Prokaryotes,non-IDP,Negative
Q1D0A0,Prokaryotes,non-IDP,Negative
Q1DME3,Fungi,IDP,Negative
Q1DME8,Fungi,IDP,Negative
Q1DNB9,Fungi,IDP,Negative
Q1DR81,Fungi,IDP,Negative
Q1E4L8,Fungi,IDP,Negative
Q1ECS6,Animals(M),IDP,Negative
Q1ED21,Animals(NM),non-IDP,Negative
Q1EHW4,Animals(M),IDP,Negative
Q1G2Y5,Plants,IDP,Negative
Q1G3M2,Plants,non-IDP,Negative
Q1HCL7,Animals(M),IDP,Negative
Q1HG43,Animals(M),IDP,Negative
Q1HGE8,Animals(M),IDP,Negative
Q1I0U1,Viruses,IDP,Negative
Q1JP63,Animals(M),IDP,Negative
Q1JP73,Animals(M),non-IDP,Negative
Q1JPA6,Animals(M),non-IDP,Negative
Q1JPD6,Animals(M),IDP,Negative
Q1JPL0,Animals(M),IDP,Negative
Q1JPY5,Animals(NM),IDP,Negative
Q1JQ66,Animals(NM),non-IDP,Negative
Q1JQ92,Animals(M),IDP,Negative
Q1JQ99,Animals(M),non-IDP,Negative
Q1JQA0,Animals(M),non-IDP,Negative
Q1JQA4,Animals(M),non-IDP,Negative
Q1JQA7,Animals(M),non-IDP,Negative
Q1JQB5,Animals(M),IDP,Negative
Q1JQC2,Animals(M),non-IDP,Negative
Q1JQD6,Animals(M),non-IDP,Negative
Q1JQD9,Animals(M),IDP,Negative
Q1JQE2,Animals(M),IDP,Negative
Q1JQE6,Animals(M),non-IDP,Negative
Q1JUZ2,Animals(NM),IDP,Negative
Q1K4P1,Fungi,non-IDP,Negative
Q1K6N8,Fungi,IDP,Negative
Q1K7T5,Fungi,IDP,Negative
Q1K8Y7,Fungi,IDP,Negative
Q1K9B6,Fungi,IDP,Negative
Q1KKW7,Animals(NM),IDP,Negative
Q1KVV8,Plants,IDP,Negative
Q1L6U9,Animals(M),IDP,Negative
Q1L8I0,Animals(NM),IDP,Negative
Q1L908,Animals(NM),IDP,Negative
Q1L990,Animals(NM),non-IDP,Negative
Q1L994,Animals(NM),IDP,Negative
Q1LU86,Animals(NM),IDP,Negative
Q1LV15,Animals(NM),non-IDP,Negative
Q1LV46,Animals(NM),IDP,Negative
Q1LWC2,Animals(NM),IDP,Negative
Q1LWZ0,Animals(NM),non-IDP,Negative
Q1LYE3,Animals(NM),IDP,Negative
Q1LZ53,Animals(M),IDP,Negative
Q1LZ74,Animals(M),non-IDP,Negative
Q1LZ78,Animals(M),non-IDP,Negative
Q1LZ80,Animals(M),IDP,Negative
Q1LZ96,Animals(M),non-IDP,Negative
Q1LZA0,Animals(M),IDP,Negative
Q1LZA3,Animals(M),non-IDP,Negative
Q1LZA4,Animals(M),IDP,Negative
Q1LZA7,Animals(M),IDP,Negative
Q1LZB4,Animals(M),IDP,Negative
Q1LZC9,Animals(M),non-IDP,Negative
Q1LZD1,Animals(M),IDP,Negative
Q1LZD3,Animals(M),IDP,Negative
Q1LZE1,Animals(M),IDP,Negative
Q1LZE2,Animals(M),IDP,Negative
Q1LZE8,Animals(M),IDP,Negative
Q1LZF1,Animals(M),IDP,Negative
Q1LZF3,Animals(M),IDP,Negative
Q1LZF8,Animals(M),IDP,Negative
Q1LZH5,Animals(M),IDP,Negative
Q1M199,Animals(M),IDP,Negative
Q1M1A0,Fungi,non-IDP,Negative
Q1MTP1,Fungi,IDP,Negative
Q1MTR2,Fungi,IDP,Negative
Q1PF20,Plants,IDP,Negative
Q1PFG9,Plants,IDP,Negative
Q1PFJ4,Plants,IDP,Negative
Q1PS67,Animals(NM),IDP,Negative
Q1RGM3,Prokaryotes,IDP,Negative
Q1RMH3,Animals(M),IDP,Negative
Q1RMH4,Animals(M),IDP,Negative
Q1RMH9,Animals(M),IDP,Negative
Q1RMI1,Animals(M),IDP,Negative
Q1RMJ7,Animals(M),IDP,Negative
Q1RMJ9,Animals(M),IDP,Negative
Q1RMK9,Animals(M),IDP,Negative
Q1RML1,Animals(M),IDP,Negative
Q1RML4,Animals(M),non-IDP,Negative
Q1RMM5,Animals(M),IDP,Negative
Q1RMQ3,Animals(M),IDP,Negative
Q1RMQ5,Animals(M),IDP,Negative
Q1RMT7,Animals(M),IDP,Negative
Q1RMX6,Animals(M),IDP,Negative
Q1RN00,Animals(M),IDP,Negative
Q1RNF8,Animals(M),IDP,Negative
Q1T7C2,Plants,non-IDP,Negative
Q1W617,Animals(M),IDP,Negative
Q1XF11,Animals(M),IDP,Negative
Q1XH18,Animals(M),non-IDP,Negative
Q1XHU0,Animals(M),non-IDP,Negative
Q1XID0,Animals(M),IDP,Negative
Q1ZZS1,Animals(M),IDP,Negative
Q1ZZU3,Animals(M),IDP,Negative
Q1ZZU9,Plants,IDP,Negative
Q20052,Animals(NM),IDP,Negative
Q20502,Animals(NM),IDP,Negative
Q20681,Animals(NM),IDP,Negative
Q20689,Animals(NM),IDP,Negative
Q21221,Animals(NM),IDP,Negative
Q21289,Animals(NM),non-IDP,Negative
Q21557,Animals(NM),IDP,Negative
Q215T6,Prokaryotes,IDP,Negative
Q21874,Animals(NM),IDP,Negative
Q21997,Animals(NM),IDP,Negative
Q22267,Animals(NM),IDP,Negative
Q22495,Animals(NM),IDP,Negative
Q22700,Animals(NM),IDP,Negative
Q23307,Animals(NM),IDP,Negative
Q24008,Animals(NM),IDP,Negative
Q24048,Animals(NM),IDP,Negative
Q24049,Animals(NM),IDP,Negative
Q24157,Animals(NM),IDP,Negative
Q24332,Animals(NM),IDP,Negative
Q24342,Animals(NM),IDP,Negative
Q24352,Animals(NM),IDP,Negative
Q24372,Animals(NM),non-IDP,Negative
Q24407,Animals(NM),IDP,Negative
Q24488,Animals(NM),IDP,Negative
Q24570,Animals(NM),IDP,Negative
Q24668,Animals(NM),IDP,Negative
Q24998,Animals(NM),IDP,Negative
Q24JY4,Animals(M),IDP,Negative
Q24JY6,Animals(M),IDP,Negative
Q24K03,Animals(M),IDP,Negative
Q24K06,Animals(M),IDP,Negative
Q24K12,Animals(M),IDP,Negative
Q24K16,Animals(M),non-IDP,Negative
Q24K21,Animals(M),non-IDP,Negative
Q25092,Animals(NM),IDP,Negative
Q25390,Animals(NM),IDP,Negative
Q25460,Animals(NM),IDP,Negative
Q25BG4,Viruses,non-IDP,Negative
Q25BG8,Viruses,IDP,Negative
Q25BI2,Viruses,non-IDP,Negative
Q25BI7,Viruses,IDP,Negative
Q26264,Animals(NM),IDP,Negative
Q26288,Animals(NM),IDP,Negative
Q26324,Animals(NM),IDP,Negative
Q26416,Animals(NM),non-IDP,Negative
Q26418,Animals(NM),non-IDP,Negative
Q26421,Animals(NM),non-IDP,Negative
Q26600,Animals(NM),IDP,Negative
Q26626,Animals(NM),IDP,Negative
Q26630,Animals(NM),IDP,Negative
Q26646,Animals(NM),IDP,Negative
Q27082,Animals(NM),IDP,Negative
Q27270,Animals(NM),IDP,Negative
Q27319,Animals(NM),IDP,Negative
Q27536,Animals(NM),IDP,Negative
Q27601,Animals(NM),IDP,Negative
Q27701,Animals(NM),IDP,Negative
Q27905,Animals(NM),IDP,Negative
Q27969,Animals(M),IDP,Negative
Q27977,Animals(M),IDP,Negative
Q27GV2,Animals(NM),IDP,Negative
Q28007,Animals(M),non-IDP,Negative
Q28019,Animals(M),IDP,Negative
Q28022,Animals(M),IDP,Negative
Q28056,Animals(M),IDP,Negative
Q28085,Animals(M),IDP,Negative
Q28092,Animals(M),IDP,Negative
Q28104,Animals(M),non-IDP,Negative
Q28132,Animals(M),IDP,Negative
Q28139,Animals(M),IDP,Negative
Q28173,Animals(M),IDP,Negative
Q28178,Animals(M),IDP,Negative
Q28181,Animals(M),IDP,Negative
Q28201,Animals(M),non-IDP,Negative
Q28203,Animals(M),IDP,Negative
Q28247,Animals(M),IDP,Negative
Q28260,Animals(M),non-IDP,Negative
Q28263,Animals(M),IDP,Negative
Q28270,Animals(M),IDP,Negative
Q28337,Animals(M),IDP,Negative
Q28388,Animals(M),non-IDP,Negative
Q283N4,Animals(M),non-IDP,Negative
Q28417,Animals(M),IDP,Negative
Q28466,Animals(M),IDP,Negative
Q28557,Animals(M),non-IDP,Negative
Q28612,Animals(M),IDP,Negative
Q28640,Animals(M),IDP,Negative
Q28689,Animals(M),IDP,Negative
Q28811,Animals(M),IDP,Negative
Q28820,Animals(M),IDP,Negative
Q28891,Animals(M),non-IDP,Negative
Q28913,Animals(M),IDP,Negative
Q28918,Animals(M),non-IDP,Negative
Q28955,Animals(M),non-IDP,Negative
Q28995,Animals(M),IDP,Negative
Q28BQ6,Animals(NM),non-IDP,Negative
Q28BU7,Animals(NM),IDP,Negative
Q28CE7,Animals(NM),IDP,Negative
Q28CF8,Animals(NM),IDP,Negative
Q28CH3,Animals(NM),IDP,Negative
Q28CU0,Animals(NM),IDP,Negative
Q28CX0,Animals(NM),IDP,Negative
Q28DF1,Animals(NM),IDP,Negative
Q28DR7,Animals(NM),non-IDP,Negative
Q28F36,Animals(NM),IDP,Negative
Q28F39,Animals(NM),IDP,Negative
Q28FE5,Animals(NM),IDP,Negative
Q28FY0,Animals(NM),IDP,Negative
Q28HC9,Animals(NM),IDP,Negative
Q28HF8,Animals(NM),non-IDP,Negative
Q28I33,Animals(NM),IDP,Negative
Q28I39,Animals(NM),non-IDP,Negative
Q28I90,Animals(NM),IDP,Negative
Q28IT1,Animals(NM),IDP,Negative
Q28IW8,Animals(NM),IDP,Negative
Q28J59,Animals(NM),IDP,Negative
Q29006,Animals(M),IDP,Negative
Q29013,Animals(M),IDP,Negative
Q29079,Animals(M),non-IDP,Negative
Q29106,Animals(M),IDP,Negative
Q29175,Animals(M),IDP,Negative
Q292F9,Animals(NM),IDP,Negative
Q29407,Animals(M),IDP,Negative
Q29441,Animals(M),IDP,Negative
Q29460,Animals(M),IDP,Negative
Q29503,Animals(M),IDP,Negative
Q29555,Animals(M),non-IDP,Negative
Q29611,Animals(M),IDP,Negative
Q29AK2,Animals(NM),IDP,Negative
Q29AP0,Animals(NM),IDP,Negative
Q29DJ1,Animals(NM),IDP,Negative
Q29NV5,Animals(NM),IDP,Negative
Q29RB1,Animals(NM),IDP,Negative
Q29RH4,Animals(M),IDP,Negative
Q29RH7,Animals(M),non-IDP,Negative
Q29RI9,Animals(M),non-IDP,Negative
Q29RJ0,Animals(M),IDP,Negative
Q29RJ1,Animals(M),IDP,Negative
Q29RL1,Animals(M),IDP,Negative
Q29RN6,Animals(M),IDP,Negative
Q29RR1,Animals(M),IDP,Negative
Q29RT4,Animals(M),IDP,Negative
Q29RT6,Animals(M),IDP,Negative
Q29RT9,Animals(M),IDP,Negative
Q29RU1,Animals(M),IDP,Negative
Q29RU2,Animals(M),IDP,Negative
Q29RU6,Animals(M),IDP,Negative
Q29RU9,Animals(M),non-IDP,Negative
Q29RY4,Animals(M),IDP,Negative
Q29RY7,Animals(M),IDP,Negative
Q29RZ1,Animals(M),non-IDP,Negative
Q29RZ5,Animals(M),non-IDP,Negative
Q29RZ9,Animals(M),IDP,Negative
Q29S00,Animals(M),IDP,Negative
Q29S03,Animals(M),IDP,Negative
Q29S07,Animals(M),IDP,Negative
Q29S11,Animals(M),IDP,Negative
Q29S19,Animals(M),IDP,Negative
Q29S20,Animals(M),IDP,Negative
Q29W19,Animals(M),IDP,Negative
Q29W20,Animals(M),IDP,Negative
Q29YR5,Animals(M),IDP,Negative
Q2AB83,Animals(NM),non-IDP,Negative
Q2ACH7,Animals(M),non-IDP,Negative
Q2EEX9,Plants,non-IDP,Negative
Q2EG98,Animals(M),IDP,Negative
Q2EMW0,Animals(M),IDP,Negative
Q2GIB5,Prokaryotes,IDP,Negative
Q2GNY7,Fungi,IDP,Negative
Q2GPK5,Fungi,IDP,Negative
Q2GSI6,Fungi,IDP,Negative
Q2GVK1,Fungi,IDP,Negative
Q2GYB7,Fungi,IDP,Negative
Q2H047,Fungi,non-IDP,Negative
Q2H7G2,Fungi,IDP,Negative
Q2HCM6,Fungi,IDP,Negative
Q2HCW8,Fungi,IDP,Negative
Q2HDJ0,Fungi,IDP,Negative
Q2HDL4,Fungi,IDP,Negative
Q2HEW6,Fungi,IDP,Negative
Q2HHS4,Fungi,IDP,Negative
Q2HJ18,Animals(M),non-IDP,Negative
Q2HJ21,Animals(M),IDP,Negative
Q2HJ38,Animals(M),IDP,Negative
Q2HJ44,Animals(M),IDP,Negative
Q2HJ51,Animals(M),non-IDP,Negative
Q2HJ59,Animals(M),IDP,Negative
Q2HJ63,Animals(M),non-IDP,Negative
Q2HJ67,Animals(M),IDP,Negative
Q2HJ69,Animals(M),IDP,Negative
Q2HJ78,Animals(M),IDP,Negative
Q2HJ87,Animals(M),IDP,Negative
Q2HJ90,Animals(M),IDP,Negative
Q2HJ91,Animals(M),IDP,Negative
Q2HJ93,Animals(M),IDP,Negative
Q2HJ95,Animals(M),IDP,Negative
Q2HJA2,Animals(M),IDP,Negative
Q2HJA8,Animals(M),IDP,Negative
Q2HJA9,Animals(M),IDP,Negative
Q2HJB0,Animals(M),IDP,Negative
Q2HJB9,Animals(M),non-IDP,Negative
Q2HJD0,Animals(M),IDP,Negative
Q2HJE0,Animals(M),non-IDP,Negative
Q2HJF1,Animals(M),non-IDP,Negative
Q2HJF9,Animals(M),IDP,Negative
Q2HJH3,Animals(M),non-IDP,Negative
Q2I0M4,Animals(M),IDP,Negative
Q2I3H0,Animals(M),IDP,Negative
Q2IA00,Animals(M),IDP,Negative
Q2IAL7,Animals(NM),non-IDP,Negative
Q2IBF2,Animals(M),IDP,Negative
Q2KHU0,Animals(M),non-IDP,Negative
Q2KHV2,Animals(M),IDP,Negative
Q2KHV5,Animals(M),IDP,Negative
Q2KHV6,Animals(M),IDP,Negative
Q2KHV9,Animals(M),IDP,Negative
Q2KHW5,Animals(M),IDP,Negative
Q2KHX9,Animals(M),IDP,Negative
Q2KHY2,Animals(M),IDP,Negative
Q2KHY7,Animals(M),IDP,Negative
Q2KHZ2,Animals(M),IDP,Negative
Q2KHZ8,Animals(M),non-IDP,Negative
Q2KHZ9,Animals(M),IDP,Negative
Q2KI04,Animals(M),IDP,Negative
Q2KI18,Animals(M),IDP,Negative
Q2KI22,Animals(M),IDP,Negative
Q2KI23,Animals(M),IDP,Negative
Q2KI24,Animals(M),IDP,Negative
Q2KI51,Animals(M),IDP,Negative
Q2KI52,Animals(M),IDP,Negative
Q2KI74,Animals(M),IDP,Negative
Q2KI75,Animals(M),IDP,Negative
Q2KI78,Animals(M),non-IDP,Negative
Q2KI80,Animals(M),IDP,Negative
Q2KI85,Animals(M),IDP,Negative
Q2KI92,Animals(M),non-IDP,Negative
Q2KI97,Animals(M),IDP,Negative
Q2KIA9,Animals(M),IDP,Negative
Q2KIB3,Animals(M),non-IDP,Negative
Q2KIC5,Animals(M),non-IDP,Negative
Q2KIC8,Animals(M),IDP,Negative
Q2KID2,Animals(M),IDP,Negative
Q2KID4,Animals(M),IDP,Negative
Q2KIF8,Animals(M),IDP,Negative
Q2KIG0,Animals(M),IDP,Negative
Q2KIH1,Animals(M),non-IDP,Negative
Q2KIH8,Animals(M),IDP,Negative
Q2KII1,Animals(M),IDP,Negative
Q2KIJ1,Animals(M),IDP,Negative
Q2KIJ2,Animals(M),IDP,Negative
Q2KIJ5,Animals(M),non-IDP,Negative
Q2KIK2,Animals(M),IDP,Negative
Q2KIK3,Animals(M),IDP,Negative
Q2KIL7,Animals(M),IDP,Negative
Q2KIN1,Animals(M),non-IDP,Negative
Q2KIN5,Animals(M),IDP,Negative
Q2KIP2,Animals(M),IDP,Negative
Q2KIP3,Animals(M),IDP,Negative
Q2KIP5,Animals(M),IDP,Negative
Q2KIQ5,Animals(M),non-IDP,Negative
Q2KIR0,Animals(M),IDP,Negative
Q2KIR8,Animals(M),non-IDP,Negative
Q2KIS1,Animals(M),IDP,Negative
Q2KIS3,Animals(M),IDP,Negative
Q2KIS7,Animals(M),non-IDP,Negative
Q2KIT0,Animals(M),IDP,Negative
Q2KIT1,Animals(M),IDP,Negative
Q2KIU3,Animals(M),IDP,Negative
Q2KIW3,Animals(M),IDP,Negative
Q2KIX3,Animals(M),IDP,Negative
Q2KIY1,Animals(M),non-IDP,Negative
Q2KJ32,Animals(M),non-IDP,Negative
Q2KJ33,Animals(M),non-IDP,Negative
Q2KJ39,Animals(M),IDP,Negative
Q2KJ44,Animals(M),IDP,Negative
Q2KJ53,Animals(M),IDP,Negative
Q2KJ61,Animals(M),non-IDP,Negative
Q2KJ92,Animals(M),IDP,Negative
Q2KJA5,Animals(M),IDP,Negative
Q2KJA6,Animals(M),IDP,Negative
Q2KJB9,Animals(M),IDP,Negative
Q2KJC3,Animals(M),IDP,Negative
Q2KJD3,Animals(M),IDP,Negative
Q2KJD7,Animals(M),non-IDP,Negative
Q2KJD9,Animals(M),IDP,Negative
Q2KJF7,Animals(M),non-IDP,Negative
Q2L897,Animals(M),IDP,Negative
Q2LA85,Animals(M),IDP,Negative
Q2LC47,Fungi,IDP,Negative
Q2LGB3,Animals(M),IDP,Negative
Q2LGB7,Animals(M),IDP,Negative
Q2LK54,Animals(NM),IDP,Negative
Q2LKW6,Animals(M),IDP,Negative
Q2M2E5,Animals(M),IDP,Negative
Q2M2S2,Animals(M),non-IDP,Negative
Q2M2S5,Animals(M),non-IDP,Negative
Q2M2S8,Animals(M),IDP,Negative
Q2M2S9,Animals(M),non-IDP,Negative
Q2M2T3,Animals(M),IDP,Negative
Q2M2T6,Animals(M),IDP,Negative
Q2M2T7,Animals(M),non-IDP,Negative
Q2M2U3,Animals(M),non-IDP,Negative
Q2M2W7,Animals(M),IDP,Negative
Q2M3A8,Animals(M),IDP,Negative
Q2M3V2,Animals(M),IDP,Negative
Q2MHN3,Animals(M),IDP,Negative
Q2MJS5,Animals(M),non-IDP,Negative
Q2MV57,Animals(M),non-IDP,Negative
Q2NAN1,Prokaryotes,IDP,Negative
Q2NKI2,Animals(M),IDP,Negative
Q2NKR1,Animals(M),non-IDP,Negative
Q2NKR3,Animals(M),IDP,Negative
Q2NKS0,Animals(M),non-IDP,Negative
Q2NKS2,Animals(M),IDP,Negative
Q2NKS9,Animals(M),IDP,Negative
Q2NKT2,Animals(M),IDP,Negative
Q2NKV2,Animals(M),IDP,Negative
Q2NKW0,Animals(M),non-IDP,Negative
Q2NKY9,Animals(M),IDP,Negative
Q2NL13,Animals(M),non-IDP,Negative
Q2NL16,Animals(M),IDP,Negative
Q2NL23,Animals(M),IDP,Negative
Q2NL27,Animals(M),IDP,Negative
Q2NL34,Animals(M),IDP,Negative
Q2PC20,Animals(M),IDP,Negative
Q2PFM2,Animals(M),IDP,Negative
Q2PFX0,Animals(M),IDP,Negative
Q2PG37,Animals(M),IDP,Negative
Q2PW47,Animals(NM),IDP,Negative
Q2PWT8,Animals(M),IDP,Negative
Q2Q0I9,Animals(M),IDP,Negative
Q2QD12,Animals(M),non-IDP,Negative
Q2QDE9,Animals(M),non-IDP,Negative
Q2QMN7,Plants,IDP,Negative
Q2QMT7,Plants,non-IDP,Negative
Q2QNE3,Plants,IDP,Negative
Q2QZ37,Plants,IDP,Negative
Q2R8P2,Plants,IDP,Negative
Q2RAR6,Plants,non-IDP,Negative
Q2RBS5,Fungi,non-IDP,Negative
Q2RN89,Prokaryotes,non-IDP,Negative
Q2T9M1,Animals(M),IDP,Negative
Q2T9M7,Animals(M),IDP,Negative
Q2T9M9,Animals(M),IDP,Negative
Q2T9N0,Animals(M),IDP,Negative
Q2T9N4,Animals(M),IDP,Negative
Q2T9P3,Animals(M),IDP,Negative
Q2T9P9,Animals(M),IDP,Negative
Q2T9Q1,Animals(M),IDP,Negative
Q2T9Q3,Animals(M),IDP,Negative
Q2T9Q7,Animals(M),IDP,Negative
Q2T9S3,Animals(M),non-IDP,Negative
Q2T9S4,Animals(M),non-IDP,Negative
Q2T9S7,Animals(M),IDP,Negative
Q2T9T0,Animals(M),IDP,Negative
Q2T9T5,Animals(M),IDP,Negative
Q2T9T9,Animals(M),IDP,Negative
Q2T9U5,Animals(M),IDP,Negative
Q2T9U8,Animals(M),IDP,Negative
Q2T9V7,Animals(M),IDP,Negative
Q2T9V8,Animals(M),IDP,Negative
Q2T9W2,Animals(M),IDP,Negative
Q2T9W9,Animals(M),IDP,Negative
Q2T9X1,Animals(M),IDP,Negative
Q2T9X3,Animals(M),non-IDP,Negative
Q2T9Y0,Animals(M),IDP,Negative
Q2T9Y6,Animals(M),non-IDP,Negative
Q2T9Z2,Animals(M),IDP,Negative
Q2TA00,Animals(M),IDP,Negative
Q2TA03,Animals(M),IDP,Negative
Q2TA11,Animals(M),IDP,Negative
Q2TA12,Animals(M),IDP,Negative
Q2TA20,Animals(M),IDP,Negative
Q2TA32,Animals(M),IDP,Negative
Q2TA35,Animals(M),IDP,Negative
Q2TA42,Animals(M),IDP,Negative
Q2TA45,Animals(M),IDP,Negative
Q2TA46,Animals(M),non-IDP,Negative
Q2TBG9,Animals(M),IDP,Negative
Q2TBH1,Animals(M),non-IDP,Negative
Q2TBH6,Animals(M),IDP,Negative
Q2TBH8,Animals(M),IDP,Negative
Q2TBI2,Animals(M),IDP,Negative
Q2TBI6,Animals(M),IDP,Negative
Q2TBI7,Animals(M),IDP,Negative
Q2TBJ0,Animals(M),IDP,Negative
Q2TBJ5,Animals(M),IDP,Negative
Q2TBK0,Animals(M),IDP,Negative
Q2TBK2,Animals(M),non-IDP,Negative
Q2TBK8,Animals(M),IDP,Negative
Q2TBL4,Animals(M),IDP,Negative
Q2TBL9,Animals(M),non-IDP,Negative
Q2TBM7,Animals(M),IDP,Negative
Q2TBN4,Animals(M),IDP,Negative
Q2TBN5,Animals(M),non-IDP,Negative
Q2TBP5,Animals(M),IDP,Negative
Q2TBQ3,Animals(M),non-IDP,Negative
Q2TBQ7,Animals(M),IDP,Negative
Q2TBQ9,Animals(M),IDP,Negative
Q2TBR5,Animals(M),IDP,Negative
Q2TBS2,Animals(M),IDP,Negative
Q2TBU0,Animals(M),non-IDP,Negative
Q2TBW2,Animals(M),non-IDP,Negative
Q2TBW5,Animals(M),IDP,Negative
Q2TJ95,Animals(M),IDP,Negative
Q2TJA6,Animals(NM),IDP,Negative
Q2TLZ3,Animals(M),IDP,Negative
Q2U0J5,Fungi,IDP,Negative
Q2U3H8,Fungi,IDP,Negative
Q2U3H9,Fungi,non-IDP,Negative
Q2U3M5,Fungi,IDP,Negative
Q2U5I2,Fungi,IDP,Negative
Q2UAZ7,Fungi,non-IDP,Negative
Q2UAZ9,Fungi,IDP,Negative
Q2UFP8,Fungi,IDP,Negative
Q2ULA2,Fungi,IDP,Negative
Q2UPA9,Fungi,IDP,Negative
Q2UPB4,Fungi,non-IDP,Negative
Q2UPB6,Fungi,non-IDP,Negative
Q2UPB8,Fungi,IDP,Negative
Q2UPS5,Fungi,IDP,Negative
Q2UUV3,Fungi,IDP,Negative
Q2UVH8,Animals(NM),non-IDP,Negative
Q2UY11,Animals(M),IDP,Negative
Q2V3K9,Plants,IDP,Negative
Q2VIS4,Animals(M),IDP,Negative
Q2VPA6,Animals(M),IDP,Negative
Q2VPU4,Animals(M),IDP,Negative
Q2W8M7,Prokaryotes,IDP,Negative
Q2WED0,Animals(NM),IDP,Negative
Q2WG77,Animals(M),IDP,Negative
Q2WGC1,Plants,IDP,Negative
Q2WGD3,Plants,IDP,Negative
Q2WGJ8,Animals(M),IDP,Negative
Q2XWK0,Animals(NM),IDP,Negative
Q2XXP1,Animals(NM),non-IDP,Negative
Q2Y2L9,Viruses,IDP,Negative
Q2YDC9,Animals(M),IDP,Negative
Q2YDD0,Animals(M),non-IDP,Negative
Q2YDD2,Animals(M),IDP,Negative
Q2YDD6,Animals(M),IDP,Negative
Q2YDE3,Animals(M),non-IDP,Negative
Q2YDF2,Animals(M),IDP,Negative
Q2YDF6,Animals(M),IDP,Negative
Q2YDF7,Animals(M),IDP,Negative
Q2YDH0,Animals(M),IDP,Negative
Q2YDJ4,Animals(M),IDP,Negative
Q2YDJ5,Animals(M),IDP,Negative
Q2YDJ8,Animals(M),IDP,Negative
Q2YDL1,Animals(M),IDP,Negative
Q2YDL5,Animals(M),IDP,Negative
Q2YDM0,Animals(M),IDP,Negative
Q2YDN1,Animals(M),IDP,Negative
Q2YDN4,Animals(M),IDP,Negative
Q2YDP3,Animals(M),IDP,Negative
Q2YDP6,Animals(M),IDP,Negative
Q2YDU3,Animals(M),IDP,Negative
Q2YFS3,Animals(M),IDP,Negative
Q2YHT7,Animals(NM),IDP,Negative
Q2Z1W2,Animals(NM),IDP,Negative
Q30DW8,Fungi,IDP,Negative
Q30KQ8,Animals(M),IDP,Negative
Q32065,Plants,IDP,Negative
Q32618,Plants,IDP,Negative
Q32KG4,Animals(M),IDP,Negative
Q32KJ2,Animals(M),non-IDP,Negative
Q32KM6,Animals(M),non-IDP,Negative
Q32KN5,Animals(M),non-IDP,Negative
Q32KN7,Animals(M),IDP,Negative
Q32KP0,Animals(M),non-IDP,Negative
Q32KP1,Animals(M),non-IDP,Negative
Q32KQ1,Animals(M),IDP,Negative
Q32KQ2,Animals(M),IDP,Negative
Q32KQ5,Animals(M),IDP,Negative
Q32KR6,Animals(M),IDP,Negative
Q32KS0,Animals(M),IDP,Negative
Q32KT0,Animals(M),IDP,Negative
Q32KT5,Animals(M),IDP,Negative
Q32KT7,Animals(M),IDP,Negative
Q32KU9,Animals(M),IDP,Negative
Q32KV4,Animals(M),IDP,Negative
Q32KV8,Animals(M),IDP,Negative
Q32KW0,Animals(M),IDP,Negative
Q32KW2,Animals(M),IDP,Negative
Q32KW9,Animals(M),IDP,Negative
Q32KX1,Animals(M),IDP,Negative
Q32KX8,Animals(M),non-IDP,Negative
Q32KX9,Animals(M),non-IDP,Negative
Q32L03,Animals(M),non-IDP,Negative
Q32L04,Animals(M),IDP,Negative
Q32L08,Animals(M),non-IDP,Negative
Q32L10,Animals(M),IDP,Negative
Q32L19,Animals(M),IDP,Negative
Q32L26,Animals(M),non-IDP,Negative
Q32L37,Animals(M),IDP,Negative
Q32L41,Animals(M),non-IDP,Negative
Q32L47,Animals(M),non-IDP,Negative
Q32L49,Animals(M),IDP,Negative
Q32L50,Animals(M),IDP,Negative
Q32L52,Animals(M),non-IDP,Negative
Q32L53,Animals(M),IDP,Negative
Q32L59,Animals(M),IDP,Negative
Q32L60,Animals(M),IDP,Negative
Q32L68,Animals(M),IDP,Negative
Q32L79,Animals(M),IDP,Negative
Q32L85,Animals(M),IDP,Negative
Q32L93,Animals(M),non-IDP,Negative
Q32L99,Animals(M),non-IDP,Negative
Q32LD1,Animals(M),IDP,Negative
Q32LD3,Animals(M),non-IDP,Negative
Q32LD7,Animals(M),non-IDP,Negative
Q32LE4,Animals(M),IDP,Negative
Q32LE5,Animals(M),IDP,Negative
Q32LE6,Animals(M),IDP,Negative
Q32LE7,Animals(M),non-IDP,Negative
Q32LF5,Animals(M),IDP,Negative
Q32LH1,Animals(M),IDP,Negative
Q32LH3,Animals(M),non-IDP,Negative
Q32LI3,Animals(M),IDP,Negative
Q32LJ0,Animals(M),IDP,Negative
Q32LJ2,Animals(M),non-IDP,Negative
Q32LJ5,Animals(M),IDP,Negative
Q32LJ6,Animals(M),non-IDP,Negative
Q32LK1,Animals(M),IDP,Negative
Q32LL5,Animals(M),IDP,Negative
Q32LL6,Animals(M),non-IDP,Negative
Q32LM5,Animals(M),non-IDP,Negative
Q32LM8,Animals(M),non-IDP,Negative
Q32LN1,Animals(M),IDP,Negative
Q32LN3,Animals(M),IDP,Negative
Q32LN5,Animals(M),IDP,Negative
Q32LN7,Animals(M),non-IDP,Negative
Q32LQ1,Animals(M),IDP,Negative
Q32M00,Animals(M),IDP,Negative
Q32M26,Animals(M),IDP,Negative
Q32M92,Animals(M),IDP,Negative
Q32MD9,Animals(M),IDP,Negative
Q32MW3,Animals(M),non-IDP,Negative
Q32NG4,Animals(NM),non-IDP,Negative
Q32NJ2,Animals(NM),IDP,Negative
Q32NT4,Animals(NM),IDP,Negative
Q32NZ6,Animals(M),IDP,Negative
Q32P12,Animals(M),IDP,Negative
Q32P65,Animals(M),IDP,Negative
Q32P66,Animals(M),non-IDP,Negative
Q32P71,Animals(M),non-IDP,Negative
Q32P73,Animals(M),non-IDP,Negative
Q32P79,Animals(M),non-IDP,Negative
Q32PA8,Animals(M),non-IDP,Negative
Q32PC3,Animals(M),non-IDP,Negative
Q32PC9,Animals(M),non-IDP,Negative
Q32PD7,Animals(M),non-IDP,Negative
Q32PD8,Animals(M),non-IDP,Negative
Q32PD9,Animals(M),IDP,Negative
Q32PF7,Animals(M),IDP,Negative
Q32PG9,Animals(M),non-IDP,Negative
Q32PJ6,Animals(M),non-IDP,Negative
Q32PV0,Animals(NM),IDP,Negative
Q32Q90,Animals(M),IDP,Negative
Q32TF8,Animals(NM),IDP,Negative
Q331T8,Viruses,IDP,Negative
Q33635,Animals(NM),IDP,Negative
Q337A0,Plants,IDP,Negative
Q33821,Animals(NM),IDP,Negative
Q33822,Animals(NM),IDP,Negative
Q339K6,Plants,IDP,Negative
Q33BP8,Animals(M),IDP,Negative
Q33DR3,Animals(M),non-IDP,Negative
Q33E94,Animals(M),IDP,Negative
Q34076,Animals(NM),non-IDP,Negative
Q34279,Animals(M),IDP,Negative
Q34522,Animals(NM),non-IDP,Negative
Q34806,Fungi,non-IDP,Negative
Q34947,Animals(NM),non-IDP,Negative
Q35100,Animals(NM),non-IDP,Negative
Q35111,Animals(M),IDP,Negative
Q35134,Fungi,IDP,Negative
Q35141,Fungi,IDP,Negative
Q35142,Fungi,IDP,Negative
Q35538,Animals(NM),non-IDP,Negative
Q37050,Plants,non-IDP,Negative
Q37399,Fungi,non-IDP,Negative
Q37680,Plants,non-IDP,Negative
Q37707,Animals(NM),non-IDP,Negative
Q37873,Viruses,non-IDP,Negative
Q37896,Viruses,IDP,Negative
Q38199,Viruses,IDP,Negative
Q38305,Viruses,IDP,Negative
Q38361,Viruses,IDP,Negative
Q38362,Viruses,IDP,Negative
Q38581,Viruses,IDP,Negative
Q38653,Viruses,IDP,Negative
Q38833,Plants,non-IDP,Negative
Q38J85,Animals(M),IDP,Negative
Q39030,Plants,IDP,Negative
Q39055,Plants,non-IDP,Negative
Q39253,Plants,IDP,Negative
Q39513,Plants,IDP,Negative
Q39591,Plants,IDP,Negative
Q39967,Plants,IDP,Negative
Q3B725,Animals(M),IDP,Negative
Q3B736,Animals(NM),non-IDP,Negative
Q3B7G7,Animals(NM),IDP,Negative
Q3B7L5,Animals(M),IDP,Negative
Q3B7L6,Animals(M),IDP,Negative
Q3B7L8,Animals(M),IDP,Negative
Q3B7T9,Animals(M),IDP,Negative
Q3B7U2,Animals(M),IDP,Negative
Q3B7U4,Animals(M),IDP,Negative
Q3B807,Animals(M),IDP,Negative
Q3B8B2,Animals(NM),IDP,Negative
Q3B8N5,Animals(M),IDP,Negative
Q3C1V0,Animals(M),IDP,Negative
Q3C1V9,Animals(M),IDP,Negative
Q3C2E2,Animals(M),IDP,Negative
Q3E742,Fungi,IDP,Negative
Q3E743,Fungi,non-IDP,Negative
Q3E764,Fungi,IDP,Negative
Q3E790,Fungi,IDP,Negative
Q3E7Z4,Fungi,IDP,Negative
Q3E828,Fungi,non-IDP,Negative
Q3EAE7,Plants,IDP,Negative
Q3EBL9,Plants,IDP,Negative
Q3ECJ5,Plants,non-IDP,Negative
Q3ED65,Plants,non-IDP,Negative
Q3ED78,Plants,IDP,Negative
Q3HNG7,Animals(M),IDP,Negative
Q3IK52,Prokaryotes,IDP,Negative
Q3KNY0,Animals(M),IDP,Negative
Q3KPN2,Animals(NM),IDP,Negative
Q3KR53,Animals(M),IDP,Negative
Q3KR64,Animals(M),IDP,Negative
Q3KR66,Animals(M),IDP,Negative
Q3KRC5,Animals(M),IDP,Negative
Q3KSS4,Viruses,IDP,Negative
Q3LHH8,Animals(M),IDP,Negative
Q3LHN0,Animals(M),non-IDP,Negative
Q3LHN1,Animals(M),non-IDP,Negative
Q3LI67,Animals(M),non-IDP,Negative
Q3LI73,Animals(M),non-IDP,Negative
Q3LI81,Animals(M),IDP,Negative
Q3LRP3,Animals(M),IDP,Negative
Q3LRV9,Animals(M),IDP,Negative
Q3LU38,Animals(M),IDP,Negative
Q3MHE4,Animals(M),non-IDP,Negative
Q3MHF7,Animals(M),non-IDP,Negative
Q3MHG0,Animals(M),IDP,Negative
Q3MHH1,Animals(M),IDP,Negative
Q3MHH3,Animals(M),IDP,Negative
Q3MHI7,Animals(M),non-IDP,Negative
Q3MHJ0,Animals(M),IDP,Negative
Q3MHJ5,Animals(M),non-IDP,Negative
Q3MHM8,Animals(M),IDP,Negative
Q3MHN7,Animals(M),IDP,Negative
Q3MHP8,Animals(M),IDP,Negative
Q3MHS2,Animals(M),IDP,Negative
Q3MHW0,Animals(M),IDP,Negative
Q3MHW7,Animals(M),IDP,Negative
Q3MHX1,Animals(M),non-IDP,Negative
Q3MHX6,Animals(M),IDP,Negative
Q3MHZ5,Animals(M),IDP,Negative
Q3MHZ7,Animals(M),non-IDP,Negative
Q3MHZ8,Animals(M),IDP,Negative
Q3MI99,Animals(M),IDP,Negative
Q3MIP1,Animals(M),IDP,Negative
Q3MIT2,Animals(M),non-IDP,Negative
Q3MJ40,Animals(M),IDP,Negative
Q3MQ24,Animals(M),non-IDP,Negative
Q3SWU4,Animals(M),IDP,Negative
Q3SWY0,Animals(M),IDP,Negative
Q3SWY8,Animals(M),IDP,Negative
Q3SWY9,Animals(M),non-IDP,Negative
Q3SX00,Animals(M),IDP,Negative
Q3SX04,Animals(M),non-IDP,Negative
Q3SX07,Animals(M),IDP,Negative
Q3SX22,Animals(M),IDP,Negative
Q3SX23,Animals(M),IDP,Negative
Q3SX42,Animals(M),IDP,Negative
Q3SY05,Animals(M),IDP,Negative
Q3SYK4,Animals(M),IDP,Negative
Q3SYR3,Animals(M),IDP,Negative
Q3SYR5,Animals(M),IDP,Negative
Q3SYS0,Animals(M),IDP,Negative
Q3SYS1,Animals(M),IDP,Negative
Q3SYS4,Animals(M),IDP,Negative
Q3SYS7,Animals(M),IDP,Negative
Q3SYS8,Animals(M),IDP,Negative
Q3SYS9,Animals(M),IDP,Negative
Q3SYT1,Animals(M),IDP,Negative
Q3SYV1,Animals(M),IDP,Negative
Q3SYV3,Animals(M),IDP,Negative
Q3SYW0,Animals(M),IDP,Negative
Q3SYX1,Animals(M),IDP,Negative
Q3SYY2,Animals(M),non-IDP,Negative
Q3SYY9,Animals(M),IDP,Negative
Q3SZ07,Animals(M),IDP,Negative
Q3SZ13,Animals(M),IDP,Negative
Q3SZ26,Animals(M),IDP,Negative
Q3SZ41,Animals(M),IDP,Negative
Q3SZ47,Animals(M),non-IDP,Negative
Q3SZ60,Animals(M),IDP,Negative
Q3SZ84,Animals(M),non-IDP,Negative
Q3SZ85,Animals(M),non-IDP,Negative
Q3SZ89,Animals(M),non-IDP,Negative
Q3SZ97,Animals(M),IDP,Negative
Q3SZA9,Animals(M),non-IDP,Negative
Q3SZB5,Animals(M),IDP,Negative
Q3SZD1,Animals(M),IDP,Negative
Q3SZD5,Animals(M),IDP,Negative
Q3SZE2,Animals(M),non-IDP,Negative
Q3SZG8,Animals(M),non-IDP,Negative
Q3SZH6,Animals(M),IDP,Negative
Q3SZI0,Animals(M),non-IDP,Negative
Q3SZI1,Animals(M),IDP,Negative
Q3SZI7,Animals(M),IDP,Negative
Q3SZJ2,Animals(M),IDP,Negative
Q3SZL0,Animals(M),IDP,Negative
Q3SZM3,Animals(M),IDP,Negative
Q3SZP8,Animals(M),IDP,Negative
Q3SZQ2,Animals(M),IDP,Negative
Q3SZQ3,Animals(M),IDP,Negative
Q3SZR5,Animals(M),non-IDP,Negative
Q3SZR9,Animals(M),non-IDP,Negative
Q3SZT6,Animals(M),IDP,Negative
Q3SZT7,Animals(M),IDP,Negative
Q3SZU0,Animals(M),non-IDP,Negative
Q3SZU4,Animals(M),non-IDP,Negative
Q3SZV0,Animals(M),IDP,Negative
Q3SZV5,Animals(M),non-IDP,Negative
Q3SZV8,Animals(M),non-IDP,Negative
Q3SZW3,Animals(M),IDP,Negative
Q3SZW4,Animals(M),IDP,Negative
Q3SZX8,Animals(M),IDP,Negative
Q3SZX9,Animals(M),IDP,Negative
Q3SZY8,Animals(M),IDP,Negative
Q3SZZ5,Animals(M),IDP,Negative
Q3T013,Animals(M),IDP,Negative
Q3T016,Animals(M),IDP,Negative
Q3T020,Animals(M),IDP,Negative
Q3T026,Animals(M),IDP,Negative
Q3T033,Animals(M),IDP,Negative
Q3T044,Animals(M),IDP,Negative
Q3T078,Animals(M),IDP,Negative
Q3T086,Animals(M),non-IDP,Negative
Q3T094,Animals(M),non-IDP,Negative
Q3T0A6,Animals(M),IDP,Negative
Q3T0C9,Animals(M),non-IDP,Negative
Q3T0E0,Animals(M),non-IDP,Negative
Q3T0E3,Animals(M),IDP,Negative
Q3T0E8,Animals(M),non-IDP,Negative
Q3T0E9,Animals(M),IDP,Negative
Q3T0J1,Animals(M),IDP,Negative
Q3T0J3,Animals(M),non-IDP,Negative
Q3T0L1,Animals(M),IDP,Negative
Q3T0N3,Animals(M),IDP,Negative
Q3T0S0,Animals(M),IDP,Negative
Q3T0X9,Animals(M),IDP,Negative
Q3T0Y9,Animals(M),IDP,Negative
Q3T0Z2,Animals(M),IDP,Negative
Q3T0Z5,Animals(M),IDP,Negative
Q3T104,Animals(M),non-IDP,Negative
Q3T105,Animals(M),non-IDP,Negative
Q3T106,Animals(M),IDP,Negative
Q3T123,Animals(M),IDP,Negative
Q3T124,Animals(M),non-IDP,Negative
Q3T131,Animals(M),IDP,Negative
Q3T132,Animals(M),non-IDP,Negative
Q3T142,Animals(M),IDP,Negative
Q3T174,Animals(M),IDP,Negative
Q3T196,Animals(M),IDP,Negative
Q3T1I9,Animals(M),IDP,Negative
Q3T4L9,Viruses,IDP,Negative
Q3TA59,Animals(M),non-IDP,Negative
Q3TB48,Animals(M),IDP,Negative
Q3TBL6,Animals(M),IDP,Negative
Q3TC93,Animals(M),IDP,Negative
Q3TCN2,Animals(M),non-IDP,Negative
Q3TD16,Animals(M),IDP,Negative
Q3TDN0,Animals(M),IDP,Negative
Q3TDX8,Animals(M),IDP,Negative
Q3TEI4,Animals(M),IDP,Negative
Q3TEL6,Animals(M),IDP,Negative
Q3TEW6,Animals(M),IDP,Negative
Q3TH73,Animals(M),IDP,Negative
Q3THJ3,Animals(M),IDP,Negative
Q3TLD5,Animals(M),IDP,Negative
Q3TLI0,Animals(M),IDP,Negative
Q3TLS3,Animals(M),IDP,Negative
Q3TNH5,Animals(M),IDP,Negative
Q3TNW5,Animals(M),IDP,Negative
Q3TPR7,Animals(M),IDP,Negative
Q3TQ03,Animals(M),IDP,Negative
Q3TQB2,Animals(M),non-IDP,Negative
Q3TQF0,Animals(M),IDP,Negative
Q3TQI7,Animals(M),IDP,Negative
Q3TT38,Animals(M),IDP,Negative
Q3TT99,Animals(M),IDP,Negative
Q3TTC2,Animals(M),IDP,Negative
Q3TTJ4,Animals(M),IDP,Negative
Q3TTP0,Animals(M),IDP,Negative
Q3TTY0,Animals(M),IDP,Negative
Q3TV65,Animals(M),IDP,Negative
Q3TV70,Animals(M),non-IDP,Negative
Q3TVA9,Animals(M),IDP,Negative
Q3TVI4,Animals(M),IDP,Negative
Q3TVP5,Animals(M),IDP,Negative
Q3TW96,Animals(M),non-IDP,Negative
Q3TWF6,Animals(M),IDP,Negative
Q3TXX3,Animals(M),IDP,Negative
Q3TY92,Animals(M),IDP,Negative
Q3TYA6,Animals(M),IDP,Negative
Q3TYG6,Animals(M),IDP,Negative
Q3TYP4,Animals(M),IDP,Negative
Q3TYX8,Animals(M),IDP,Negative
Q3TZ65,Animals(M),IDP,Negative
Q3TZM9,Animals(M),IDP,Negative
Q3TZW0,Animals(M),IDP,Negative
Q3U095,Animals(M),non-IDP,Negative
Q3U0B3,Animals(M),non-IDP,Negative
Q3U0L2,Animals(M),IDP,Negative
Q3U129,Animals(M),non-IDP,Negative
Q3U132,Animals(M),IDP,Negative
Q3U1C6,Animals(M),IDP,Negative
Q3U1D0,Animals(M),IDP,Negative
Q3U1D9,Animals(M),IDP,Negative
Q3U1U7,Animals(M),IDP,Negative
Q3U1Z5,Animals(M),IDP,Negative
Q3U2J5,Animals(M),IDP,Negative
Q3U2S8,Animals(M),IDP,Negative
Q3U2V3,Animals(M),non-IDP,Negative
Q3U3E2,Animals(M),IDP,Negative
Q3U3I9,Animals(M),IDP,Negative
Q3U3N6,Animals(M),IDP,Negative
Q3U3R4,Animals(M),IDP,Negative
Q3U3V8,Animals(M),IDP,Negative
Q3U3W5,Animals(M),IDP,Negative
Q3U497,Animals(M),IDP,Negative
Q3U4G3,Animals(M),IDP,Negative
Q3U4H6,Animals(M),IDP,Negative
Q3U515,Animals(M),IDP,Negative
Q3U595,Animals(M),IDP,Negative
Q3U5C8,Animals(M),IDP,Negative
Q3U5F4,Animals(M),IDP,Negative
Q3U6K5,Animals(M),IDP,Negative
Q3U6U5,Animals(M),IDP,Negative
Q3U7U4,Animals(M),IDP,Negative
Q3U827,Animals(M),IDP,Negative
Q3UBG2,Animals(M),IDP,Negative
Q3UCV8,Animals(M),IDP,Negative
Q3UD82,Animals(M),IDP,Negative
Q3UDF0,Animals(M),IDP,Negative
Q3UDW8,Animals(M),IDP,Negative
Q3UE37,Animals(M),IDP,Negative
Q3UEZ8,Animals(M),IDP,Negative
Q3UF25,Animals(M),IDP,Negative
Q3UF64,Animals(M),IDP,Negative
Q3UFF7,Animals(M),non-IDP,Negative
Q3UFJ6,Animals(M),IDP,Negative
Q3UFS0,Animals(M),non-IDP,Negative
Q3UFS4,Animals(M),IDP,Negative
Q3UG98,Animals(M),IDP,Negative
Q3UGM2,Animals(M),IDP,Negative
Q3UGP9,Animals(M),IDP,Negative
Q3UGX3,Animals(M),IDP,Negative
Q3UH53,Animals(M),IDP,Negative
Q3UHA3,Animals(M),IDP,Negative
Q3UHD2,Animals(M),non-IDP,Negative
Q3UHG7,Animals(M),IDP,Negative
Q3UHH1,Animals(M),IDP,Negative
Q3UHH2,Animals(M),IDP,Negative
Q3UHI0,Animals(M),IDP,Negative
Q3UHI4,Animals(M),IDP,Negative
Q3UHJ8,Animals(M),IDP,Negative
Q3UHK1,Animals(M),IDP,Negative
Q3UHK3,Animals(M),IDP,Negative
Q3UHR0,Animals(M),IDP,Negative
Q3UHU5,Animals(M),IDP,Negative
Q3UIJ9,Animals(M),IDP,Negative
Q3UJF0,Animals(M),IDP,Negative
Q3UJZ3,Animals(M),IDP,Negative
Q3UK10,Animals(M),non-IDP,Negative
Q3UK37,Animals(M),IDP,Negative
Q3UKK2,Animals(M),non-IDP,Negative
Q3UL53,Animals(M),IDP,Negative
Q3ULG3,Animals(M),IDP,Negative
Q3ULW6,Animals(M),IDP,Negative
Q3ULZ2,Animals(M),IDP,Negative
Q3UM83,Animals(M),IDP,Negative
Q3UM89,Animals(M),IDP,Negative
Q3UMC0,Animals(M),IDP,Negative
Q3UME2,Animals(M),non-IDP,Negative
Q3UMF9,Animals(M),IDP,Negative
Q3UMQ8,Animals(M),IDP,Negative
Q3UMT1,Animals(M),IDP,Negative
Q3UN02,Animals(M),IDP,Negative
Q3UN04,Animals(M),IDP,Negative
Q3UNN8,Animals(M),IDP,Negative
Q3UNZ8,Animals(M),non-IDP,Negative
Q3UP44,Animals(M),non-IDP,Negative
Q3UP75,Animals(M),non-IDP,Negative
Q3UPC7,Animals(M),IDP,Negative
Q3UPH1,Animals(M),IDP,Negative
Q3UPH7,Animals(M),IDP,Negative
Q3UPI1,Animals(M),IDP,Negative
Q3UPL5,Animals(M),IDP,Negative
Q3UPL6,Animals(M),IDP,Negative
Q3UR50,Animals(M),IDP,Negative
Q3UR70,Animals(M),IDP,Negative
Q3UR85,Animals(M),IDP,Negative
Q3UR97,Animals(M),IDP,Negative
Q3URD2,Animals(M),IDP,Negative
Q3URS3,Animals(M),non-IDP,Negative
Q3URY0,Animals(M),IDP,Negative
Q3US16,Animals(M),IDP,Negative
Q3USH1,Animals(M),IDP,Negative
Q3USH5,Animals(M),IDP,Negative
Q3USJ8,Animals(M),IDP,Negative
Q3USW5,Animals(M),IDP,Negative
Q3USZ8,Animals(M),non-IDP,Negative
Q3UTQ7,Animals(M),IDP,Negative
Q3UU41,Animals(M),IDP,Negative
Q3UUE9,Animals(M),non-IDP,Negative
Q3UUJ4,Animals(M),IDP,Negative
Q3UUQ7,Animals(M),IDP,Negative
Q3UUY6,Animals(M),IDP,Negative
Q3UV31,Animals(M),IDP,Negative
Q3UV48,Animals(M),non-IDP,Negative
Q3UV55,Animals(M),IDP,Negative
Q3UV71,Animals(M),IDP,Negative
Q3UV74,Animals(M),IDP,Negative
Q3UVC0,Animals(M),IDP,Negative
Q3UVD5,Animals(M),IDP,Negative
Q3UVG3,Animals(M),IDP,Negative
Q3UVK0,Animals(M),IDP,Negative
Q3UVR3,Animals(M),IDP,Negative
Q3UVV9,Animals(M),IDP,Negative
Q3UVY1,Animals(M),IDP,Negative
Q3UVY5,Animals(M),IDP,Negative
Q3UW43,Animals(M),IDP,Negative
Q3UWQ3,Animals(M),non-IDP,Negative
Q3UWR2,Animals(M),non-IDP,Negative
Q3UWS6,Animals(M),IDP,Negative
Q3UWW6,Animals(M),IDP,Negative
Q3UWY1,Animals(M),non-IDP,Negative
Q3UX43,Animals(M),IDP,Negative
Q3UX83,Animals(M),IDP,Negative
Q3UY96,Animals(M),IDP,Negative
Q3UYG8,Animals(M),IDP,Negative
Q3UYI6,Animals(M),non-IDP,Negative
Q3UYK3,Animals(M),IDP,Negative
Q3UYR4,Animals(M),IDP,Negative
Q3UYV8,Animals(M),IDP,Negative
Q3UZ18,Animals(M),IDP,Negative
Q3UZ57,Animals(M),IDP,Negative
Q3UZB0,Animals(M),IDP,Negative
Q3UZD5,Animals(M),IDP,Negative
Q3UZP0,Animals(M),IDP,Negative
Q3UZV7,Animals(M),IDP,Negative
Q3UZZ4,Animals(M),IDP,Negative
Q3V036,Animals(M),IDP,Negative
Q3V079,Animals(M),IDP,Negative
Q3V096,Animals(M),IDP,Negative
Q3V0A6,Animals(M),IDP,Negative
Q3V0B4,Animals(M),IDP,Negative
Q3V0C1,Animals(M),IDP,Negative
Q3V0E1,Animals(M),IDP,Negative
Q3V0G7,Animals(M),IDP,Negative
Q3V0J1,Animals(M),IDP,Negative
Q3V0J4,Animals(M),IDP,Negative
Q3V0L5,Animals(M),IDP,Negative
Q3V0M2,Animals(M),IDP,Negative
Q3V0P1,Animals(M),IDP,Negative
Q3V0X1,Animals(M),IDP,Negative
Q3V129,Animals(M),IDP,Negative
Q3V1D5,Animals(M),IDP,Negative
Q3V1I0,Animals(M),non-IDP,Negative
Q3V2A7,Animals(M),IDP,Negative
Q3V2D2,Animals(M),IDP,Negative
Q3V2J0,Animals(M),IDP,Negative
Q3V2K1,Animals(M),IDP,Negative
Q3V384,Animals(M),non-IDP,Negative
Q3V3A7,Animals(M),IDP,Negative
Q3V3F6,Animals(M),IDP,Negative
Q3V3K7,Animals(M),IDP,Negative
Q3V3Q4,Animals(M),IDP,Negative
Q3V3V9,Animals(M),IDP,Negative
Q3V4B5,Animals(M),non-IDP,Negative
Q3V4Q4,Viruses,IDP,Negative
Q3V4Q6,Viruses,IDP,Negative
Q3V4R2,Viruses,IDP,Negative
Q3V4R9,Viruses,IDP,Negative
Q3V4U7,Viruses,IDP,Negative
Q3V4U8,Viruses,non-IDP,Negative
Q3V4V4,Viruses,IDP,Negative
Q3V4Y3,Plants,non-IDP,Negative
Q3Y452,Animals(M),IDP,Negative
Q3Y4E1,Animals(M),IDP,Negative
Q3Y8L7,Plants,IDP,Negative
Q3YC04,Animals(M),IDP,Negative
Q3ZBC0,Animals(M),non-IDP,Negative
Q3ZBC2,Animals(M),non-IDP,Negative
Q3ZBD2,Animals(M),non-IDP,Negative
Q3ZBE0,Animals(M),IDP,Negative
Q3ZBE1,Animals(M),IDP,Negative
Q3ZBE5,Animals(M),IDP,Negative
Q3ZBE6,Animals(M),non-IDP,Negative
Q3ZBF3,Animals(M),IDP,Negative
Q3ZBG4,Animals(M),IDP,Negative
Q3ZBG6,Animals(M),IDP,Negative
Q3ZBH3,Animals(M),IDP,Negative
Q3ZBI3,Animals(M),non-IDP,Negative
Q3ZBK3,Animals(M),non-IDP,Negative
Q3ZBL4,Animals(M),IDP,Negative
Q3ZBM4,Animals(M),IDP,Negative
Q3ZBM7,Animals(M),IDP,Negative
Q3ZBN4,Animals(M),IDP,Negative
Q3ZBN6,Animals(M),non-IDP,Negative
Q3ZBP2,Animals(M),non-IDP,Negative
Q3ZBQ4,Animals(M),non-IDP,Negative
Q3ZBR1,Animals(M),IDP,Negative
Q3ZBR5,Animals(M),IDP,Negative
Q3ZBR6,Animals(M),IDP,Negative
Q3ZBS1,Animals(M),IDP,Negative
Q3ZBS9,Animals(M),IDP,Negative
Q3ZBT2,Animals(M),IDP,Negative
Q3ZBT6,Animals(M),IDP,Negative
Q3ZBU3,Animals(M),IDP,Negative
Q3ZBV4,Animals(M),IDP,Negative
Q3ZBX1,Animals(M),IDP,Negative
Q3ZBY0,Animals(M),non-IDP,Negative
Q3ZC08,Animals(M),non-IDP,Negative
Q3ZC21,Animals(M),non-IDP,Negative
Q3ZC22,Animals(M),IDP,Negative
Q3ZC23,Animals(M),non-IDP,Negative
Q3ZC24,Animals(M),non-IDP,Negative
Q3ZC25,Animals(M),IDP,Negative
Q3ZC33,Animals(M),non-IDP,Negative
Q3ZC61,Animals(M),IDP,Negative
Q3ZC66,Animals(M),IDP,Negative
Q3ZC71,Animals(M),non-IDP,Negative
Q3ZC78,Animals(M),IDP,Negative
Q3ZCA1,Animals(M),IDP,Negative
Q3ZCB6,Animals(M),IDP,Negative
Q3ZCC4,Animals(M),IDP,Negative
Q3ZCC5,Animals(M),IDP,Negative
Q3ZCE0,Animals(M),non-IDP,Negative
Q3ZCF6,Animals(M),non-IDP,Negative
Q3ZCG8,Animals(M),IDP,Negative
Q3ZCK3,Animals(M),non-IDP,Negative
Q3ZCK5,Animals(M),IDP,Negative
Q3ZCK8,Animals(M),non-IDP,Negative
Q3ZCV2,Animals(M),IDP,Negative
Q3ZFI3,Viruses,non-IDP,Negative
Q3ZLR7,Animals(M),IDP,Negative
Q3ZM63,Animals(M),IDP,Negative
Q3ZT31,Animals(M),IDP,Negative
Q3ZU82,Animals(M),IDP,Negative
Q402B2,Animals(M),IDP,Negative
Q40357,Plants,IDP,Negative
Q41001,Plants,IDP,Negative
Q41364,Plants,IDP,Negative
Q41387,Plants,IDP,Negative
Q41495,Plants,IDP,Negative
Q42670,Plants,IDP,Negative
Q43072,Plants,IDP,Negative
Q43135,Plants,IDP,Negative
Q43246,Plants,non-IDP,Negative
Q43564,Plants,IDP,Negative
Q44009,Prokaryotes,IDP,Negative
Q44018,Prokaryotes,non-IDP,Negative
Q44664,Prokaryotes,non-IDP,Negative
Q44907,Prokaryotes,non-IDP,Negative
Q45058,Prokaryotes,non-IDP,Negative
Q45061,Prokaryotes,non-IDP,Negative
Q45881,Prokaryotes,IDP,Negative
Q45975,Prokaryotes,non-IDP,Negative
Q45977,Prokaryotes,IDP,Negative
Q46106,Prokaryotes,non-IDP,Negative
Q46205,Prokaryotes,IDP,Negative
Q46845,Prokaryotes,IDP,Negative
Q47KG0,Prokaryotes,non-IDP,Negative
Q47XI4,Prokaryotes,IDP,Negative
Q48459,Prokaryotes,non-IDP,Negative
Q48509,Prokaryotes,non-IDP,Negative
Q494R0,Animals(M),IDP,Negative
Q495Z4,Animals(M),IDP,Negative
Q49616,Prokaryotes,non-IDP,Negative
Q496M5,Animals(M),IDP,Negative
Q497L8,Animals(M),IDP,Negative
Q497L9,Animals(M),IDP,Negative
Q497N6,Animals(M),IDP,Negative
Q497P3,Animals(M),IDP,Negative
Q497V6,Animals(M),IDP,Negative
Q498R1,Animals(M),IDP,Negative
Q498W5,Animals(NM),IDP,Negative
Q499A3,Animals(NM),IDP,Negative
Q499M5,Animals(M),non-IDP,Negative
Q499M7,Animals(M),IDP,Negative
Q499Q5,Animals(M),IDP,Negative
Q499R0,Animals(M),IDP,Negative
Q499T2,Animals(M),non-IDP,Negative
Q49BZ4,Animals(M),IDP,Negative
Q49KI5,Animals(M),IDP,Negative
Q49LS3,Animals(M),IDP,Negative
Q49LS8,Animals(NM),IDP,Negative
Q4FJU9,Animals(M),IDP,Negative
Q4FRP5,Prokaryotes,non-IDP,Negative
Q4FZ76,Animals(NM),IDP,Negative
Q4FZC9,Animals(M),IDP,Negative
Q4FZG8,Animals(M),IDP,Negative
Q4FZR5,Animals(M),IDP,Negative
Q4FZU4,Animals(M),IDP,Negative
Q4G078,Animals(M),IDP,Negative
Q4G0G2,Animals(M),IDP,Negative
Q4G0M1,Animals(M),IDP,Negative
Q4G0S4,Animals(M),IDP,Negative
Q4G0S7,Animals(M),non-IDP,Negative
Q4G0U5,Animals(M),IDP,Negative
Q4G0Z9,Animals(M),non-IDP,Negative
Q4G3R0,Fungi,IDP,Negative
Q4HWB3,Fungi,IDP,Negative
Q4I5V3,Fungi,IDP,Negative
Q4I5Z5,Fungi,IDP,Negative
Q4I665,Fungi,IDP,Negative
Q4I963,Fungi,non-IDP,Negative
Q4IQT8,Fungi,IDP,Negative
Q4IRI9,Fungi,IDP,Negative
Q4JF29,Animals(M),IDP,Negative
Q4JIJ3,Animals(M),IDP,Negative
Q4KL91,Animals(NM),IDP,Negative
Q4KLG9,Animals(M),IDP,Negative
Q4KLH3,Animals(M),IDP,Negative
Q4KLL9,Animals(M),IDP,Negative
Q4KLM6,Animals(M),IDP,Negative
Q4KLT0,Animals(NM),IDP,Negative
Q4KLY6,Animals(M),IDP,Negative
Q4KUS1,Animals(M),IDP,Negative
Q4KWH5,Animals(M),IDP,Negative
Q4KWZ7,Animals(NM),IDP,Negative
Q4L7V3,Prokaryotes,non-IDP,Negative
Q4P0G6,Fungi,IDP,Negative
Q4P0N0,Fungi,IDP,Negative
Q4P0Y5,Fungi,IDP,Negative
Q4P101,Fungi,non-IDP,Negative
Q4P6R3,Fungi,IDP,Negative
Q4P821,Fungi,IDP,Negative
Q4PBP5,Fungi,IDP,Negative
Q4PDL5,Fungi,IDP,Negative
Q4PEP6,Fungi,IDP,Negative
Q4PH16,Fungi,IDP,Negative
Q4PI64,Fungi,IDP,Negative
Q4PS77,Animals(M),non-IDP,Negative
Q4QLV9,Prokaryotes,non-IDP,Negative
Q4QM46,Prokaryotes,non-IDP,Negative
Q4QQM5,Animals(M),IDP,Negative
Q4QQV1,Animals(M),IDP,Negative
Q4QR77,Animals(M),IDP,Negative
Q4QRB2,Animals(M),IDP,Negative
Q4QRL3,Animals(M),IDP,Negative
Q4QY64,Animals(M),IDP,Negative
Q4R0J7,Fungi,non-IDP,Negative
Q4R309,Animals(M),IDP,Negative
Q4R327,Animals(M),IDP,Negative
Q4R335,Animals(M),IDP,Negative
Q4R372,Animals(M),non-IDP,Negative
Q4R380,Animals(M),IDP,Negative
Q4R3A6,Animals(M),IDP,Negative
Q4R3C7,Animals(M),IDP,Negative
Q4R3I8,Animals(M),IDP,Negative
Q4R3K5,Animals(M),IDP,Negative
Q4R3N2,Animals(M),non-IDP,Negative
Q4R3U8,Animals(M),IDP,Negative
Q4R3W4,Animals(M),IDP,Negative
Q4R495,Animals(M),IDP,Negative
Q4R4D7,Animals(M),IDP,Negative
Q4R4P4,Animals(M),IDP,Negative
Q4R4S8,Animals(M),non-IDP,Negative
Q4R4U1,Animals(M),IDP,Negative
Q4R4Z3,Animals(M),non-IDP,Negative
Q4R4Z9,Animals(M),non-IDP,Negative
Q4R541,Animals(M),IDP,Negative
Q4R549,Animals(M),non-IDP,Negative
Q4R584,Animals(M),IDP,Negative
Q4R585,Animals(M),IDP,Negative
Q4R588,Animals(M),IDP,Negative
Q4R599,Animals(M),IDP,Negative
Q4R5A4,Animals(M),IDP,Negative
Q4R5D4,Animals(M),IDP,Negative
Q4R5U8,Animals(M),IDP,Negative
Q4R5V2,Animals(M),IDP,Negative
Q4R616,Animals(M),IDP,Negative
Q4R6B2,Animals(M),IDP,Negative
Q4R6C4,Animals(M),non-IDP,Negative
Q4R6D9,Animals(M),non-IDP,Negative
Q4R6E3,Animals(M),IDP,Negative
Q4R6F0,Animals(M),IDP,Negative
Q4R6F3,Animals(M),IDP,Negative
Q4R6I1,Animals(M),non-IDP,Negative
Q4R6M4,Animals(M),IDP,Negative
Q4R6T7,Animals(M),IDP,Negative
Q4R6W2,Animals(M),IDP,Negative
Q4R6X9,Animals(M),non-IDP,Negative
Q4R6Y5,Animals(M),IDP,Negative
Q4R6Y7,Animals(M),IDP,Negative
Q4R708,Animals(M),IDP,Negative
Q4R729,Animals(M),IDP,Negative
Q4R736,Animals(M),IDP,Negative
Q4R744,Animals(M),IDP,Negative
Q4R760,Animals(M),non-IDP,Negative
Q4R767,Animals(M),IDP,Negative
Q4R7B1,Animals(M),IDP,Negative
Q4R7B9,Animals(M),IDP,Negative
Q4R7D3,Animals(M),IDP,Negative
Q4R7G8,Animals(M),IDP,Negative
Q4R7K1,Animals(M),IDP,Negative
Q4R7M0,Animals(M),IDP,Negative
Q4R7M4,Animals(M),IDP,Negative
Q4R7N3,Animals(M),IDP,Negative
Q4R7R9,Animals(M),IDP,Negative
Q4R7U4,Animals(M),IDP,Negative
Q4R7Z5,Animals(M),IDP,Negative
Q4R7Z9,Animals(M),IDP,Negative
Q4R881,Animals(M),IDP,Negative
Q4R8E6,Animals(M),IDP,Negative
Q4R8G6,Animals(M),non-IDP,Negative
Q4R8N2,Animals(M),IDP,Negative
Q4R8R3,Animals(M),IDP,Negative
Q4R8S6,Animals(M),non-IDP,Negative
Q4R8W3,Animals(M),IDP,Negative
Q4R910,Animals(M),IDP,Negative
Q4R918,Animals(M),IDP,Negative
Q4R970,Animals(M),IDP,Negative
Q4R9E0,Animals(M),IDP,Negative
Q4R9E9,Animals(M),IDP,Negative
Q4UXR7,Prokaryotes,IDP,Negative
Q4V399,Plants,IDP,Negative
Q4V5R4,Animals(NM),IDP,Negative
Q4V7A5,Animals(M),IDP,Negative
Q4V7A6,Animals(M),IDP,Negative
Q4V7B0,Animals(M),IDP,Negative
Q4V7E1,Animals(M),IDP,Negative
Q4V7E8,Animals(M),IDP,Negative
Q4V7L5,Animals(NM),IDP,Negative
Q4V7P7,Animals(NM),IDP,Negative
Q4V7Q2,Animals(NM),IDP,Negative
Q4V887,Animals(M),IDP,Negative
Q4V890,Animals(M),IDP,Negative
Q4V893,Animals(M),IDP,Negative
Q4V899,Animals(M),IDP,Negative
Q4V8B3,Animals(M),non-IDP,Negative
Q4V8E5,Animals(M),non-IDP,Negative
Q4V8G2,Animals(M),IDP,Negative
Q4V8I3,Animals(M),IDP,Negative
Q4V8I4,Animals(M),IDP,Negative
Q4V8I5,Animals(M),IDP,Negative
Q4V8J4,Animals(M),IDP,Negative
Q4V8V1,Animals(NM),IDP,Negative
Q4V8X0,Animals(NM),IDP,Negative
Q4V8Y6,Animals(NM),IDP,Negative
Q4V9H5,Animals(M),IDP,Negative
Q4V9L6,Animals(M),IDP,Negative
Q4V9W2,Animals(M),IDP,Negative
Q4V9Y1,Animals(NM),IDP,Negative
Q4VA36,Animals(M),IDP,Negative
Q4VA61,Animals(M),IDP,Negative
Q4VA82,Animals(NM),IDP,Negative
Q4VAC9,Animals(M),IDP,Negative
Q4VBI7,Animals(NM),IDP,Negative
Q4VBJ9,Animals(NM),IDP,Negative
Q4VBT1,Animals(NM),IDP,Negative
Q4VC39,Animals(M),non-IDP,Negative
Q4VSI4,Animals(M),IDP,Negative
Q4VSN4,Animals(M),IDP,Negative
Q4W1X2,Fungi,IDP,Negative
Q4W5P6,Animals(M),IDP,Negative
Q4W5Z4,Animals(NM),IDP,Negative
Q4W9R0,Fungi,non-IDP,Negative
Q4WAZ3,Fungi,non-IDP,Negative
Q4WC31,Fungi,IDP,Negative
Q4WCV3,Fungi,IDP,Negative
Q4WEK0,Fungi,IDP,Negative
Q4WFS2,Fungi,IDP,Negative
Q4WFV6,Fungi,IDP,Negative
Q4WFX9,Fungi,IDP,Negative
Q4WHT9,Fungi,IDP,Negative
Q4WHY8,Fungi,IDP,Negative
Q4WK56,Fungi,IDP,Negative
Q4WMB6,Fungi,IDP,Negative
Q4WMF7,Fungi,IDP,Negative
Q4WMV5,Fungi,IDP,Negative
Q4WNS8,Fungi,IDP,Negative
Q4WP02,Fungi,IDP,Negative
Q4WP25,Fungi,IDP,Negative
Q4WP96,Fungi,IDP,Negative
Q4WPG0,Fungi,IDP,Negative
Q4WQI1,Fungi,IDP,Negative
Q4WQI6,Fungi,IDP,Negative
Q4WQL0,Fungi,non-IDP,Negative
Q4WQN1,Fungi,IDP,Negative
Q4WR75,Fungi,IDP,Negative
Q4WRP2,Fungi,IDP,Negative
Q4WUL0,Fungi,IDP,Negative
Q4WV30,Fungi,IDP,Negative
Q4WVT3,Fungi,IDP,Negative
Q4WVZ0,Fungi,non-IDP,Negative
Q4WYS1,Fungi,IDP,Negative
Q4X0N1,Fungi,IDP,Negative
Q4ZJZ0,Viruses,IDP,Negative
Q50047,Prokaryotes,non-IDP,Negative
Q501B2,Plants,IDP,Negative
Q501L1,Animals(NM),IDP,Negative
Q501P1,Animals(M),IDP,Negative
Q501X6,Animals(NM),IDP,Negative
Q501Z5,Animals(NM),non-IDP,Negative
Q502G2,Animals(NM),IDP,Negative
Q502H1,Animals(NM),non-IDP,Negative
Q502M6,Animals(NM),non-IDP,Negative
Q503D6,Animals(NM),IDP,Negative
Q503H1,Animals(NM),IDP,Negative
Q503M4,Animals(NM),IDP,Negative
Q503N9,Animals(NM),IDP,Negative
Q503Y7,Animals(NM),IDP,Negative
Q504A5,Animals(NM),IDP,Negative
Q504E7,Animals(NM),IDP,Negative
Q504J1,Animals(NM),IDP,Negative
Q504L7,Animals(M),IDP,Negative
Q504N2,Animals(M),IDP,Negative
Q504N7,Animals(M),IDP,Negative
Q504P2,Animals(M),IDP,Negative
Q505B7,Animals(M),IDP,Negative
Q505B8,Animals(M),IDP,Negative
Q505K2,Animals(M),IDP,Negative
Q50DL8,Animals(M),IDP,Negative
Q50DM6,Animals(M),IDP,Negative
Q50H32,Animals(M),IDP,Negative
Q50JE5,Animals(M),IDP,Negative
Q50LE4,Viruses,non-IDP,Negative
Q50LE6,Viruses,IDP,Negative
Q51479,Prokaryotes,non-IDP,Negative
Q51485,Prokaryotes,non-IDP,Negative
Q51487,Prokaryotes,IDP,Negative
Q51669,Prokaryotes,non-IDP,Negative
Q51845,Prokaryotes,IDP,Negative
Q51MB1,Fungi,IDP,Negative
Q52081,Prokaryotes,IDP,Negative
Q52282,Prokaryotes,IDP,Negative
Q52I78,Animals(M),non-IDP,Negative
Q52K82,Plants,IDP,Negative
Q52KG5,Animals(M),IDP,Negative
Q52KK3,Animals(M),IDP,Negative
Q52KS4,Animals(NM),IDP,Negative
Q52KV5,Animals(NM),IDP,Negative
Q52LC2,Animals(M),non-IDP,Negative
Q52LD8,Animals(M),IDP,Negative
Q52M58,Animals(M),IDP,Negative
Q52M75,Animals(M),IDP,Negative
Q52S86,Animals(M),IDP,Negative
Q52TG1,Plants,non-IDP,Negative
Q53B88,Animals(M),non-IDP,Negative
Q53E76,Animals(M),IDP,Negative
Q53EV4,Animals(M),IDP,Negative
Q53H64,Animals(M),IDP,Negative
Q53PN2,Plants,IDP,Negative
Q53S99,Animals(M),IDP,Negative
Q55282,Prokaryotes,IDP,Negative
Q562D6,Animals(M),IDP,Negative
Q566E5,Animals(M),IDP,Negative
Q566R3,Animals(M),IDP,Negative
Q566V0,Animals(NM),non-IDP,Negative
Q567G2,Animals(NM),IDP,Negative
Q567G6,Animals(NM),IDP,Negative
Q567X9,Animals(NM),IDP,Negative
Q568D2,Animals(NM),IDP,Negative
Q568K5,Animals(NM),non-IDP,Negative
Q568M3,Animals(NM),IDP,Negative
Q568N3,Animals(NM),IDP,Negative
Q568P1,Animals(NM),IDP,Negative
Q568T5,Animals(NM),IDP,Negative
Q568V3,Animals(NM),IDP,Negative
Q569C3,Animals(M),IDP,Negative
Q569C4,Animals(M),non-IDP,Negative
Q569E4,Animals(M),IDP,Negative
Q569G3,Animals(M),IDP,Negative
Q569M3,Animals(NM),IDP,Negative
Q569U0,Animals(NM),IDP,Negative
Q56A04,Animals(M),IDP,Negative
Q56A20,Animals(M),IDP,Negative
Q56A40,Animals(NM),IDP,Negative
Q56JX9,Animals(M),non-IDP,Negative
Q56JY4,Animals(M),IDP,Negative
Q56K12,Animals(M),IDP,Negative
Q56K14,Animals(M),IDP,Negative
Q56P42,Animals(M),non-IDP,Negative
Q56S59,Plants,non-IDP,Negative
Q56W64,Plants,non-IDP,Negative
Q56WD3,Plants,IDP,Negative
Q56X52,Plants,IDP,Negative
Q57066,Prokaryotes,IDP,Negative
Q570B4,Plants,IDP,Negative
Q570Y9,Animals(M),IDP,Negative
Q571B6,Animals(M),IDP,Negative
Q571E5,Animals(M),IDP,Negative
Q571F5,Animals(M),IDP,Negative
Q571I4,Animals(M),IDP,Negative
Q57527,Prokaryotes,non-IDP,Negative
Q575S8,Animals(NM),IDP,Negative
Q57825,Prokaryotes,non-IDP,Negative
Q57891,Prokaryotes,non-IDP,Negative
Q58319,Prokaryotes,non-IDP,Negative
Q58665,Prokaryotes,non-IDP,Negative
Q58CN7,Animals(M),IDP,Negative
Q58CU3,Animals(M),IDP,Negative
Q58CV6,Animals(M),non-IDP,Negative
Q58CY8,Animals(M),non-IDP,Negative
Q58CZ2,Animals(M),IDP,Negative
Q58D00,Animals(M),non-IDP,Negative
Q58D13,Animals(M),IDP,Negative
Q58D45,Animals(M),IDP,Negative
Q58D49,Animals(M),IDP,Negative
Q58D91,Animals(M),non-IDP,Negative
Q58DA1,Animals(M),IDP,Negative
Q58DC2,Animals(M),IDP,Negative
Q58DC7,Animals(M),non-IDP,Negative
Q58DF3,Animals(M),IDP,Negative
Q58DF9,Animals(M),IDP,Negative
Q58DG1,Animals(M),IDP,Negative
Q58DG6,Animals(M),IDP,Negative
Q58DH1,Animals(M),IDP,Negative
Q58DJ0,Animals(M),IDP,Negative
Q58DK7,Animals(M),IDP,Negative
Q58DM4,Animals(M),IDP,Negative
Q58DM8,Animals(M),non-IDP,Negative
Q58DN7,Animals(M),IDP,Negative
Q58DR0,Animals(M),IDP,Negative
Q58DS4,Animals(M),IDP,Negative
Q58DT3,Animals(M),IDP,Negative
Q58DT5,Animals(M),IDP,Negative
Q58DV5,Animals(M),IDP,Negative
Q58DW2,Animals(M),IDP,Negative
Q58ED9,Animals(NM),IDP,Negative
Q58EK4,Animals(NM),IDP,Negative
Q58F82,Animals(M),non-IDP,Negative
Q58GE8,Animals(NM),IDP,Negative
Q58NQ5,Animals(NM),IDP,Negative
Q58Y74,Animals(M),IDP,Negative
Q58Y75,Animals(M),IDP,Negative
Q59013,Prokaryotes,non-IDP,Negative
Q592E4,Animals(NM),IDP,Negative
Q59452,Prokaryotes,IDP,Negative
Q59990,Prokaryotes,IDP,Negative
Q599T9,Animals(M),non-IDP,Negative
Q59A28,Animals(M),non-IDP,Negative
Q59I63,Animals(NM),IDP,Negative
Q59KL6,Fungi,IDP,Negative
Q59KZ1,Fungi,IDP,Negative
Q59LC9,Fungi,IDP,Negative
Q59N80,Fungi,non-IDP,Negative
Q59P44,Fungi,IDP,Negative
Q59P87,Fungi,IDP,Negative
Q59PE4,Fungi,IDP,Negative
Q59PV6,Fungi,IDP,Negative
Q59Q38,Fungi,IDP,Negative
Q59QA5,Fungi,IDP,Negative
Q59S63,Fungi,IDP,Negative
Q59SG9,Fungi,IDP,Negative
Q59TD3,Fungi,IDP,Negative
Q59VG6,Fungi,non-IDP,Negative
Q59WC6,Fungi,IDP,Negative
Q59WH0,Fungi,IDP,Negative
Q59X49,Fungi,IDP,Negative
Q59XM0,Fungi,IDP,Negative
Q59XP0,Fungi,IDP,Negative
Q59XX2,Fungi,IDP,Negative
Q59XY9,Fungi,IDP,Negative
Q59Y41,Fungi,IDP,Negative
Q59YF0,Fungi,IDP,Negative
Q5A220,Fungi,IDP,Negative
Q5A3Z5,Fungi,IDP,Negative
Q5A3Z6,Fungi,IDP,Negative
Q5A446,Fungi,IDP,Negative
Q5A4J4,Fungi,IDP,Negative
Q5A599,Fungi,IDP,Negative
Q5A5M7,Fungi,IDP,Negative
Q5A5P7,Fungi,IDP,Negative
Q5A6M0,Fungi,IDP,Negative
Q5A6N8,Fungi,IDP,Negative
Q5A7R7,Fungi,IDP,Negative
Q5A8I8,Fungi,IDP,Negative
Q5AA33,Fungi,IDP,Negative
Q5AAJ8,Fungi,IDP,Negative
Q5ABE2,Fungi,IDP,Negative
Q5ABE5,Fungi,non-IDP,Negative
Q5ABZ2,Fungi,IDP,Negative
Q5ACV9,Fungi,IDP,Negative
Q5AEK8,Fungi,IDP,Negative
Q5AF39,Fungi,non-IDP,Negative
Q5AF41,Fungi,IDP,Negative
Q5AFC2,Fungi,non-IDP,Negative
Q5AFI4,Fungi,IDP,Negative
Q5AFX2,Fungi,IDP,Negative
Q5AG46,Fungi,IDP,Negative
Q5AG56,Fungi,IDP,Negative
Q5AGV7,Fungi,IDP,Negative
Q5AI48,Fungi,IDP,Negative
Q5AJ85,Fungi,IDP,Negative
Q5AKZ2,Fungi,IDP,Negative
Q5AL13,Fungi,IDP,Negative
Q5ALP1,Fungi,IDP,Negative
Q5AMF7,Fungi,IDP,Negative
Q5ANE3,Fungi,IDP,Negative
Q5ANI6,Fungi,IDP,Negative
Q5ASP0,Fungi,IDP,Negative
Q5ASR2,Fungi,IDP,Negative
Q5ATG5,Fungi,non-IDP,Negative
Q5AUW8,Fungi,non-IDP,Negative
Q5AUY2,Fungi,IDP,Negative
Q5AUZ7,Fungi,IDP,Negative
Q5AVK6,Fungi,IDP,Negative
Q5AYI7,Fungi,IDP,Negative
Q5AZC8,Fungi,IDP,Negative
Q5B288,Fungi,IDP,Negative
Q5B5W2,Fungi,IDP,Negative
Q5B8X6,Fungi,IDP,Negative
Q5BA88,Fungi,IDP,Negative
Q5BA93,Fungi,IDP,Negative
Q5BFM4,Fungi,IDP,Negative
Q5BGU9,Fungi,IDP,Negative
Q5BIM1,Animals(M),non-IDP,Negative
Q5BIM2,Animals(M),IDP,Negative
Q5BIM8,Animals(M),IDP,Negative
Q5BIM9,Animals(M),non-IDP,Negative
Q5BIN4,Animals(M),IDP,Negative
Q5BIP2,Animals(M),IDP,Negative
Q5BIR6,Animals(M),IDP,Negative
Q5BIS6,Animals(M),IDP,Negative
Q5BIV4,Plants,non-IDP,Negative
Q5BJ29,Animals(M),IDP,Negative
Q5BJN5,Animals(M),IDP,Negative
Q5BJQ0,Animals(M),IDP,Negative
Q5BJT1,Animals(M),IDP,Negative
Q5BJW9,Animals(M),IDP,Negative
Q5BJY3,Animals(M),IDP,Negative
Q5BK24,Animals(M),IDP,Negative
Q5BK38,Animals(M),IDP,Negative
Q5BK49,Animals(M),IDP,Negative
Q5BKY6,Animals(M),IDP,Negative
Q5BLX8,Animals(M),non-IDP,Negative
Q5BN45,Animals(M),IDP,Negative
Q5BU09,Animals(M),IDP,Negative
Q5BX25,Animals(NM),IDP,Negative
Q5CZN0,Animals(NM),IDP,Negative
Q5CZQ0,Animals(NM),IDP,Negative
Q5CZR5,Animals(NM),non-IDP,Negative
Q5CZV0,Animals(NM),IDP,Negative
Q5D016,Animals(NM),IDP,Negative
Q5D891,Animals(M),IDP,Negative
Q5DD96,Animals(NM),non-IDP,Negative
Q5DID3,Animals(M),IDP,Negative
Q5DP50,Animals(M),IDP,Negative
Q5DRQ5,Animals(M),IDP,Negative
Q5DRQ8,Animals(M),IDP,Negative
Q5DTH5,Animals(M),IDP,Negative
Q5DTI6,Animals(M),IDP,Negative
Q5DTK1,Animals(M),IDP,Negative
Q5DTT4,Animals(M),IDP,Negative
Q5DTV4,Animals(M),IDP,Negative
Q5DTW2,Animals(M),IDP,Negative
Q5DTZ0,Animals(M),IDP,Negative
Q5DTZ6,Animals(M),IDP,Negative
Q5DU00,Animals(M),IDP,Negative
Q5DU14,Animals(M),IDP,Negative
Q5DU56,Animals(M),IDP,Negative
Q5E943,Animals(M),IDP,Negative
Q5E948,Animals(M),IDP,Negative
Q5E953,Animals(M),non-IDP,Negative
Q5E982,Animals(M),non-IDP,Negative
Q5E9A6,Animals(M),non-IDP,Negative
Q5E9A9,Animals(M),IDP,Negative
Q5E9B4,Animals(M),IDP,Negative
Q5E9C0,Animals(M),IDP,Negative
Q5E9C4,Animals(M),non-IDP,Negative
Q5E9C8,Animals(M),IDP,Negative
Q5E9D6,Animals(M),non-IDP,Negative
Q5E9E4,Animals(M),non-IDP,Negative
Q5E9E7,Animals(M),IDP,Negative
Q5E9E8,Animals(M),IDP,Negative
Q5E9G1,Animals(M),IDP,Negative
Q5E9G6,Animals(M),IDP,Negative
Q5E9H0,Animals(M),non-IDP,Negative
Q5E9H9,Animals(M),non-IDP,Negative
Q5E9J2,Animals(M),IDP,Negative
Q5E9J4,Animals(M),non-IDP,Negative
Q5E9J5,Animals(M),IDP,Negative
Q5E9J7,Animals(M),IDP,Negative
Q5E9K2,Animals(M),IDP,Negative
Q5E9K3,Animals(M),non-IDP,Negative
Q5E9K8,Animals(M),IDP,Negative
Q5E9N4,Animals(M),IDP,Negative
Q5E9N5,Animals(M),IDP,Negative
Q5E9P1,Animals(M),IDP,Negative
Q5E9P6,Animals(M),IDP,Negative
Q5E9R2,Animals(M),IDP,Negative
Q5E9R6,Animals(M),IDP,Negative
Q5E9S8,Animals(M),non-IDP,Negative
Q5E9T4,Animals(M),non-IDP,Negative
Q5E9T8,Animals(M),non-IDP,Negative
Q5E9U0,Animals(M),IDP,Negative
Q5E9U3,Animals(M),IDP,Negative
Q5E9U9,Animals(M),non-IDP,Negative
Q5E9V3,Animals(M),IDP,Negative
Q5E9V4,Animals(M),IDP,Negative
Q5E9V5,Animals(M),non-IDP,Negative
Q5E9V6,Animals(M),non-IDP,Negative
Q5E9W5,Animals(M),IDP,Negative
Q5E9X1,Animals(M),IDP,Negative
Q5E9X5,Animals(M),non-IDP,Negative
Q5E9X7,Animals(M),IDP,Negative
Q5E9X8,Animals(M),IDP,Negative
Q5E9Y2,Animals(M),IDP,Negative
Q5E9Y5,Animals(M),IDP,Negative
Q5E9Z7,Animals(M),IDP,Negative
Q5E9Z9,Animals(M),IDP,Negative
Q5EA01,Animals(M),IDP,Negative
Q5EA10,Animals(M),IDP,Negative
Q5EA11,Animals(M),IDP,Negative
Q5EA15,Animals(M),IDP,Negative
Q5EA18,Animals(M),IDP,Negative
Q5EA20,Animals(M),non-IDP,Negative
Q5EA33,Animals(M),IDP,Negative
Q5EA37,Animals(M),IDP,Negative
Q5EA46,Animals(M),non-IDP,Negative
Q5EA48,Animals(M),IDP,Negative
Q5EA71,Animals(M),IDP,Negative
Q5EA76,Animals(M),IDP,Negative
Q5EA77,Animals(M),IDP,Negative
Q5EA80,Animals(M),IDP,Negative
Q5EA84,Animals(M),IDP,Negative
Q5EA95,Animals(M),IDP,Negative
Q5EA97,Animals(M),IDP,Negative
Q5EAB0,Animals(M),IDP,Negative
Q5EAB4,Animals(M),non-IDP,Negative
Q5EAB6,Animals(M),IDP,Negative
Q5EAC2,Animals(M),non-IDP,Negative
Q5EAD4,Animals(M),IDP,Negative
Q5EAD5,Animals(M),IDP,Negative
Q5EAD8,Animals(M),non-IDP,Negative
Q5EAE0,Animals(M),non-IDP,Negative
Q5EAE5,Animals(M),non-IDP,Negative
Q5EAR5,Animals(NM),IDP,Negative
Q5EB14,Animals(NM),non-IDP,Negative
Q5EB59,Animals(M),IDP,Negative
Q5EBA3,Animals(M),IDP,Negative
Q5EBG8,Animals(M),IDP,Negative
Q5EBM0,Animals(M),non-IDP,Negative
Q5EBP3,Animals(M),IDP,Negative
Q5EDC3,Animals(M),non-IDP,Negative
Q5EXX3,Animals(M),IDP,Negative
Q5F259,Animals(M),IDP,Negative
Q5F297,Animals(M),IDP,Negative
Q5F2C3,Animals(M),IDP,Negative
Q5F2F2,Animals(M),IDP,Negative
Q5F336,Animals(NM),non-IDP,Negative
Q5F339,Animals(NM),IDP,Negative
Q5F359,Animals(NM),non-IDP,Negative
Q5F378,Animals(NM),IDP,Negative
Q5F383,Animals(NM),IDP,Negative
Q5F389,Animals(NM),IDP,Negative
Q5F3L4,Animals(NM),IDP,Negative
Q5F3N9,Animals(NM),IDP,Negative
Q5F3S2,Animals(NM),non-IDP,Negative
Q5F448,Animals(NM),non-IDP,Negative
Q5F477,Animals(NM),non-IDP,Negative
Q5F478,Animals(NM),IDP,Negative
Q5F4B1,Animals(NM),non-IDP,Negative
Q5FVJ8,Animals(M),non-IDP,Negative
Q5FVK8,Animals(M),IDP,Negative
Q5FVM5,Animals(M),IDP,Negative
Q5FVP8,Animals(M),IDP,Negative
Q5FVR2,Animals(M),IDP,Negative
Q5FW56,Animals(M),IDP,Negative
Q5FWC3,Animals(M),non-IDP,Negative
Q5FWH6,Animals(M),IDP,Negative
Q5FWH7,Animals(M),IDP,Negative
Q5FWI3,Animals(M),IDP,Negative
Q5FWU5,Animals(M),IDP,Negative
Q5G235,Animals(M),non-IDP,Negative
Q5G270,Animals(M),IDP,Negative
Q5GAM9,Animals(M),IDP,Negative
Q5GAN4,Animals(M),non-IDP,Negative
Q5GAN6,Animals(M),IDP,Negative
Q5GH70,Animals(M),non-IDP,Negative
Q5GH76,Animals(M),IDP,Negative
Q5GH77,Animals(M),IDP,Negative
Q5H7P5,Plants,IDP,Negative
Q5H9E4,Animals(M),IDP,Negative
Q5H9J7,Animals(M),IDP,Negative
Q5HY64,Animals(M),IDP,Negative
Q5HYW2,Animals(M),IDP,Negative
Q5HZG4,Animals(M),IDP,Negative
Q5HZG9,Animals(M),IDP,Negative
Q5HZH2,Animals(M),IDP,Negative
Q5HZJ5,Animals(M),IDP,Negative
Q5HZP1,Animals(NM),IDP,Negative
Q5HZP7,Animals(NM),IDP,Negative
Q5HZT0,Animals(NM),IDP,Negative
Q5HZW5,Animals(M),IDP,Negative
Q5HZW7,Animals(M),IDP,Negative
Q5I047,Animals(NM),IDP,Negative
Q5I0B9,Animals(NM),IDP,Negative
Q5I0G3,Animals(M),IDP,Negative
Q5I0J9,Animals(M),non-IDP,Negative
Q5I0M0,Animals(M),IDP,Negative
Q5I127,Viruses,non-IDP,Negative
Q5I1X5,Animals(M),IDP,Negative
Q5I597,Animals(M),IDP,Negative
Q5IAA6,Animals(M),non-IDP,Negative
Q5IR70,Animals(M),IDP,Negative
Q5IS35,Animals(M),non-IDP,Negative
Q5IS79,Animals(M),IDP,Negative
Q5ISE2,Animals(M),IDP,Negative
Q5J2D6,Animals(M),IDP,Negative
Q5J3K9,Animals(M),non-IDP,Negative
Q5JNJ5,Plants,IDP,Negative
Q5JPF3,Animals(M),IDP,Negative
Q5JQF7,Animals(M),IDP,Negative
Q5JRK9,Animals(M),IDP,Negative
Q5JT82,Animals(M),IDP,Negative
Q5JU00,Animals(M),IDP,Negative
Q5JVX7,Animals(M),IDP,Negative
Q5JXA9,Animals(M),IDP,Negative
Q5JYT7,Animals(M),IDP,Negative
Q5JZQ7,Animals(M),IDP,Negative
Q5JZQ8,Animals(M),IDP,Negative
Q5K130,Animals(M),IDP,Negative
Q5K6N0,Animals(M),IDP,Negative
Q5KC16,Fungi,IDP,Negative
Q5KQH7,Plants,IDP,Negative
Q5L5F4,Prokaryotes,non-IDP,Negative
Q5LY79,Prokaryotes,IDP,Negative
Q5M4V4,Prokaryotes,non-IDP,Negative
Q5M7C8,Animals(NM),IDP,Negative
Q5M7E1,Animals(NM),IDP,Negative
Q5M7Q1,Animals(NM),IDP,Negative
Q5M7R9,Animals(NM),IDP,Negative
Q5M7T4,Animals(M),IDP,Negative
Q5M7T9,Animals(M),non-IDP,Negative
Q5M827,Animals(M),IDP,Negative
Q5M864,Animals(M),IDP,Negative
Q5M871,Animals(M),IDP,Negative
Q5M876,Animals(M),non-IDP,Negative
Q5M887,Animals(M),non-IDP,Negative
Q5M8G6,Animals(NM),IDP,Negative
Q5M8J5,Animals(NM),non-IDP,Negative
Q5M8M9,Animals(M),IDP,Negative
Q5M8U1,Animals(NM),IDP,Negative
Q5M8Z2,Animals(NM),IDP,Negative
Q5M934,Animals(M),non-IDP,Negative
Q5M936,Animals(M),IDP,Negative
Q5M939,Animals(M),non-IDP,Negative
Q5M948,Animals(M),IDP,Negative
Q5M954,Animals(M),IDP,Negative
Q5M9B1,Animals(NM),IDP,Negative
Q5M9B3,Animals(NM),non-IDP,Negative
Q5M9G6,Animals(M),IDP,Negative
Q5M9H0,Animals(M),IDP,Negative
Q5MAE6,Viruses,IDP,Negative
Q5MD62,Animals(M),IDP,Negative
Q5MJ12,Animals(M),IDP,Negative
Q5MJS3,Animals(M),IDP,Negative
Q5MNU5,Animals(M),IDP,Negative
Q5MQL3,Animals(NM),IDP,Negative
Q5N806,Plants,IDP,Negative
Q5NBN9,Plants,IDP,Negative
Q5NBY9,Animals(M),IDP,Negative
Q5NC83,Animals(M),IDP,Negative
Q5NCP0,Animals(M),IDP,Negative
Q5NCY3,Animals(M),non-IDP,Negative
Q5ND04,Animals(M),IDP,Negative
Q5ND28,Animals(M),IDP,Negative
Q5ND29,Animals(M),IDP,Negative
Q5ND34,Animals(M),IDP,Negative
Q5NE16,Animals(M),IDP,Negative
Q5NKT8,Animals(M),IDP,Negative
Q5NRP8,Animals(M),IDP,Negative
Q5NUL3,Animals(M),IDP,Negative
Q5NVI6,Animals(M),IDP,Negative
Q5NVM3,Animals(M),IDP,Negative
Q5NVR0,Animals(M),IDP,Negative
Q5PPN7,Animals(M),IDP,Negative
Q5PPV3,Animals(NM),IDP,Negative
Q5PQ59,Animals(NM),non-IDP,Negative
Q5PQ63,Animals(NM),non-IDP,Negative
Q5PQN2,Animals(M),IDP,Negative
Q5PQP0,Animals(M),IDP,Negative
Q5PQP5,Animals(M),IDP,Negative
Q5PQQ7,Animals(M),IDP,Negative
Q5PQR3,Animals(M),IDP,Negative
Q5PQR6,Animals(M),IDP,Negative
Q5PQS0,Animals(M),IDP,Negative
Q5PQS7,Animals(M),IDP,Negative
Q5PQV5,Animals(M),IDP,Negative
Q5PR69,Animals(M),IDP,Negative
Q5PRE5,Animals(M),IDP,Negative
Q5PT53,Animals(M),non-IDP,Negative
Q5PZ43,Animals(NM),IDP,Negative
Q5QD12,Animals(M),non-IDP,Negative
Q5QGU6,Animals(M),IDP,Negative
Q5QLR5,Plants,IDP,Negative
Q5QM84,Plants,IDP,Negative
Q5QNQ6,Animals(M),IDP,Negative
Q5QR91,Animals(M),IDP,Negative
Q5QVD9,Prokaryotes,IDP,Negative
Q5R231,Animals(NM),IDP,Negative
Q5R2I8,Animals(NM),IDP,Negative
Q5R328,Animals(NM),IDP,Negative
Q5R491,Animals(M),IDP,Negative
Q5R4A0,Animals(M),IDP,Negative
Q5R4B0,Animals(M),IDP,Negative
Q5R4B7,Animals(M),IDP,Negative
Q5R4C9,Animals(M),IDP,Negative
Q5R4D2,Animals(M),non-IDP,Negative
Q5R4G0,Animals(M),non-IDP,Negative
Q5R4H0,Animals(M),non-IDP,Negative
Q5R4M7,Animals(M),non-IDP,Negative
Q5R4N7,Animals(M),IDP,Negative
Q5R4Q3,Animals(M),IDP,Negative
Q5R4Q7,Animals(M),IDP,Negative
Q5R4S0,Animals(M),IDP,Negative
Q5R4T3,Animals(M),IDP,Negative
Q5R4Z3,Animals(M),non-IDP,Negative
Q5R543,Animals(M),IDP,Negative
Q5R562,Animals(M),IDP,Negative
Q5R573,Animals(M),IDP,Negative
Q5R585,Animals(M),IDP,Negative
Q5R598,Animals(M),IDP,Negative
Q5R5B8,Animals(M),IDP,Negative
Q5R5G4,Animals(M),IDP,Negative
Q5R5H4,Animals(M),IDP,Negative
Q5R5L3,Animals(M),IDP,Negative
Q5R5M1,Animals(M),IDP,Negative
Q5R5X4,Animals(M),IDP,Negative
Q5R638,Animals(M),IDP,Negative
Q5R660,Animals(M),IDP,Negative
Q5R662,Animals(M),IDP,Negative
Q5R6A9,Animals(M),IDP,Negative
Q5R6B4,Animals(M),IDP,Negative
Q5R6C7,Animals(M),IDP,Negative
Q5R6D6,Animals(M),IDP,Negative
Q5R6H1,Animals(M),IDP,Negative
Q5R6I4,Animals(M),non-IDP,Negative
Q5R6J8,Animals(M),non-IDP,Negative
Q5R6M8,Animals(M),IDP,Negative
Q5R6R3,Animals(M),IDP,Negative
Q5R760,Animals(M),IDP,Negative
Q5R770,Animals(M),IDP,Negative
Q5R789,Animals(M),IDP,Negative
Q5R7B1,Animals(M),IDP,Negative
Q5R7D0,Animals(M),non-IDP,Negative
Q5R7G6,Animals(M),non-IDP,Negative
Q5R7I3,Animals(M),IDP,Negative
Q5R7L8,Animals(M),IDP,Negative
Q5R7M3,Animals(M),IDP,Negative
Q5R7N4,Animals(M),IDP,Negative
Q5R7R7,Animals(M),IDP,Negative
Q5R7T5,Animals(M),non-IDP,Negative
Q5R7T9,Animals(M),IDP,Negative
Q5R7X9,Animals(M),non-IDP,Negative
Q5R803,Animals(M),IDP,Negative
Q5R831,Animals(M),IDP,Negative
Q5R834,Animals(M),non-IDP,Negative
Q5R878,Animals(M),IDP,Negative
Q5R890,Animals(M),non-IDP,Negative
Q5R8C7,Animals(M),IDP,Negative
Q5R8D4,Animals(M),IDP,Negative
Q5R8D5,Animals(M),IDP,Negative
Q5R8D6,Animals(M),IDP,Negative
Q5R8D9,Animals(M),IDP,Negative
Q5R8N8,Animals(M),IDP,Negative
Q5R8Q5,Animals(M),IDP,Negative
Q5R8R4,Animals(M),IDP,Negative
Q5R8V9,Animals(M),IDP,Negative
Q5R8W8,Animals(M),IDP,Negative
Q5R8Y4,Animals(M),IDP,Negative
Q5R8Z6,Animals(M),IDP,Negative
Q5R962,Animals(M),non-IDP,Negative
Q5R987,Animals(M),non-IDP,Negative
Q5R9A1,Animals(M),IDP,Negative
Q5R9A4,Animals(M),IDP,Negative
Q5R9A7,Animals(M),IDP,Negative
Q5R9C2,Animals(M),IDP,Negative
Q5R9C9,Animals(M),IDP,Negative
Q5R9P4,Animals(M),IDP,Negative
Q5R9Q6,Animals(M),IDP,Negative
Q5R9T2,Animals(M),IDP,Negative
Q5R9U9,Animals(M),non-IDP,Negative
Q5R9W1,Animals(M),IDP,Negative
Q5R9W2,Animals(M),IDP,Negative
Q5R9W8,Animals(M),non-IDP,Negative
Q5R9X9,Animals(M),IDP,Negative
Q5RA22,Animals(M),IDP,Negative
Q5RA25,Animals(M),IDP,Negative
Q5RA30,Animals(M),non-IDP,Negative
Q5RA50,Animals(M),IDP,Negative
Q5RAA9,Animals(M),non-IDP,Negative
Q5RAC8,Animals(M),IDP,Negative
Q5RAD5,Animals(M),IDP,Negative
Q5RAF0,Animals(M),non-IDP,Negative
Q5RAF8,Animals(M),IDP,Negative
Q5RAJ7,Animals(M),IDP,Negative
Q5RAK3,Animals(M),IDP,Negative
Q5RAK7,Animals(M),non-IDP,Negative
Q5RAL4,Animals(M),IDP,Negative
Q5RAQ2,Animals(M),IDP,Negative
Q5RAQ5,Animals(M),IDP,Negative
Q5RAV3,Animals(M),IDP,Negative
Q5RAV9,Animals(M),non-IDP,Negative
Q5RB09,Animals(M),IDP,Negative
Q5RB16,Animals(M),IDP,Negative
Q5RB36,Animals(M),non-IDP,Negative
Q5RB40,Animals(M),IDP,Negative
Q5RB63,Animals(M),IDP,Negative
Q5RB98,Animals(M),IDP,Negative
Q5RBB5,Animals(M),IDP,Negative
Q5RBD6,Animals(M),IDP,Negative
Q5RBE4,Animals(M),IDP,Negative
Q5RBH2,Animals(M),IDP,Negative
Q5RBH3,Animals(M),IDP,Negative
Q5RBM3,Animals(M),IDP,Negative
Q5RBN9,Animals(M),IDP,Negative
Q5RBQ2,Animals(M),IDP,Negative
Q5RBQ9,Animals(M),IDP,Negative
Q5RBR3,Animals(M),IDP,Negative
Q5RBR6,Animals(M),IDP,Negative
Q5RBS1,Animals(M),IDP,Negative
Q5RBS4,Animals(M),IDP,Negative
Q5RBU1,Animals(M),non-IDP,Negative
Q5RBU2,Animals(M),non-IDP,Negative
Q5RBU3,Animals(M),non-IDP,Negative
Q5RBW3,Animals(M),IDP,Negative
Q5RBY5,Animals(M),IDP,Negative
Q5RBZ6,Animals(M),IDP,Negative
Q5RBZ8,Animals(M),IDP,Negative
Q5RC05,Animals(M),IDP,Negative
Q5RC06,Animals(M),IDP,Negative
Q5RC32,Animals(M),IDP,Negative
Q5RC62,Animals(M),non-IDP,Negative
Q5RC98,Animals(M),IDP,Negative
Q5RCB7,Animals(M),IDP,Negative
Q5RCF3,Animals(M),non-IDP,Negative
Q5RCG1,Animals(M),IDP,Negative
Q5RCM6,Animals(M),IDP,Negative
Q5RCM7,Animals(M),IDP,Negative
Q5RCN7,Animals(M),IDP,Negative
Q5RCP1,Animals(M),IDP,Negative
Q5RCR9,Animals(M),non-IDP,Negative
Q5RCY5,Animals(M),IDP,Negative
Q5RD08,Animals(M),IDP,Negative
Q5RD18,Animals(M),IDP,Negative
Q5RD32,Animals(M),IDP,Negative
Q5RD56,Animals(M),IDP,Negative
Q5RD78,Animals(M),IDP,Negative
Q5RDC1,Animals(M),IDP,Negative
Q5RDG2,Animals(M),IDP,Negative
Q5RDG3,Animals(M),IDP,Negative
Q5RDG7,Animals(M),IDP,Negative
Q5RDI0,Animals(M),IDP,Negative
Q5RDL6,Animals(M),IDP,Negative
Q5RDN3,Animals(M),IDP,Negative
Q5RDQ2,Animals(M),IDP,Negative
Q5RDQ4,Animals(M),IDP,Negative
Q5RDQ6,Animals(M),IDP,Negative
Q5RDS2,Animals(M),IDP,Negative
Q5RDW1,Animals(M),IDP,Negative
Q5RDW3,Animals(M),IDP,Negative
Q5RDW9,Animals(M),IDP,Negative
Q5RDX3,Animals(M),IDP,Negative
Q5RE08,Animals(M),IDP,Negative
Q5RE10,Animals(M),IDP,Negative
Q5RE28,Animals(M),IDP,Negative
Q5RE34,Animals(M),IDP,Negative
Q5RE48,Animals(M),IDP,Negative
Q5RE49,Animals(M),IDP,Negative
Q5RE50,Animals(M),IDP,Negative
Q5RE52,Animals(M),IDP,Negative
Q5RE63,Animals(M),IDP,Negative
Q5RE70,Animals(M),IDP,Negative
Q5REB4,Animals(M),IDP,Negative
Q5REF9,Animals(M),IDP,Negative
Q5REH6,Animals(M),non-IDP,Negative
Q5REI5,Animals(M),IDP,Negative
Q5REJ0,Animals(M),non-IDP,Negative
Q5REK7,Animals(M),non-IDP,Negative
Q5REK8,Animals(M),IDP,Negative
Q5REL0,Animals(M),IDP,Negative
Q5REP3,Animals(M),IDP,Negative
Q5REP4,Animals(M),IDP,Negative
Q5RET5,Animals(M),IDP,Negative
Q5RET9,Animals(M),IDP,Negative
Q5REV5,Animals(M),non-IDP,Negative
Q5REW9,Animals(M),IDP,Negative
Q5REY4,Animals(M),non-IDP,Negative
Q5REY7,Animals(M),IDP,Negative
Q5REZ5,Animals(M),non-IDP,Negative
Q5RF14,Animals(M),non-IDP,Negative
Q5RF58,Animals(M),IDP,Negative
Q5RF96,Animals(M),IDP,Negative
Q5RF97,Animals(M),IDP,Negative
Q5RFF0,Animals(M),IDP,Negative
Q5RFF7,Animals(M),non-IDP,Negative
Q5RFG8,Animals(M),non-IDP,Negative
Q5RFJ8,Animals(M),IDP,Negative
Q5RFL3,Animals(M),IDP,Negative
Q5RFM4,Animals(M),non-IDP,Negative
Q5RFN3,Animals(M),IDP,Negative
Q5RFN4,Animals(M),IDP,Negative
Q5RFQ4,Animals(M),IDP,Negative
Q5RFR2,Animals(M),IDP,Negative
Q5RFV4,Animals(NM),non-IDP,Negative
Q5RG49,Animals(NM),IDP,Negative
Q5RGT6,Animals(NM),IDP,Negative
Q5RH73,Animals(NM),IDP,Negative
Q5RH95,Animals(NM),IDP,Negative
Q5RHX6,Animals(NM),IDP,Negative
Q5RID7,Animals(NM),IDP,Negative
Q5RIV4,Animals(NM),IDP,Negative
Q5RIV7,Animals(NM),IDP,Negative
Q5RJG7,Animals(M),IDP,Negative
Q5RJI4,Animals(M),IDP,Negative
Q5RJL2,Animals(M),IDP,Negative
Q5RJR4,Animals(M),IDP,Negative
Q5RKG2,Animals(M),IDP,Negative
Q5RKG3,Animals(M),IDP,Negative
Q5RKI7,Animals(M),IDP,Negative
Q5RKR3,Animals(M),IDP,Negative
Q5RKZ7,Animals(M),IDP,Negative
Q5RL51,Animals(M),IDP,Negative
Q5S003,Animals(M),IDP,Negative
Q5S1U6,Animals(M),IDP,Negative
Q5S1V9,Animals(M),IDP,Negative
Q5S7W5,Animals(NM),non-IDP,Negative
Q5SCB5,Plants,IDP,Negative
Q5SDL7,Animals(NM),non-IDP,Negative
Q5SII2,Prokaryotes,non-IDP,Negative
Q5SP85,Animals(M),IDP,Negative
Q5SPC5,Animals(NM),IDP,Negative
Q5SPH9,Animals(NM),IDP,Negative
Q5SPJ8,Animals(NM),non-IDP,Negative
Q5SPL2,Animals(M),IDP,Negative
Q5SPV6,Animals(M),IDP,Negative
Q5SPW0,Animals(M),IDP,Negative
Q5SPX1,Animals(M),IDP,Negative
Q5SPX3,Animals(M),IDP,Negative
Q5SQS7,Animals(M),IDP,Negative
Q5SR53,Animals(M),IDP,Negative
Q5SRT8,Animals(M),non-IDP,Negative
Q5SS00,Animals(M),IDP,Negative
Q5SSG4,Animals(M),IDP,Negative
Q5SSG8,Animals(M),IDP,Negative
Q5SSH7,Animals(M),IDP,Negative
Q5SSH8,Animals(M),IDP,Negative
Q5SSN7,Animals(M),IDP,Negative
Q5SSZ7,Animals(M),IDP,Negative
Q5STR5,Animals(M),IDP,Negative
Q5SUS0,Animals(M),IDP,Negative
Q5SUV2,Animals(M),IDP,Negative
Q5SV17,Animals(M),IDP,Negative
Q5SV77,Animals(M),IDP,Negative
Q5SV80,Animals(M),non-IDP,Negative
Q5SVD0,Animals(M),IDP,Negative
Q5SW75,Animals(M),IDP,Negative
Q5SWA1,Animals(M),IDP,Negative
Q5SWH9,Animals(M),IDP,Negative
Q5SWK7,Animals(M),IDP,Negative
Q5SWY7,Animals(M),IDP,Negative
Q5SX79,Animals(M),IDP,Negative
Q5SY13,Animals(M),IDP,Negative
Q5SY85,Animals(M),IDP,Negative
Q5SYH2,Animals(M),IDP,Negative
Q5SYL3,Animals(M),IDP,Negative
Q5SZV5,Animals(M),IDP,Negative
Q5T035,Animals(M),IDP,Negative
Q5T1A1,Animals(M),IDP,Negative
Q5T1S8,Animals(M),IDP,Negative
Q5T230,Animals(M),IDP,Negative
Q5T292,Animals(M),IDP,Negative
Q5T5F5,Animals(M),IDP,Negative
Q5T601,Animals(M),IDP,Negative
Q5T6M2,Animals(M),IDP,Negative
Q5T7N8,Animals(M),IDP,Negative
Q5T7P2,Animals(M),IDP,Negative
Q5T7P6,Animals(M),IDP,Negative
Q5T8R8,Animals(M),IDP,Negative
Q5TA79,Animals(M),IDP,Negative
Q5TAA0,Animals(M),non-IDP,Negative
Q5TBE3,Animals(M),IDP,Negative
Q5TC04,Animals(M),IDP,Negative
Q5TCS8,Animals(M),IDP,Negative
Q5TD94,Animals(M),IDP,Negative
Q5TEZ4,Animals(M),IDP,Negative
Q5TG53,Animals(M),IDP,Negative
Q5TI25,Animals(M),IDP,Negative
Q5TID7,Animals(M),IDP,Negative
Q5TIS6,Animals(M),IDP,Negative
Q5TJE2,Animals(M),IDP,Negative
Q5TJE4,Animals(M),IDP,Negative
Q5TJE8,Animals(M),IDP,Negative
Q5TM19,Animals(M),IDP,Negative
Q5TM20,Animals(M),non-IDP,Negative
Q5TM52,Animals(M),IDP,Negative
Q5TYM7,Animals(NM),IDP,Negative
Q5TYV0,Animals(NM),IDP,Negative
Q5TZ07,Animals(NM),IDP,Negative
Q5TZJ5,Animals(M),IDP,Negative
Q5U117,Animals(NM),IDP,Negative
Q5U1W2,Animals(M),IDP,Negative
Q5U1W5,Animals(M),IDP,Negative
Q5U1Y9,Animals(M),IDP,Negative
Q5U239,Animals(NM),IDP,Negative
Q5U2M7,Animals(M),IDP,Negative
Q5U2T8,Animals(M),IDP,Negative
Q5U2U0,Animals(M),IDP,Negative
Q5U2V9,Animals(M),IDP,Negative
Q5U2X5,Animals(M),IDP,Negative
Q5U2X7,Animals(M),IDP,Negative
Q5U2Z7,Animals(M),IDP,Negative
Q5U312,Animals(M),IDP,Negative
Q5U367,Animals(M),non-IDP,Negative
Q5U3F8,Animals(NM),IDP,Negative
Q5U3G1,Animals(NM),IDP,Negative
Q5U3I2,Animals(NM),IDP,Negative
Q5U3V7,Animals(NM),IDP,Negative
Q5U3V9,Animals(NM),IDP,Negative
Q5U3Y9,Animals(M),IDP,Negative
Q5U405,Animals(M),IDP,Negative
Q5U430,Animals(M),IDP,Negative
Q5U431,Animals(M),IDP,Negative
Q5U462,Animals(M),IDP,Negative
Q5U465,Animals(M),IDP,Negative
Q5U4N7,Animals(M),IDP,Negative
Q5U4Q9,Animals(NM),IDP,Negative
Q5U4T9,Animals(NM),IDP,Negative
Q5U4X7,Animals(NM),IDP,Negative
Q5U5A3,Animals(NM),IDP,Negative
Q5U5Q9,Animals(M),IDP,Negative
Q5U777,Animals(M),IDP,Negative
Q5U901,Animals(M),non-IDP,Negative
Q5UAW9,Animals(M),IDP,Negative
Q5UBV8,Animals(M),IDP,Negative
Q5UEM8,Animals(M),IDP,Negative
Q5UG13,Plants,IDP,Negative
Q5UNU8,Viruses,IDP,Negative
Q5UNW3,Viruses,IDP,Negative
Q5UP52,Viruses,IDP,Negative
Q5UP53,Viruses,IDP,Negative
Q5UP55,Viruses,IDP,Negative
Q5UP57,Viruses,IDP,Negative
Q5UP70,Viruses,IDP,Negative
Q5UPC2,Viruses,non-IDP,Negative
Q5UPC9,Viruses,non-IDP,Negative
Q5UPE5,Viruses,IDP,Negative
Q5UPL2,Viruses,IDP,Negative
Q5UPQ1,Viruses,IDP,Negative
Q5UPT4,Viruses,IDP,Negative
Q5UPT6,Viruses,non-IDP,Negative
Q5UPV8,Viruses,non-IDP,Negative
Q5UPX2,Viruses,IDP,Negative
Q5UPX4,Viruses,IDP,Negative
Q5UPY3,Viruses,IDP,Negative
Q5UPZ7,Viruses,non-IDP,Negative
Q5UQ13,Viruses,IDP,Negative
Q5UQ20,Viruses,IDP,Negative
Q5UQ24,Viruses,IDP,Negative
Q5UQ46,Viruses,IDP,Negative
Q5UQ74,Viruses,IDP,Negative
Q5UQ83,Viruses,IDP,Negative
Q5UQ87,Viruses,IDP,Negative
Q5UQA4,Viruses,IDP,Negative
Q5UQI4,Viruses,IDP,Negative
Q5UQM8,Viruses,non-IDP,Negative
Q5UQN8,Viruses,non-IDP,Negative
Q5UQQ0,Viruses,IDP,Negative
Q5UQT2,Viruses,IDP,Negative
Q5UQV6,Viruses,IDP,Negative
Q5UQW1,Viruses,non-IDP,Negative
Q5UQW6,Viruses,IDP,Negative
Q5UQZ0,Viruses,non-IDP,Negative
Q5UR10,Viruses,IDP,Negative
Q5UR27,Viruses,non-IDP,Negative
Q5UR29,Viruses,IDP,Negative
Q5UR34,Viruses,IDP,Negative
Q5UR73,Viruses,non-IDP,Negative
Q5URA7,Viruses,IDP,Negative
Q5UW37,Animals(M),IDP,Negative
Q5UZ24,Prokaryotes,IDP,Negative
Q5VJ70,Animals(M),IDP,Negative
Q5VQY3,Plants,IDP,Negative
Q5VRH4,Plants,IDP,Negative
Q5VRY0,Plants,IDP,Negative
Q5VSD8,Animals(M),IDP,Negative
Q5VSE6,Animals(NM),IDP,Negative
Q5VT28,Animals(M),IDP,Negative
Q5VTH9,Animals(M),IDP,Negative
Q5VTJ3,Animals(M),IDP,Negative
Q5VUE5,Animals(M),IDP,Negative
Q5VUJ9,Animals(M),IDP,Negative
Q5VVS0,Animals(M),IDP,Negative
Q5VXM1,Animals(M),IDP,Negative
Q5VYJ5,Animals(M),IDP,Negative
Q5VYV0,Animals(M),IDP,Negative
Q5VYX0,Animals(M),non-IDP,Negative
Q5VYY2,Animals(M),non-IDP,Negative
Q5VZ19,Animals(M),non-IDP,Negative
Q5W0B7,Animals(M),IDP,Negative
Q5W0N0,Animals(M),IDP,Negative
Q5W150,Animals(M),IDP,Negative
Q5W186,Animals(M),non-IDP,Negative
Q5W7F1,Animals(NM),IDP,Negative
Q5W7P8,Animals(M),IDP,Negative
Q5W9T5,Animals(NM),IDP,Negative
Q5WRU0,Animals(NM),IDP,Negative
Q5XET5,Plants,IDP,Negative
Q5XF07,Plants,IDP,Negative
Q5XFR0,Animals(M),IDP,Negative
Q5XG58,Animals(NM),IDP,Negative
Q5XG69,Animals(M),IDP,Negative
Q5XGC9,Animals(NM),IDP,Negative
Q5XGE0,Animals(NM),IDP,Negative
Q5XGM3,Animals(NM),IDP,Negative
Q5XGS4,Animals(NM),IDP,Negative
Q5XGT8,Animals(NM),IDP,Negative
Q5XHG6,Animals(NM),non-IDP,Negative
Q5XHM7,Animals(NM),IDP,Negative
Q5XHX2,Animals(M),IDP,Negative
Q5XHY3,Animals(M),IDP,Negative
Q5XHY7,Animals(M),IDP,Negative
Q5XHZ6,Animals(M),IDP,Negative
Q5XI02,Animals(M),IDP,Negative
Q5XI28,Animals(M),IDP,Negative
Q5XI52,Animals(M),IDP,Negative
Q5XI65,Animals(M),IDP,Negative
Q5XI68,Animals(M),IDP,Negative
Q5XI70,Animals(M),IDP,Negative
Q5XIA0,Animals(M),IDP,Negative
Q5XIC2,Animals(M),IDP,Negative
Q5XIC8,Animals(M),IDP,Negative
Q5XIJ6,Animals(M),IDP,Negative
Q5XIJ8,Animals(M),IDP,Negative
Q5XIL8,Animals(M),IDP,Negative
Q5XIN3,Animals(M),IDP,Negative
Q5XIP4,Animals(M),IDP,Negative
Q5XIS7,Animals(M),IDP,Negative
Q5XIU1,Animals(M),non-IDP,Negative
Q5XIU2,Animals(M),IDP,Negative
Q5XIU7,Animals(M),IDP,Negative
Q5XIV2,Animals(M),IDP,Negative
Q5XIX8,Animals(NM),IDP,Negative
Q5XIY2,Animals(NM),IDP,Negative
Q5XJP1,Animals(NM),IDP,Negative
Q5XJW2,Animals(M),IDP,Negative
Q5XKA6,Animals(NM),IDP,Negative
Q5XKR4,Animals(M),IDP,Negative
Q5XLA6,Animals(M),non-IDP,Negative
Q5XNR9,Animals(M),IDP,Negative
Q5XNS0,Animals(M),IDP,Negative
Q5XPK0,Plants,IDP,Negative
Q5XTS1,Animals(M),IDP,Negative
Q5XXR2,Animals(M),IDP,Negative
Q5Y4N8,Animals(M),IDP,Negative
Q5Y5T1,Animals(M),IDP,Negative
Q5YCC5,Animals(NM),IDP,Negative
Q5YCU7,Animals(M),IDP,Negative
Q5Z807,Plants,IDP,Negative
Q5ZC83,Plants,IDP,Negative
Q5ZHN3,Animals(NM),IDP,Negative
Q5ZHV7,Animals(NM),non-IDP,Negative
Q5ZHX6,Animals(NM),IDP,Negative
Q5ZI03,Animals(NM),IDP,Negative
Q5ZI16,Animals(NM),IDP,Negative
Q5ZI20,Animals(NM),IDP,Negative
Q5ZI22,Animals(NM),IDP,Negative
Q5ZI69,Animals(NM),IDP,Negative
Q5ZI82,Animals(NM),non-IDP,Negative
Q5ZIA0,Animals(NM),IDP,Negative
Q5ZID2,Animals(NM),IDP,Negative
Q5ZIF5,Animals(NM),non-IDP,Negative
Q5ZIH0,Animals(NM),non-IDP,Negative
Q5ZIH2,Animals(NM),IDP,Negative
Q5ZIJ8,Animals(NM),IDP,Negative
Q5ZIK6,Animals(NM),IDP,Negative
Q5ZIP2,Animals(NM),non-IDP,Negative
Q5ZIP6,Animals(NM),IDP,Negative
Q5ZIS0,Animals(NM),IDP,Negative
Q5ZIS9,Animals(NM),IDP,Negative
Q5ZIZ4,Animals(NM),IDP,Negative
Q5ZJ37,Animals(NM),non-IDP,Negative
Q5ZJ73,Animals(NM),non-IDP,Negative
Q5ZJ75,Animals(NM),IDP,Negative
Q5ZJ87,Animals(NM),IDP,Negative
Q5ZJ97,Animals(NM),IDP,Negative
Q5ZJA4,Animals(NM),IDP,Negative
Q5ZJD7,Animals(NM),IDP,Negative
Q5ZJL7,Animals(NM),IDP,Negative
Q5ZJQ3,Animals(NM),non-IDP,Negative
Q5ZJQ7,Animals(NM),IDP,Negative
Q5ZJQ8,Animals(NM),IDP,Negative
Q5ZJS0,Animals(NM),IDP,Negative
Q5ZJS6,Animals(NM),IDP,Negative
Q5ZJT1,Animals(NM),IDP,Negative
Q5ZJV4,Animals(NM),IDP,Negative
Q5ZJV7,Animals(NM),IDP,Negative
Q5ZJX5,Animals(NM),IDP,Negative
Q5ZK28,Animals(NM),IDP,Negative
Q5ZK43,Animals(NM),IDP,Negative
Q5ZK95,Animals(NM),IDP,Negative
Q5ZKB6,Animals(NM),non-IDP,Negative
Q5ZKD1,Animals(NM),IDP,Negative
Q5ZKJ5,Animals(NM),non-IDP,Negative
Q5ZKL7,Animals(NM),IDP,Negative
Q5ZKR7,Animals(NM),IDP,Negative
Q5ZKS6,Animals(NM),IDP,Negative
Q5ZKT9,Animals(NM),IDP,Negative
Q5ZKU0,Animals(NM),IDP,Negative
Q5ZKV9,Animals(NM),IDP,Negative
Q5ZKW0,Animals(NM),IDP,Negative
Q5ZKZ9,Animals(NM),IDP,Negative
Q5ZL36,Animals(NM),IDP,Negative
Q5ZL38,Animals(NM),IDP,Negative
Q5ZL74,Animals(NM),IDP,Negative
Q5ZLC6,Animals(NM),IDP,Negative
Q5ZLH0,Animals(NM),non-IDP,Negative
Q5ZLH9,Animals(NM),IDP,Negative
Q5ZLJ4,Animals(NM),non-IDP,Negative
Q5ZLL6,Animals(NM),non-IDP,Negative
Q5ZLN7,Animals(NM),IDP,Negative
Q5ZLX4,Animals(NM),IDP,Negative
Q5ZM20,Animals(NM),non-IDP,Negative
Q5ZM71,Animals(NM),IDP,Negative
Q5ZM86,Animals(NM),IDP,Negative
Q5ZMH6,Animals(NM),IDP,Negative
Q5ZML7,Animals(NM),IDP,Negative
Q5ZMP3,Animals(NM),IDP,Negative
Q5ZMQ0,Animals(NM),IDP,Negative
Q5ZMS2,Animals(NM),IDP,Negative
Q60282,Prokaryotes,non-IDP,Negative
Q60296,Prokaryotes,non-IDP,Negative
Q60401,Animals(M),IDP,Negative
Q60441,Animals(M),non-IDP,Negative
Q60467,Animals(M),IDP,Negative
Q60485,Animals(M),IDP,Negative
Q60513,Animals(M),IDP,Negative
Q60519,Animals(M),IDP,Negative
Q60528,Animals(M),IDP,Negative
Q60538,Animals(M),IDP,Negative
Q60544,Animals(M),IDP,Negative
Q60549,Animals(M),IDP,Negative
Q60591,Animals(M),IDP,Negative
Q60595,Animals(M),IDP,Negative
Q60603,Animals(M),IDP,Negative
Q60636,Animals(M),IDP,Negative
Q60648,Animals(M),non-IDP,Negative
Q60660,Animals(M),IDP,Negative
Q60677,Animals(M),IDP,Negative
Q60688,Animals(M),IDP,Negative
Q60754,Animals(M),IDP,Negative
Q60755,Animals(M),IDP,Negative
Q60764,Animals(M),IDP,Negative
Q60767,Animals(M),IDP,Negative
Q60819,Animals(M),IDP,Negative
Q60837,Animals(M),IDP,Negative
Q60846,Animals(M),IDP,Negative
Q60850,Animals(M),IDP,Negative
Q60974,Animals(M),IDP,Negative
Q60976,Animals(M),IDP,Negative
Q60997,Animals(M),IDP,Negative
Q60DN5,Plants,IDP,Negative
Q60GF7,Animals(M),non-IDP,Negative
Q60HC5,Animals(M),IDP,Negative
Q60HE5,Animals(M),IDP,Negative
Q60I18,Animals(M),IDP,Negative
Q60RS2,Animals(NM),IDP,Negative
Q60SZ2,Animals(NM),IDP,Negative
Q61003,Animals(M),IDP,Negative
Q61006,Animals(M),IDP,Negative
Q61010,Animals(M),IDP,Negative
Q61060,Animals(M),IDP,Negative
Q61084,Animals(M),IDP,Negative
Q61087,Animals(M),IDP,Negative
Q61092,Animals(M),IDP,Negative
Q61098,Animals(M),non-IDP,Negative
Q61115,Animals(M),IDP,Negative
Q61121,Animals(M),non-IDP,Negative
Q61179,Animals(M),IDP,Negative
Q61190,Animals(M),IDP,Negative
Q61220,Animals(M),non-IDP,Negative
Q61239,Animals(M),IDP,Negative
Q61321,Animals(M),IDP,Negative
Q61333,Animals(M),IDP,Negative
Q61345,Animals(M),IDP,Negative
Q61382,Animals(M),IDP,Negative
Q61398,Animals(M),IDP,Negative
Q61412,Animals(M),IDP,Negative
Q61468,Animals(M),non-IDP,Negative
Q61470,Animals(M),IDP,Negative
Q61476,Animals(M),IDP,Negative
Q61477,Animals(M),IDP,Negative
Q61521,Animals(M),IDP,Negative
Q61542,Animals(M),IDP,Negative
Q61572,Animals(M),IDP,Negative
Q61574,Animals(M),IDP,Negative
Q61575,Animals(M),IDP,Negative
Q61578,Animals(M),IDP,Negative
Q61645,Animals(M),IDP,Negative
Q61647,Animals(M),non-IDP,Negative
Q61660,Animals(M),IDP,Negative
Q61711,Animals(M),IDP,Negative
Q61727,Animals(M),IDP,Negative
Q61738,Animals(M),IDP,Negative
Q61817,Animals(M),IDP,Negative
Q61818,Animals(M),IDP,Negative
Q61826,Animals(M),IDP,Negative
Q61830,Animals(M),IDP,Negative
Q61858,Animals(M),IDP,Negative
Q61900,Animals(M),IDP,Negative
Q61JK7,Animals(NM),non-IDP,Negative
Q61RF0,Animals(NM),IDP,Negative
Q62011,Animals(M),IDP,Negative
Q62130,Animals(M),IDP,Negative
Q62132,Animals(M),IDP,Negative
Q62210,Animals(M),IDP,Negative
Q62225,Animals(M),IDP,Negative
Q62233,Animals(M),IDP,Negative
Q62234,Animals(M),IDP,Negative
Q62273,Animals(M),IDP,Negative
Q62288,Animals(M),IDP,Negative
Q62302,Animals(M),non-IDP,Negative
Q62314,Animals(M),IDP,Negative
Q62361,Animals(M),IDP,Negative
Q62394,Animals(M),IDP,Negative
Q62414,Animals(M),IDP,Negative
Q62422,Animals(M),IDP,Negative
Q62431,Animals(M),IDP,Negative
Q62481,Animals(M),IDP,Negative
Q62559,Animals(M),non-IDP,Negative
Q62599,Animals(M),IDP,Negative
Q62640,Animals(M),IDP,Negative
Q62671,Animals(M),IDP,Negative
Q626F4,Animals(NM),IDP,Negative
Q62720,Animals(M),IDP,Negative
Q62726,Animals(M),IDP,Negative
Q62733,Animals(M),IDP,Negative
Q62736,Animals(M),IDP,Negative
Q62739,Animals(M),IDP,Negative
Q62764,Animals(M),IDP,Negative
Q62782,Animals(M),IDP,Negative
Q62796,Animals(M),IDP,Negative
Q62840,Animals(M),IDP,Negative
Q62875,Animals(M),IDP,Negative
Q62894,Animals(M),IDP,Negative
Q62901,Animals(M),IDP,Negative
Q62921,Animals(M),IDP,Negative
Q62947,Animals(M),IDP,Negative
Q62949,Animals(M),IDP,Negative
Q62969,Animals(M),non-IDP,Negative
Q62J40,Prokaryotes,non-IDP,Negative
Q63003,Animals(M),IDP,Negative
Q63035,Animals(M),IDP,Negative
Q63064,Animals(M),IDP,Negative
Q63148,Animals(M),IDP,Negative
Q63262,Animals(M),IDP,Negative
Q63369,Animals(M),IDP,Negative
Q63410,Animals(M),IDP,Negative
Q63504,Animals(M),IDP,Negative
Q63505,Animals(M),IDP,Negative
Q63524,Animals(M),non-IDP,Negative
Q63562,Animals(M),IDP,Negative
Q63572,Animals(M),IDP,Negative
Q63623,Animals(M),IDP,Negative
Q63624,Animals(M),IDP,Negative
Q63625,Animals(M),IDP,Negative
Q63630,Animals(M),IDP,Negative
Q63661,Animals(M),IDP,Negative
Q63755,Animals(M),IDP,Negative
Q63801,Animals(M),IDP,Negative
Q63802,Animals(M),IDP,Negative
Q63870,Animals(M),IDP,Negative
Q64096,Animals(M),IDP,Negative
Q640B5,Animals(NM),IDP,Negative
Q640J6,Animals(NM),non-IDP,Negative
Q640N1,Animals(M),IDP,Negative
Q640N2,Animals(M),IDP,Negative
Q64124,Animals(M),IDP,Negative
Q64163,Animals(M),IDP,Negative
Q64181,Animals(M),IDP,Negative
Q641K1,Animals(M),IDP,Negative
Q641W3,Animals(M),IDP,Negative
Q641X6,Animals(M),IDP,Negative
Q641Z1,Animals(M),IDP,Negative
Q641Z8,Animals(M),IDP,Negative
Q64221,Animals(M),IDP,Negative
Q64230,Animals(M),IDP,Negative
Q64253,Animals(M),non-IDP,Negative
Q64256,Animals(M),IDP,Negative
Q64267,Animals(M),IDP,Negative
Q64280,Animals(M),IDP,Negative
Q64298,Animals(M),IDP,Negative
Q642B3,Animals(M),IDP,Negative
Q642H2,Animals(NM),IDP,Negative
Q642M9,Animals(NM),non-IDP,Negative
Q64305,Animals(M),IDP,Negative
Q64317,Animals(M),IDP,Negative
Q64322,Animals(M),IDP,Negative
Q64323,Animals(M),IDP,Negative
Q64339,Animals(M),non-IDP,Negative
Q64343,Animals(M),non-IDP,Negative
Q64347,Animals(M),IDP,Negative
Q64356,Animals(M),IDP,Negative
Q64361,Animals(M),non-IDP,Negative
Q64385,Animals(M),IDP,Negative
Q64387,Animals(M),IDP,Negative
Q64393,Animals(M),non-IDP,Negative
Q64455,Animals(M),IDP,Negative
Q64519,Animals(M),IDP,Negative
Q64559,Animals(M),IDP,Negative
Q64562,Animals(M),IDP,Negative
Q645M6,Animals(M),IDP,Negative
Q64612,Animals(M),IDP,Negative
Q64649,Animals(M),IDP,Negative
Q64676,Animals(M),IDP,Negative
Q64697,Animals(M),IDP,Negative
Q64705,Animals(M),IDP,Negative
Q64766,Viruses,IDP,Negative
Q64FG0,Animals(M),IDP,Negative
Q64GA5,Animals(M),IDP,Negative
Q64HC7,Animals(NM),IDP,Negative
Q64L89,Animals(M),non-IDP,Negative
Q652N5,Plants,IDP,Negative
Q653H7,Plants,IDP,Negative
Q653T6,Plants,IDP,Negative
Q65477,Viruses,IDP,Negative
Q655X0,Plants,IDP,Negative
Q658I5,Plants,IDP,Negative
Q658K8,Animals(M),IDP,Negative
Q658N2,Animals(M),IDP,Negative
Q65UP2,Prokaryotes,non-IDP,Negative
Q66676,Viruses,IDP,Negative
Q66H02,Animals(M),IDP,Negative
Q66H03,Animals(M),IDP,Negative
Q66H04,Animals(M),IDP,Negative
Q66H17,Animals(M),IDP,Negative
Q66H24,Animals(M),IDP,Negative
Q66H34,Animals(M),IDP,Negative
Q66H43,Animals(M),IDP,Negative
Q66H78,Animals(M),IDP,Negative
Q66H88,Animals(M),IDP,Negative
Q66H98,Animals(M),IDP,Negative
Q66HD3,Animals(M),IDP,Negative
Q66HD8,Animals(M),IDP,Negative
Q66HY7,Animals(NM),IDP,Negative
Q66I06,Animals(NM),IDP,Negative
Q66I68,Animals(NM),non-IDP,Negative
Q66I71,Animals(NM),IDP,Negative
Q66II5,Animals(NM),IDP,Negative
Q66IJ0,Animals(NM),IDP,Negative
Q66IQ1,Animals(NM),IDP,Negative
Q66J44,Animals(NM),non-IDP,Negative
Q66J85,Animals(NM),IDP,Negative
Q66J99,Animals(NM),non-IDP,Negative
Q66JA6,Animals(NM),IDP,Negative
Q66JQ7,Animals(M),IDP,Negative
Q66JT5,Animals(M),IDP,Negative
Q66JT7,Animals(M),IDP,Negative
Q66JY2,Animals(M),IDP,Negative
Q66JY6,Animals(M),non-IDP,Negative
Q66KU1,Animals(NM),IDP,Negative
Q66L44,Animals(M),IDP,Negative
Q66LM6,Animals(M),IDP,Negative
Q673H1,Animals(M),IDP,Negative
Q67475,Viruses,IDP,Negative
Q678S5,Animals(M),IDP,Negative
Q67EQ0,Animals(M),IDP,Negative
Q67ER4,Animals(M),IDP,Negative
Q67ES2,Animals(M),IDP,Negative
Q67ES7,Animals(M),IDP,Negative
Q67ET0,Animals(M),non-IDP,Negative
Q67UU9,Plants,non-IDP,Negative
Q67XG0,Plants,IDP,Negative
Q67YC9,Plants,non-IDP,Negative
Q67ZF6,Plants,non-IDP,Negative
Q681K7,Plants,IDP,Negative
Q684R7,Animals(M),IDP,Negative
Q688R1,Plants,IDP,Negative
Q689Z5,Animals(M),IDP,Negative
Q68A93,Animals(M),IDP,Negative
Q68CI2,Animals(M),IDP,Negative
Q68CJ6,Animals(M),IDP,Negative
Q68DE3,Animals(M),IDP,Negative
Q68ED7,Animals(M),IDP,Negative
Q68EV1,Animals(NM),IDP,Negative
Q68EY2,Animals(NM),IDP,Negative
Q68F33,Animals(NM),IDP,Negative
Q68F72,Animals(NM),IDP,Negative
Q68F99,Animals(NM),IDP,Negative
Q68FE6,Animals(M),IDP,Negative
Q68FE7,Animals(M),IDP,Negative
Q68FG0,Animals(M),IDP,Negative
Q68FJ4,Animals(NM),non-IDP,Negative
Q68FK4,Animals(NM),IDP,Negative
Q68FQ2,Animals(M),IDP,Negative
Q68FR2,Animals(M),IDP,Negative
Q68FU5,Animals(M),IDP,Negative
Q68FU7,Animals(M),non-IDP,Negative
Q68FU8,Animals(M),IDP,Negative
Q68FV3,Animals(M),non-IDP,Negative
Q68FV4,Animals(M),IDP,Negative
Q68FW2,Animals(M),IDP,Negative
Q68G58,Animals(M),IDP,Negative
Q68SA9,Animals(M),IDP,Negative
Q68SN8,Animals(M),IDP,Negative
Q68US1,Animals(M),IDP,Negative
Q68US5,Animals(M),IDP,Negative
Q68US6,Animals(M),IDP,Negative
Q69577,Viruses,IDP,Negative
Q69CM7,Animals(M),IDP,Negative
Q69QJ7,Plants,IDP,Negative
Q69SA9,Plants,IDP,Negative
Q69UD7,Plants,IDP,Negative
Q69YL0,Animals(M),IDP,Negative
Q69YU5,Animals(M),IDP,Negative
Q69Z37,Animals(M),IDP,Negative
Q69Z61,Animals(M),IDP,Negative
Q69Z69,Animals(M),IDP,Negative
Q69Z89,Animals(M),IDP,Negative
Q69ZB3,Animals(M),IDP,Negative
Q69ZF3,Animals(M),IDP,Negative
Q69ZF8,Animals(M),IDP,Negative
Q69ZJ7,Animals(M),IDP,Negative
Q69ZL1,Animals(M),IDP,Negative
Q69ZM6,Animals(M),IDP,Negative
Q69ZQ1,Animals(M),IDP,Negative
Q69ZR2,Animals(M),IDP,Negative
Q69ZR9,Animals(M),IDP,Negative
Q69ZS0,Animals(M),IDP,Negative
Q69ZT9,Animals(M),IDP,Negative
Q69ZU8,Animals(M),IDP,Negative
Q6A025,Animals(M),IDP,Negative
Q6A037,Animals(M),IDP,Negative
Q6A039,Animals(M),IDP,Negative
Q6A044,Animals(M),IDP,Negative
Q6A070,Animals(M),IDP,Negative
Q6A098,Animals(M),IDP,Negative
Q6AHH7,Prokaryotes,non-IDP,Negative
Q6AT12,Plants,IDP,Negative
Q6ATG6,Plants,IDP,Negative
Q6AUR2,Plants,IDP,Negative
Q6AW69,Animals(M),IDP,Negative
Q6AWT8,Plants,IDP,Negative
Q6AX42,Animals(NM),IDP,Negative
Q6AXL5,Animals(NM),IDP,Negative
Q6AXP3,Animals(M),IDP,Negative
Q6AXP6,Animals(M),IDP,Negative
Q6AXQ8,Animals(M),IDP,Negative
Q6AXS2,Animals(M),IDP,Negative
Q6AXT3,Animals(M),IDP,Negative
Q6AXU4,Animals(M),IDP,Negative
Q6AXW7,Animals(M),non-IDP,Negative
Q6AXX0,Animals(M),IDP,Negative
Q6AXX1,Animals(M),IDP,Negative
Q6AXX6,Animals(M),non-IDP,Negative
Q6AXX9,Animals(M),IDP,Negative
Q6AXY9,Animals(M),IDP,Negative
Q6AXZ4,Animals(M),IDP,Negative
Q6AY08,Animals(M),IDP,Negative
Q6AY16,Animals(M),IDP,Negative
Q6AY46,Animals(M),IDP,Negative
Q6AY59,Animals(M),IDP,Negative
Q6AY62,Animals(M),IDP,Negative
Q6AY63,Animals(M),IDP,Negative
Q6AY71,Animals(M),IDP,Negative
Q6AY78,Animals(M),non-IDP,Negative
Q6AY79,Animals(M),IDP,Negative
Q6AY91,Animals(M),non-IDP,Negative
Q6AY97,Animals(M),IDP,Negative
Q6AYB8,Animals(M),IDP,Negative
Q6AYG3,Animals(M),IDP,Negative
Q6AYG7,Animals(M),IDP,Negative
Q6AYH0,Animals(M),IDP,Negative
Q6AYH4,Animals(M),IDP,Negative
Q6AYI4,Animals(M),IDP,Negative
Q6AYJ2,Animals(M),IDP,Negative
Q6AYJ3,Animals(M),IDP,Negative
Q6AYM1,Animals(M),IDP,Negative
Q6AYN3,Animals(M),IDP,Negative
Q6AYP5,Animals(M),IDP,Negative
Q6AYQ0,Animals(M),IDP,Negative
Q6AYS7,Animals(M),non-IDP,Negative
Q6AYT4,Animals(M),IDP,Negative
Q6AYU0,Animals(M),IDP,Negative
Q6AZ54,Animals(M),IDP,Negative
Q6AZB8,Animals(NM),IDP,Negative
Q6AZD1,Animals(NM),IDP,Negative
Q6AZH6,Animals(NM),IDP,Negative
Q6AZR2,Animals(NM),IDP,Negative
Q6B0K9,Animals(M),non-IDP,Negative
Q6B0X2,Fungi,non-IDP,Negative
Q6B0Y1,Fungi,IDP,Negative
Q6B0Z2,Fungi,IDP,Negative
Q6B457,Animals(NM),IDP,Negative
Q6B4J5,Prokaryotes,IDP,Negative
Q6B857,Animals(M),non-IDP,Negative
Q6B858,Animals(M),IDP,Negative
Q6B860,Animals(M),non-IDP,Negative
Q6B959,Animals(M),non-IDP,Negative
Q6BCL1,Animals(M),IDP,Negative
Q6BD04,Animals(NM),IDP,Negative
Q6BDI9,Animals(M),non-IDP,Negative
Q6BEB4,Animals(M),IDP,Negative
Q6BH37,Fungi,IDP,Negative
Q6BHJ8,Fungi,IDP,Negative
Q6BJY5,Fungi,IDP,Negative
Q6BKI2,Fungi,IDP,Negative
Q6BN80,Fungi,IDP,Negative
Q6BPY6,Fungi,non-IDP,Negative
Q6BS73,Fungi,IDP,Negative
Q6BSP7,Fungi,IDP,Negative
Q6BU42,Fungi,non-IDP,Negative
Q6BWB8,Fungi,IDP,Negative
Q6BWW6,Fungi,IDP,Negative
Q6BX14,Fungi,IDP,Negative
Q6BXB6,Fungi,non-IDP,Negative
Q6BZG7,Fungi,IDP,Negative
Q6C354,Fungi,non-IDP,Negative
Q6C457,Fungi,IDP,Negative
Q6C6R8,Fungi,IDP,Negative
Q6C6U1,Fungi,non-IDP,Negative
Q6C6X6,Fungi,non-IDP,Negative
Q6C7S6,Fungi,non-IDP,Negative
Q6C8C5,Fungi,IDP,Negative
Q6C8F0,Fungi,IDP,Negative
Q6C938,Fungi,IDP,Negative
Q6CBH3,Fungi,IDP,Negative
Q6CCV4,Fungi,IDP,Negative
Q6CE48,Fungi,IDP,Negative
Q6CF49,Fungi,IDP,Negative
Q6CFH9,Fungi,IDP,Negative
Q6CHA2,Fungi,IDP,Negative
Q6CIK2,Fungi,non-IDP,Negative
Q6CJX2,Fungi,IDP,Negative
Q6CK85,Fungi,IDP,Negative
Q6CNN5,Fungi,IDP,Negative
Q6CP44,Fungi,IDP,Negative
Q6CQX5,Fungi,IDP,Negative
Q6CRM2,Fungi,IDP,Negative
Q6CRQ1,Fungi,IDP,Negative
Q6CRX0,Fungi,IDP,Negative
Q6CVN2,Fungi,IDP,Negative
Q6CY25,Fungi,IDP,Negative
Q6D3B0,Prokaryotes,non-IDP,Negative
Q6D8D5,Prokaryotes,non-IDP,Negative
Q6DAT5,Prokaryotes,non-IDP,Negative
Q6DBV4,Animals(NM),IDP,Negative
Q6DC39,Animals(NM),IDP,Negative
Q6DC60,Animals(NM),IDP,Negative
Q6DC61,Animals(NM),IDP,Negative
Q6DC75,Animals(NM),non-IDP,Negative
Q6DC93,Animals(NM),IDP,Negative
Q6DCD7,Animals(NM),IDP,Negative
Q6DDK2,Animals(NM),IDP,Negative
Q6DED0,Animals(NM),IDP,Negative
Q6DEI8,Animals(NM),IDP,Negative
Q6DEL1,Animals(NM),IDP,Negative
Q6DFF7,Animals(NM),non-IDP,Negative
Q6DFH5,Animals(NM),IDP,Negative
Q6DFJ9,Animals(NM),IDP,Negative
Q6DFL2,Animals(NM),IDP,Negative
Q6DFR1,Animals(NM),IDP,Negative
Q6DFT4,Animals(NM),IDP,Negative
Q6DFV6,Animals(M),IDP,Negative
Q6DFV7,Animals(M),IDP,Negative
Q6DFV8,Animals(M),IDP,Negative
Q6DFZ1,Animals(M),IDP,Negative
Q6DGA7,Animals(NM),IDP,Negative
Q6DGF4,Animals(M),IDP,Negative
Q6DGF9,Animals(M),IDP,Negative
Q6DGG9,Animals(M),IDP,Negative
Q6DGL8,Animals(NM),IDP,Negative
Q6DGM8,Animals(NM),IDP,Negative
Q6DGN0,Animals(NM),non-IDP,Negative
Q6DGQ4,Animals(NM),IDP,Negative
Q6DGW9,Animals(NM),IDP,Negative
Q6DH44,Animals(NM),IDP,Negative
Q6DH74,Animals(NM),IDP,Negative
Q6DH88,Animals(NM),non-IDP,Negative
Q6DHB1,Animals(NM),IDP,Negative
Q6DHR3,Animals(NM),non-IDP,Negative
Q6DHS9,Animals(NM),non-IDP,Negative
Q6DHU1,Animals(NM),IDP,Negative
Q6DHU8,Animals(NM),IDP,Negative
Q6DI92,Animals(M),non-IDP,Negative
Q6DIA2,Animals(M),IDP,Negative
Q6DIA7,Animals(M),IDP,Negative
Q6DIB5,Animals(M),IDP,Negative
Q6DID7,Animals(M),IDP,Negative
Q6DIY8,Animals(NM),IDP,Negative
Q6DJ13,Animals(NM),IDP,Negative
Q6DJB3,Animals(NM),IDP,Negative
Q6DJF8,Animals(NM),IDP,Negative
Q6DMN8,Animals(M),IDP,Negative
Q6DN58,Fungi,IDP,Negative
Q6DN72,Animals(M),IDP,Negative
Q6EE22,Animals(M),IDP,Negative
Q6EIZ0,Animals(M),IDP,Negative
Q6EPW7,Plants,IDP,Negative
Q6ETN2,Plants,non-IDP,Negative
Q6F3F9,Animals(M),IDP,Negative
Q6F6A2,Plants,IDP,Negative
Q6FIT7,Fungi,IDP,Negative
Q6FJC7,Fungi,IDP,Negative
Q6FMB1,Fungi,IDP,Negative
Q6FPI5,Fungi,IDP,Negative
Q6FRT5,Fungi,IDP,Negative
Q6FS48,Fungi,IDP,Negative
Q6FTN2,Fungi,non-IDP,Negative
Q6FUQ5,Fungi,IDP,Negative
Q6FWM4,Fungi,IDP,Negative
Q6FXJ3,Fungi,IDP,Negative
Q6FY35,Fungi,IDP,Negative
Q6GLJ0,Animals(NM),IDP,Negative
Q6GLK2,Animals(NM),non-IDP,Negative
Q6GLK6,Animals(NM),IDP,Negative
Q6GMK6,Animals(NM),IDP,Negative
Q6GNG3,Animals(NM),IDP,Negative
Q6GNV7,Animals(NM),IDP,Negative
Q6GP04,Animals(NM),IDP,Negative
Q6GPA8,Animals(NM),IDP,Negative
Q6GPL4,Animals(NM),IDP,Negative
Q6GPQ3,Animals(NM),IDP,Negative
Q6GPS4,Animals(NM),non-IDP,Negative
Q6GQ29,Animals(NM),non-IDP,Negative
Q6GQ62,Animals(NM),IDP,Negative
Q6GQV7,Animals(M),IDP,Negative
Q6GQX2,Animals(M),IDP,Negative
Q6GV17,Animals(M),non-IDP,Negative
Q6GVH4,Animals(NM),IDP,Negative
Q6GVM5,Animals(M),IDP,Negative
Q6GX83,Animals(M),IDP,Negative
Q6GZQ0,Viruses,IDP,Negative
Q6GZQ4,Viruses,IDP,Negative
Q6GZQ7,Viruses,IDP,Negative
Q6GZQ9,Viruses,IDP,Negative
Q6GZR0,Viruses,IDP,Negative
Q6GZR1,Viruses,non-IDP,Negative
Q6GZR9,Viruses,IDP,Negative
Q6GZS6,Viruses,IDP,Negative
Q6GZT0,Viruses,IDP,Negative
Q6GZT3,Viruses,IDP,Negative
Q6GZU0,Viruses,non-IDP,Negative
Q6GZU1,Viruses,IDP,Negative
Q6GZW3,Viruses,IDP,Negative
Q6GZX0,Viruses,IDP,Negative
Q6H1V1,Animals(M),IDP,Negative
Q6H236,Animals(M),IDP,Negative
Q6H3X3,Animals(M),IDP,Negative
Q6H501,Plants,IDP,Negative
Q6H6M5,Plants,IDP,Negative
Q6H6P0,Plants,IDP,Negative
Q6H7J6,Plants,IDP,Negative
Q6HA09,Animals(M),IDP,Negative
Q6IC83,Animals(M),IDP,Negative
Q6ICY4,Plants,IDP,Negative
Q6IDB0,Plants,IDP,Negative
Q6IE08,Animals(M),IDP,Negative
Q6IE82,Animals(M),IDP,Negative
Q6IEE7,Animals(M),IDP,Negative
Q6IFT4,Animals(M),IDP,Negative
Q6IG02,Animals(M),IDP,Negative
Q6IM94,Plants,IDP,Negative
Q6IMK0,Animals(M),IDP,Negative
Q6IN36,Animals(M),IDP,Negative
Q6INB3,Animals(NM),IDP,Negative
Q6INE5,Animals(NM),IDP,Negative
Q6ING9,Animals(NM),non-IDP,Negative
Q6INL2,Animals(NM),IDP,Negative
Q6INN0,Animals(NM),IDP,Negative
Q6INX1,Animals(NM),IDP,Negative
Q6IP50,Animals(NM),IDP,Negative
Q6IQ69,Animals(NM),non-IDP,Negative
Q6IQ97,Animals(NM),IDP,Negative
Q6IQS9,Animals(NM),IDP,Negative
Q6IQX7,Animals(M),IDP,Negative
Q6IR37,Animals(M),non-IDP,Negative
Q6IR42,Animals(M),IDP,Negative
Q6IUP1,Animals(M),IDP,Negative
Q6IUP3,Animals(M),IDP,Negative
Q6IV18,Animals(NM),IDP,Negative
Q6IYF8,Animals(M),IDP,Negative
Q6IZB5,Animals(M),non-IDP,Negative
Q6J163,Plants,IDP,Negative
Q6J1Y9,Animals(M),IDP,Negative
Q6J3Q7,Animals(M),IDP,Negative
Q6J9G1,Animals(M),IDP,Negative
Q6JBY9,Animals(M),IDP,Negative
Q6JHY2,Animals(M),IDP,Negative
Q6JN47,Plants,IDP,Negative
Q6JP77,Animals(M),IDP,Negative
Q6JTA8,Animals(M),IDP,Negative
Q6JVE9,Animals(M),non-IDP,Negative
Q6JWV8,Animals(NM),IDP,Negative
Q6K1L7,Animals(NM),IDP,Negative
Q6K609,Plants,non-IDP,Negative
Q6K7R2,Plants,non-IDP,Negative
Q6KAQ7,Animals(M),IDP,Negative
Q6KAU4,Animals(M),IDP,Negative
Q6KAU7,Animals(M),IDP,Negative
Q6KAU8,Animals(M),IDP,Negative
Q6KB54,Animals(M),non-IDP,Negative
Q6KF82,Animals(NM),IDP,Negative
Q6KHH8,Prokaryotes,non-IDP,Negative
Q6L4V0,Plants,non-IDP,Negative
Q6L9W6,Animals(M),IDP,Negative
Q6LA56,Fungi,non-IDP,Negative
Q6LVD0,Prokaryotes,non-IDP,Negative
Q6LWM4,Prokaryotes,non-IDP,Negative
Q6M060,Prokaryotes,non-IDP,Negative
Q6M923,Fungi,IDP,Negative
Q6MFY8,Animals(M),IDP,Negative
Q6MG62,Animals(M),IDP,Negative
Q6MG64,Animals(M),IDP,Negative
Q6MGD0,Animals(M),non-IDP,Negative
Q6MGN5,Prokaryotes,non-IDP,Negative
Q6MWE5,Plants,IDP,Negative
Q6MWV1,Prokaryotes,IDP,Negative
Q6MX40,Prokaryotes,non-IDP,Negative
Q6NKP9,Plants,non-IDP,Negative
Q6NKU9,Plants,IDP,Negative
Q6NLC1,Plants,IDP,Negative
Q6NLH0,Plants,non-IDP,Negative
Q6NM25,Plants,IDP,Negative
Q6NM73,Plants,IDP,Negative
Q6NP60,Animals(NM),IDP,Negative
Q6NPL9,Plants,IDP,Negative
Q6NPT8,Plants,IDP,Negative
Q6NQ54,Plants,IDP,Negative
Q6NQH4,Plants,IDP,Negative
Q6NQJ8,Plants,IDP,Negative
Q6NQN8,Plants,IDP,Negative
Q6NRC7,Animals(NM),IDP,Negative
Q6NRW5,Animals(NM),IDP,Negative
Q6NS23,Animals(NM),IDP,Negative
Q6NS26,Animals(NM),IDP,Negative
Q6NS59,Animals(M),IDP,Negative
Q6NS82,Animals(M),IDP,Negative
Q6NS86,Animals(M),IDP,Negative
Q6NSR3,Animals(M),non-IDP,Negative
Q6NTA4,Animals(M),IDP,Negative
Q6NTL4,Animals(NM),IDP,Negative
Q6NTS3,Animals(NM),IDP,Negative
Q6NTS7,Animals(NM),non-IDP,Negative
Q6NTT6,Animals(NM),IDP,Negative
Q6NTZ5,Animals(NM),IDP,Negative
Q6NU46,Animals(NM),non-IDP,Negative
Q6NUX0,Animals(NM),IDP,Negative
Q6NV18,Animals(NM),IDP,Negative
Q6NV66,Animals(M),IDP,Negative
Q6NV72,Animals(M),IDP,Negative
Q6NVE8,Animals(M),IDP,Negative
Q6NVE9,Animals(M),non-IDP,Negative
Q6NVG7,Animals(M),IDP,Negative
Q6NW59,Animals(NM),IDP,Negative
Q6NW95,Animals(NM),non-IDP,Negative
Q6NWA8,Animals(NM),IDP,Negative
Q6NWF1,Animals(NM),IDP,Negative
Q6NWG0,Animals(NM),IDP,Negative
Q6NWV3,Animals(M),IDP,Negative
Q6NWW5,Animals(M),IDP,Negative
Q6NXB2,Animals(NM),non-IDP,Negative
Q6NXH2,Animals(M),IDP,Negative
Q6NXH8,Animals(M),IDP,Negative
Q6NXI6,Animals(M),IDP,Negative
Q6NXY9,Animals(M),IDP,Negative
Q6NY98,Animals(NM),IDP,Negative
Q6NYD7,Animals(NM),IDP,Negative
Q6NYG4,Animals(NM),IDP,Negative
Q6NYK8,Animals(NM),IDP,Negative
Q6NYL3,Animals(NM),IDP,Negative
Q6NYN7,Animals(NM),non-IDP,Negative
Q6NYY9,Animals(NM),IDP,Negative
Q6NZ13,Animals(NM),IDP,Negative
Q6NZC7,Animals(M),IDP,Negative
Q6NZG4,Animals(M),IDP,Negative
Q6NZH6,Animals(NM),IDP,Negative
Q6NZK5,Animals(M),IDP,Negative
Q6NZL8,Animals(M),IDP,Negative
Q6NZQ0,Animals(M),IDP,Negative
Q6NZQ8,Animals(M),IDP,Negative
Q6P0A1,Animals(M),IDP,Negative
Q6P0D1,Animals(NM),IDP,Negative
Q6P0F0,Animals(NM),IDP,Negative
Q6P0G8,Animals(NM),IDP,Negative
Q6P0X2,Animals(M),IDP,Negative
Q6P1C6,Animals(M),IDP,Negative
Q6P1E1,Animals(M),IDP,Negative
Q6P1E8,Animals(M),IDP,Negative
Q6P1G6,Animals(M),IDP,Negative
Q6P1H6,Animals(M),IDP,Negative
Q6P1Y1,Animals(M),IDP,Negative
Q6P2I3,Animals(M),non-IDP,Negative
Q6P2I7,Animals(M),IDP,Negative
Q6P2S7,Animals(M),IDP,Negative
Q6P2T7,Animals(NM),non-IDP,Negative
Q6P3A1,Animals(M),IDP,Negative
Q6P3A4,Animals(M),IDP,Negative
Q6P3B9,Animals(M),IDP,Negative
Q6P3N5,Animals(NM),non-IDP,Negative
Q6P4S6,Animals(M),IDP,Negative
Q6P4T1,Animals(M),IDP,Negative
Q6P4Y6,Animals(NM),IDP,Negative
Q6P539,Animals(M),IDP,Negative
Q6P5C5,Animals(M),IDP,Negative
Q6P5E6,Animals(M),IDP,Negative
Q6P5F6,Animals(M),IDP,Negative
Q6P5U7,Animals(M),IDP,Negative
Q6P5U8,Animals(M),IDP,Negative
Q6P5X7,Animals(M),IDP,Negative
Q6P6J9,Animals(M),IDP,Negative
Q6P6T5,Animals(M),IDP,Negative
Q6P6V6,Animals(M),IDP,Negative
Q6P726,Animals(M),IDP,Negative
Q6P752,Animals(M),IDP,Negative
Q6P773,Animals(M),IDP,Negative
Q6P7C4,Animals(M),IDP,Negative
Q6P7D5,Animals(M),IDP,Negative
Q6P8Y1,Animals(M),non-IDP,Negative
Q6P950,Animals(NM),IDP,Negative
Q6P9G4,Animals(M),IDP,Negative
Q6P9J5,Animals(M),IDP,Negative
Q6P9P0,Animals(M),IDP,Negative
Q6P9Q4,Animals(M),IDP,Negative
Q6P9R4,Animals(M),IDP,Negative
Q6PAC4,Animals(M),IDP,Negative
Q6PAJ3,Animals(M),IDP,Negative
Q6PAL8,Animals(M),IDP,Negative
Q6PAM0,Animals(M),IDP,Negative
Q6PAN7,Animals(M),IDP,Negative
Q6PAQ9,Animals(M),IDP,Negative
Q6PAT0,Animals(M),IDP,Negative
Q6PAW2,Animals(NM),IDP,Negative
Q6PB15,Animals(NM),IDP,Negative
Q6PB51,Animals(M),IDP,Negative
Q6PB60,Animals(M),IDP,Negative
Q6PB70,Animals(M),IDP,Negative
Q6PBU5,Animals(NM),IDP,Negative
Q6PC40,Animals(NM),IDP,Negative
Q6PC62,Animals(NM),IDP,Negative
Q6PCB0,Animals(M),IDP,Negative
Q6PCF9,Animals(NM),IDP,Negative
Q6PCP7,Animals(M),IDP,Negative
Q6PCQ0,Animals(M),IDP,Negative
Q6PD05,Animals(M),IDP,Negative
Q6PD19,Animals(M),IDP,Negative
Q6PD21,Animals(M),IDP,Negative
Q6PD31,Animals(M),IDP,Negative
Q6PD99,Animals(NM),IDP,Negative
Q6PDE8,Animals(M),non-IDP,Negative
Q6PDG8,Animals(M),IDP,Negative
Q6PDH4,Animals(M),IDP,Negative
Q6PDJ1,Animals(M),IDP,Negative
Q6PDJ6,Animals(M),IDP,Negative
Q6PDN3,Animals(M),IDP,Negative
Q6PDS0,Animals(M),IDP,Negative
Q6PDY2,Animals(M),IDP,Negative
Q6PE13,Animals(M),IDP,Negative
Q6PE65,Animals(M),IDP,Negative
Q6PEE2,Animals(M),IDP,Negative
Q6PEH9,Animals(NM),IDP,Negative
Q6PEW0,Animals(M),IDP,Negative
Q6PEX7,Animals(M),IDP,Negative
Q6PF45,Animals(NM),IDP,Negative
Q6PFS5,Animals(NM),non-IDP,Negative
Q6PFT6,Animals(NM),non-IDP,Negative
Q6PFX2,Animals(M),IDP,Negative
Q6PFY1,Animals(M),IDP,Negative
Q6PG04,Animals(M),IDP,Negative
Q6PG16,Animals(M),IDP,Negative
Q6PGD0,Animals(M),non-IDP,Negative
Q6PGE4,Animals(M),IDP,Negative
Q6PGQ1,Animals(M),IDP,Negative
Q6PGR9,Animals(NM),IDP,Negative
Q6PH61,Animals(NM),IDP,Negative
Q6PHB0,Animals(M),IDP,Negative
Q6PHG2,Animals(NM),IDP,Negative
Q6PHN1,Animals(M),IDP,Negative
Q6PHN7,Animals(M),IDP,Negative
Q6PHS6,Animals(M),IDP,Negative
Q6PI97,Animals(M),IDP,Negative
Q6PIP5,Animals(M),non-IDP,Negative
Q6PIS1,Animals(M),IDP,Negative
Q6PJN8,Animals(M),non-IDP,Negative
Q6PK18,Animals(M),IDP,Negative
Q6PKN7,Animals(M),IDP,Negative
Q6PNM1,Animals(M),IDP,Negative
Q6PRD7,Animals(M),IDP,Negative
Q6PX77,Animals(M),IDP,Negative
Q6Q1P3,Animals(M),IDP,Negative
Q6Q5X2,Fungi,IDP,Negative
Q6Q760,Animals(M),IDP,Negative
Q6Q795,Animals(M),IDP,Negative
Q6Q879,Fungi,IDP,Negative
Q6QA69,Animals(M),non-IDP,Negative
Q6QB00,Animals(NM),IDP,Negative
Q6QD59,Animals(M),IDP,Negative
Q6QGD6,Viruses,IDP,Negative
Q6QGW5,Animals(M),IDP,Negative
Q6QMG1,Animals(NM),IDP,Negative
Q6QMY5,Animals(M),IDP,Negative
Q6QNF4,Animals(M),IDP,Negative
Q6QRN8,Animals(M),IDP,Negative
Q6R653,Animals(M),IDP,Negative
Q6R6I7,Animals(M),non-IDP,Negative
Q6R7D0,Viruses,IDP,Negative
Q6R7F2,Viruses,IDP,Negative
Q6R7I2,Viruses,IDP,Negative
Q6R8G5,Plants,IDP,Negative
Q6RFH4,Animals(M),IDP,Negative
Q6RFL5,Animals(NM),IDP,Negative
Q6RFZ7,Animals(M),IDP,Negative
Q6RKD8,Animals(M),IDP,Negative
Q6RUT7,Animals(M),IDP,Negative
Q6RUT8,Animals(M),IDP,Negative
Q6S5C2,Animals(M),IDP,Negative
Q6S5L9,Animals(M),IDP,Negative
Q6S9D9,Animals(M),IDP,Negative
Q6SJ82,Animals(M),IDP,Negative
Q6SJP8,Animals(NM),IDP,Negative
Q6SJQ7,Animals(M),IDP,Negative
Q6SKR2,Animals(M),non-IDP,Negative
Q6SKR5,Animals(NM),IDP,Negative
Q6SPE9,Animals(M),IDP,Negative
Q6SZ61,Animals(M),IDP,Negative
Q6T393,Animals(M),IDP,Negative
Q6T3U4,Animals(M),IDP,Negative
Q6TA49,Animals(M),IDP,Negative
Q6TCG2,Animals(M),IDP,Negative
Q6TCG8,Animals(M),non-IDP,Negative
Q6TDU1,Animals(M),IDP,Negative
Q6TDU8,Animals(M),IDP,Negative
Q6TEK5,Animals(M),IDP,Negative
Q6TEK8,Animals(NM),IDP,Negative
Q6TH22,Animals(NM),IDP,Negative
Q6TMK8,Animals(M),IDP,Negative
Q6TYI6,Animals(M),IDP,Negative
Q6U7R4,Animals(M),IDP,Negative
Q6U8D7,Animals(M),IDP,Negative
Q6U949,Animals(M),IDP,Negative
Q6UBQ3,Plants,IDP,Negative
Q6UC88,Animals(M),IDP,Negative
Q6UDF7,Viruses,IDP,Negative
Q6UDL2,Viruses,IDP,Negative
Q6UE05,Animals(M),IDP,Negative
Q6UEF0,Fungi,IDP,Negative
Q6UJY2,Animals(M),IDP,Negative
Q6UQ04,Animals(M),IDP,Negative
Q6UQ17,Animals(M),IDP,Negative
Q6URK6,Animals(M),IDP,Negative
Q6UWJ8,Animals(M),IDP,Negative
Q6UWS5,Animals(M),non-IDP,Negative
Q6UWY2,Animals(M),IDP,Negative
Q6UX46,Animals(M),non-IDP,Negative
Q6UXD1,Animals(M),IDP,Negative
Q6UXF7,Animals(M),non-IDP,Negative
Q6UXG3,Animals(M),IDP,Negative
Q6UXI9,Animals(M),IDP,Negative
Q6UXN8,Animals(M),IDP,Negative
Q6UXP3,Animals(M),non-IDP,Negative
Q6UXQ4,Animals(M),IDP,Negative
Q6UXQ8,Animals(M),IDP,Negative
Q6UXR6,Animals(M),IDP,Negative
Q6UXS0,Animals(M),non-IDP,Negative
Q6UXU0,Animals(M),IDP,Negative
Q6UXU4,Animals(M),IDP,Negative
Q6UXV0,Animals(M),IDP,Negative
Q6UXV3,Animals(M),IDP,Negative
Q6UXZ0,Animals(M),IDP,Negative
Q6UY09,Animals(M),IDP,Negative
Q6UY18,Animals(M),IDP,Negative
Q6UYE1,Animals(M),IDP,Negative
Q6V0L0,Animals(M),non-IDP,Negative
Q6V3W6,Animals(M),IDP,Negative
Q6V7V2,Animals(M),IDP,Negative
Q6VFT5,Animals(M),IDP,Negative
Q6VY05,Animals(M),IDP,Negative
Q6VYH9,Animals(M),IDP,Negative
Q6VZZ7,Animals(M),IDP,Negative
Q6WHG9,Viruses,IDP,Negative
Q6WKW9,Animals(NM),IDP,Negative
Q6WKZ7,Animals(M),IDP,Negative
Q6WRH9,Animals(M),IDP,Negative
Q6WRU0,Animals(M),IDP,Negative
Q6WZ19,Animals(M),non-IDP,Negative
Q6X4T0,Animals(M),IDP,Negative
Q6X7S9,Animals(M),IDP,Negative
Q6X862,Animals(M),IDP,Negative
Q6XBJ3,Animals(M),IDP,Negative
Q6XCF2,Animals(M),IDP,Negative
Q6XCG6,Animals(M),non-IDP,Negative
Q6XKD3,Animals(M),IDP,Negative
Q6XP49,Animals(M),IDP,Negative
Q6XQ98,Viruses,non-IDP,Negative
Q6XXX2,Animals(M),IDP,Negative
Q6XZB0,Animals(M),non-IDP,Negative
Q6Y1E2,Animals(M),IDP,Negative
Q6Y4S4,Animals(M),IDP,Negative
Q6YBV0,Animals(M),IDP,Negative
Q6YFE5,Fungi,IDP,Negative
Q6YND2,Animals(M),IDP,Negative
Q6YNI2,Animals(M),IDP,Negative
Q6YNQ6,Viruses,IDP,Negative
Q6YSF3,Plants,IDP,Negative
Q6YVX9,Plants,IDP,Negative
Q6YXR0,Plants,non-IDP,Negative
Q6YYB0,Plants,IDP,Negative
Q6Z1C0,Plants,IDP,Negative
Q6Z6G6,Plants,IDP,Negative
Q6ZFW0,Plants,non-IDP,Negative
Q6ZMC9,Animals(M),IDP,Negative
Q6ZMI3,Animals(M),IDP,Negative
Q6ZMJ4,Animals(M),IDP,Negative
Q6ZMT9,Animals(M),IDP,Negative
Q6ZMU1,Animals(M),non-IDP,Negative
Q6ZMV5,Animals(M),IDP,Negative
Q6ZMV7,Animals(M),non-IDP,Negative
Q6ZN03,Animals(M),IDP,Negative
Q6ZN32,Animals(M),IDP,Negative
Q6ZNB5,Animals(M),non-IDP,Negative
Q6ZNK6,Animals(M),IDP,Negative
Q6ZNX1,Animals(M),IDP,Negative
Q6ZP68,Animals(M),IDP,Negative
Q6ZPA2,Animals(M),IDP,Negative
Q6ZPG2,Animals(M),IDP,Negative
Q6ZPI3,Animals(M),IDP,Negative
Q6ZPJ0,Animals(M),IDP,Negative
Q6ZPK7,Animals(M),IDP,Negative
Q6ZPR5,Animals(M),IDP,Negative
Q6ZPS6,Animals(M),IDP,Negative
Q6ZPY2,Animals(M),IDP,Negative
Q6ZPZ3,Animals(M),IDP,Negative
Q6ZQ03,Animals(M),IDP,Negative
Q6ZQA0,Animals(M),IDP,Negative
Q6ZQA6,Animals(M),IDP,Negative
Q6ZQT0,Animals(M),non-IDP,Negative
Q6ZQT7,Animals(M),IDP,Negative
Q6ZQV5,Animals(M),IDP,Negative
Q6ZR03,Animals(M),IDP,Negative
Q6ZR54,Animals(M),IDP,Negative
Q6ZR85,Animals(M),IDP,Negative
Q6ZRC1,Animals(M),IDP,Negative
Q6ZRN7,Animals(M),IDP,Negative
Q6ZRP5,Animals(M),IDP,Negative
Q6ZRS4,Animals(M),IDP,Negative
Q6ZRV3,Animals(M),IDP,Negative
Q6ZRX8,Animals(M),IDP,Negative
Q6ZS02,Animals(M),IDP,Negative
Q6ZS46,Animals(M),IDP,Negative
Q6ZS52,Animals(M),IDP,Negative
Q6ZS62,Animals(M),non-IDP,Negative
Q6ZSA8,Animals(M),IDP,Negative
Q6ZSK4,Animals(M),IDP,Negative
Q6ZSN1,Animals(M),IDP,Negative
Q6ZSR3,Animals(M),IDP,Negative
Q6ZSR9,Animals(M),IDP,Negative
Q6ZST2,Animals(M),IDP,Negative
Q6ZST4,Animals(M),non-IDP,Negative
Q6ZSV7,Animals(M),IDP,Negative
Q6ZT21,Animals(M),non-IDP,Negative
Q6ZTC4,Animals(M),IDP,Negative
Q6ZTI0,Animals(M),IDP,Negative
Q6ZTK2,Animals(M),non-IDP,Negative
Q6ZTR6,Animals(M),IDP,Negative
Q6ZTU2,Animals(M),IDP,Negative
Q6ZTY9,Animals(M),IDP,Negative
Q6ZTZ1,Animals(M),IDP,Negative
Q6ZU45,Animals(M),IDP,Negative
Q6ZU69,Animals(M),IDP,Negative
Q6ZUA9,Animals(M),IDP,Negative
Q6ZUF6,Animals(M),IDP,Negative
Q6ZUG5,Animals(M),IDP,Negative
Q6ZUK4,Animals(M),IDP,Negative
Q6ZUU3,Animals(M),IDP,Negative
Q6ZV60,Animals(M),IDP,Negative
Q6ZV70,Animals(M),non-IDP,Negative
Q6ZV77,Animals(M),IDP,Negative
Q6ZV80,Animals(M),IDP,Negative
Q6ZVH6,Animals(M),IDP,Negative
Q6ZVK1,Animals(M),IDP,Negative
Q6ZVQ6,Animals(M),IDP,Negative
Q6ZW13,Animals(M),IDP,Negative
Q6ZWC4,Animals(M),IDP,Negative
Q6ZWJ8,Animals(M),IDP,Negative
Q6ZWK4,Animals(M),IDP,Negative
Q6ZWT7,Animals(M),IDP,Negative
Q701R4,Animals(M),IDP,Negative
Q704V3,Plants,IDP,Negative
Q70D51,Animals(M),IDP,Negative
Q70E20,Animals(M),IDP,Negative
Q70KY4,Animals(M),IDP,Negative
Q70LD7,Viruses,IDP,Negative
Q70LL3,Fungi,IDP,Negative
Q70LM3,Fungi,IDP,Negative
Q70SU7,Animals(NM),IDP,Negative
Q70UZ7,Animals(M),IDP,Negative
Q70Z44,Animals(M),IDP,Negative
Q710D3,Animals(M),IDP,Negative
Q710D7,Animals(M),IDP,Negative
Q710E6,Animals(M),IDP,Negative
Q711T7,Animals(M),non-IDP,Negative
Q715S9,Animals(M),IDP,Negative
Q71DR4,Animals(M),IDP,Negative
Q71F54,Animals(M),IDP,Negative
Q71F78,Animals(M),IDP,Negative
Q71FD5,Animals(M),IDP,Negative
Q71R50,Animals(NM),non-IDP,Negative
Q71RG6,Animals(M),IDP,Negative
Q71RU5,Animals(M),non-IDP,Negative
Q71SS4,Animals(M),IDP,Negative
Q71TL0,Viruses,IDP,Negative
Q71V18,Animals(M),IDP,Negative
Q72K66,Prokaryotes,IDP,Negative
Q74125,Viruses,IDP,Negative
Q74Z24,Fungi,non-IDP,Negative
Q74ZD2,Fungi,IDP,Negative
Q74ZN9,Fungi,IDP,Negative
Q74ZU2,Fungi,IDP,Negative
Q751Z6,Fungi,IDP,Negative
Q753T2,Fungi,IDP,Negative
Q753U4,Fungi,IDP,Negative
Q755Z1,Fungi,IDP,Negative
Q756Q3,Fungi,IDP,Negative
Q757A5,Fungi,IDP,Negative
Q757H2,Fungi,IDP,Negative
Q757V8,Fungi,IDP,Negative
Q758A1,Fungi,IDP,Negative
Q759Y2,Fungi,IDP,Negative
Q75A56,Fungi,IDP,Negative
Q75A74,Fungi,IDP,Negative
Q75A82,Fungi,IDP,Negative
Q75AI1,Fungi,IDP,Negative
Q75AR4,Fungi,IDP,Negative
Q75BD5,Fungi,IDP,Negative
Q75BI0,Fungi,IDP,Negative
Q75BY0,Fungi,IDP,Negative
Q75C22,Fungi,IDP,Negative
Q75CQ8,Fungi,IDP,Negative
Q75D30,Fungi,IDP,Negative
Q75E80,Fungi,IDP,Negative
Q75F81,Fungi,IDP,Negative
Q75GY0,Plants,IDP,Negative
Q75L84,Plants,IDP,Negative
Q75MW2,Animals(M),IDP,Negative
Q75N62,Animals(M),IDP,Negative
Q75N73,Animals(M),IDP,Negative
Q75VT8,Animals(M),IDP,Negative
Q75WB5,Animals(M),IDP,Negative
Q75WS4,Animals(NM),IDP,Negative
Q765H6,Animals(M),IDP,Negative
Q769J6,Animals(M),IDP,Negative
Q76C99,Plants,IDP,Negative
Q76FP5,Fungi,non-IDP,Negative
Q76HL1,Animals(M),IDP,Negative
Q76IC5,Animals(M),non-IDP,Negative
Q76IC6,Animals(M),IDP,Negative
Q76JU8,Animals(M),non-IDP,Negative
Q76KB1,Animals(NM),IDP,Negative
Q76KF0,Animals(M),IDP,Negative
Q76KP1,Animals(M),IDP,Negative
Q76LT8,Animals(M),IDP,Negative
Q76N33,Animals(M),IDP,Negative
Q775D6,Viruses,non-IDP,Negative
Q77MQ6,Viruses,IDP,Negative
Q77WJ4,Viruses,IDP,Negative
Q78DX7,Animals(M),IDP,Negative
Q78IQ7,Animals(M),IDP,Negative
Q78IS1,Animals(M),non-IDP,Negative
Q78T81,Animals(M),IDP,Negative
Q78YZ6,Animals(M),IDP,Negative
Q792G6,Animals(M),IDP,Negative
Q794H2,Animals(M),IDP,Negative
Q796Q1,Prokaryotes,IDP,Negative
Q79FA4,Prokaryotes,non-IDP,Negative
Q79FR3,Prokaryotes,non-IDP,Negative
Q7AKG9,Prokaryotes,IDP,Negative
Q7CPC0,Prokaryotes,non-IDP,Negative
Q7D9K1,Prokaryotes,IDP,Negative
Q7DC27,Prokaryotes,non-IDP,Negative
Q7FAT5,Plants,non-IDP,Negative
Q7G188,Plants,IDP,Negative
Q7JGL8,Animals(M),non-IDP,Negative
Q7JQ07,Animals(NM),IDP,Negative
Q7JXF5,Animals(NM),IDP,Negative
Q7JYV2,Animals(NM),IDP,Negative
Q7K1U0,Animals(NM),IDP,Negative
Q7K3D8,Animals(NM),IDP,Negative
Q7K4Q5,Animals(NM),IDP,Negative
Q7K556,Animals(NM),IDP,Negative
Q7KVQ0,Animals(NM),IDP,Negative
Q7L0X0,Animals(M),IDP,Negative
Q7L513,Animals(M),IDP,Negative
Q7LBE3,Animals(M),IDP,Negative
Q7LKX0,Fungi,IDP,Negative
Q7LZB6,Animals(NM),IDP,Negative
Q7LZM5,Animals(NM),non-IDP,Negative
Q7LZR2,Animals(NM),IDP,Negative
Q7M0H3,Animals(M),IDP,Negative
Q7M290,Plants,IDP,Negative
Q7M2N1,Animals(M),IDP,Negative
Q7M3P2,Animals(NM),non-IDP,Negative
Q7M3V1,Animals(NM),IDP,Negative
Q7M3V4,Animals(NM),IDP,Negative
Q7M4F4,Animals(NM),IDP,Negative
Q7M6R1,Viruses,IDP,Negative
Q7M6Y6,Animals(M),IDP,Negative
Q7M6Z4,Animals(M),IDP,Negative
Q7M712,Animals(M),non-IDP,Negative
Q7M732,Animals(M),IDP,Negative
Q7M733,Animals(M),IDP,Negative
Q7M750,Animals(M),IDP,Negative
Q7M761,Animals(M),IDP,Negative
Q7PMG3,Animals(NM),IDP,Negative
Q7PYH1,Animals(NM),non-IDP,Negative
Q7PYU6,Animals(NM),IDP,Negative
Q7Q297,Animals(NM),IDP,Negative
Q7RTS5,Animals(M),IDP,Negative
Q7RTU4,Animals(M),IDP,Negative
Q7RTU5,Animals(M),IDP,Negative
Q7RWR8,Fungi,IDP,Negative
Q7RWT0,Fungi,IDP,Negative
Q7RY78,Fungi,IDP,Negative
Q7RYE7,Fungi,IDP,Negative
Q7RYI0,Fungi,IDP,Negative
Q7RZF0,Fungi,IDP,Negative
Q7S0S2,Fungi,IDP,Negative
Q7S2I2,Fungi,IDP,Negative
Q7S2L7,Fungi,IDP,Negative
Q7S2Y8,Fungi,IDP,Negative
Q7S4E0,Fungi,non-IDP,Negative
Q7S4Y4,Fungi,non-IDP,Negative
Q7S518,Fungi,IDP,Negative
Q7S532,Fungi,IDP,Negative
Q7S5W9,Fungi,IDP,Negative
Q7S7U5,Fungi,non-IDP,Negative
Q7S8M2,Fungi,IDP,Negative
Q7S931,Fungi,IDP,Negative
Q7S9H0,Fungi,IDP,Negative
Q7SA04,Fungi,IDP,Negative
Q7SA88,Fungi,IDP,Negative
Q7SA90,Fungi,IDP,Negative
Q7SAA9,Fungi,IDP,Negative
Q7SB51,Fungi,IDP,Negative
Q7SB54,Fungi,IDP,Negative
Q7SBA0,Fungi,non-IDP,Negative
Q7SBJ8,Fungi,non-IDP,Negative
Q7SCX7,Fungi,IDP,Negative
Q7SCZ3,Fungi,IDP,Negative
Q7SEI7,Fungi,IDP,Negative
Q7SEK8,Fungi,IDP,Negative
Q7SEK9,Fungi,IDP,Negative
Q7SEW2,Fungi,IDP,Negative
Q7SEY9,Fungi,IDP,Negative
Q7SEZ6,Fungi,IDP,Negative
Q7SF55,Fungi,IDP,Negative
Q7SG38,Fungi,IDP,Negative
Q7SG49,Fungi,IDP,Negative
Q7SGR2,Fungi,IDP,Negative
Q7SGY6,Fungi,IDP,Negative
Q7SHZ2,Fungi,IDP,Negative
Q7SIC2,Fungi,IDP,Negative
Q7SXE4,Animals(NM),IDP,Negative
Q7SXF1,Animals(NM),IDP,Negative
Q7SXS7,Animals(NM),IDP,Negative
Q7SY53,Animals(NM),IDP,Negative
Q7SYR0,Animals(NM),IDP,Negative
Q7SZN2,Animals(NM),non-IDP,Negative
Q7T037,Animals(NM),IDP,Negative
Q7T0L7,Animals(NM),IDP,Negative
Q7T0T9,Animals(NM),IDP,Negative
Q7T2B0,Animals(NM),IDP,Negative
Q7T312,Animals(NM),IDP,Negative
Q7T321,Animals(NM),IDP,Negative
Q7T339,Animals(NM),IDP,Negative
Q7T352,Animals(NM),IDP,Negative
Q7T384,Animals(NM),IDP,Negative
Q7T3H2,Animals(NM),IDP,Negative
Q7T3L1,Animals(NM),IDP,Negative
Q7T3S3,Animals(NM),non-IDP,Negative
Q7TLC4,Viruses,IDP,Negative
Q7TMM8,Animals(M),non-IDP,Negative
Q7TMS5,Animals(M),IDP,Negative
Q7TMV1,Animals(M),IDP,Negative
Q7TN08,Animals(M),IDP,Negative
Q7TN16,Animals(M),IDP,Negative
Q7TN22,Animals(M),IDP,Negative
Q7TN40,Animals(M),non-IDP,Negative
Q7TN44,Animals(M),IDP,Negative
Q7TN60,Animals(M),IDP,Negative
Q7TN83,Animals(M),IDP,Negative
Q7TN88,Animals(M),IDP,Negative
Q7TNE1,Animals(M),non-IDP,Negative
Q7TNE3,Animals(M),IDP,Negative
Q7TNG8,Animals(M),IDP,Negative
Q7TNH6,Animals(M),IDP,Negative
Q7TNK8,Animals(M),IDP,Negative
Q7TNU7,Animals(M),IDP,Negative
Q7TNV1,Animals(M),IDP,Negative
Q7TNV8,Animals(M),IDP,Negative
Q7TNY6,Animals(M),IDP,Negative
Q7TP36,Animals(M),IDP,Negative
Q7TP40,Animals(M),IDP,Negative
Q7TPC1,Animals(M),IDP,Negative
Q7TPD1,Animals(M),IDP,Negative
Q7TPD2,Animals(M),IDP,Negative
Q7TPM9,Animals(M),non-IDP,Negative
Q7TPN9,Animals(M),IDP,Negative
Q7TPQ3,Animals(M),IDP,Negative
Q7TPY9,Animals(M),IDP,Negative
Q7TQ07,Animals(M),IDP,Negative
Q7TQ40,Animals(M),IDP,Negative
Q7TQ62,Animals(M),IDP,Negative
Q7TQ69,Animals(M),IDP,Negative
Q7TQE7,Animals(M),IDP,Negative
Q7TQF2,Animals(M),IDP,Negative
Q7TQG0,Animals(M),IDP,Negative
Q7TQK1,Animals(M),IDP,Negative
Q7TQM5,Animals(M),IDP,Negative
Q7TQN8,Animals(M),IDP,Negative
Q7TQP6,Animals(M),IDP,Negative
Q7TS55,Animals(M),IDP,Negative
Q7TS74,Animals(M),IDP,Negative
Q7TS75,Animals(M),IDP,Negative
Q7TSA6,Animals(M),IDP,Negative
Q7TSC3,Animals(M),IDP,Negative
Q7TSD4,Animals(M),IDP,Negative
Q7TSG3,Animals(M),IDP,Negative
Q7TSH2,Animals(M),IDP,Negative
Q7TSH8,Animals(M),IDP,Negative
Q7TSI1,Animals(M),IDP,Negative
Q7TSK2,Animals(M),IDP,Negative
Q7TSK7,Animals(M),IDP,Negative
Q7TSN6,Animals(M),IDP,Negative
Q7TSQ1,Animals(M),IDP,Negative
Q7TSS2,Animals(M),IDP,Negative
Q7TSV3,Animals(M),IDP,Negative
Q7TT23,Animals(M),IDP,Negative
Q7TT37,Animals(M),IDP,Negative
Q7TT45,Animals(M),IDP,Negative
Q7VGD9,Prokaryotes,IDP,Negative
Q7VLK4,Prokaryotes,IDP,Negative
Q7VQI9,Prokaryotes,non-IDP,Negative
Q7WY73,Prokaryotes,non-IDP,Negative
Q7X7L3,Plants,IDP,Negative
Q7XA40,Plants,non-IDP,Negative
Q7XEZ4,Plants,IDP,Negative
Q7XIZ1,Plants,IDP,Negative
Q7XKA8,Plants,IDP,Negative
Q7XL73,Plants,IDP,Negative
Q7XLX6,Plants,IDP,Negative
Q7XPY5,Plants,IDP,Negative
Q7XRU4,Plants,non-IDP,Negative
Q7XSN6,Plants,IDP,Negative
Q7XSQ7,Plants,IDP,Negative
Q7XSZ4,Plants,non-IDP,Negative
Q7XTF8,Plants,IDP,Negative
Q7XUW5,Plants,IDP,Negative
Q7XV21,Plants,IDP,Negative
Q7XXN4,Plants,IDP,Negative
Q7Y1C8,Plants,IDP,Negative
Q7Y2B9,Viruses,IDP,Negative
Q7YQD7,Animals(M),IDP,Negative
Q7YQJ3,Animals(M),IDP,Negative
Q7YR36,Animals(M),IDP,Negative
Q7YR45,Animals(M),IDP,Negative
Q7YR70,Animals(M),IDP,Negative
Q7YRH6,Animals(M),non-IDP,Negative
Q7YRP1,Animals(M),non-IDP,Negative
Q7YS70,Animals(M),non-IDP,Negative
Q7YS88,Animals(M),non-IDP,Negative
Q7YWN4,Animals(NM),IDP,Negative
Q7Z0G7,Animals(NM),IDP,Negative
Q7Z0T3,Animals(NM),IDP,Negative
Q7Z144,Animals(NM),non-IDP,Negative
Q7Z2R9,Animals(M),IDP,Negative
Q7Z2V1,Animals(M),IDP,Negative
Q7Z3B0,Animals(M),IDP,Negative
Q7Z449,Animals(M),IDP,Negative
Q7Z4L0,Animals(M),non-IDP,Negative
Q7Z4S9,Animals(M),IDP,Negative
Q7Z5D8,Animals(M),IDP,Negative
Q7Z5L0,Animals(M),non-IDP,Negative
Q7Z5L3,Animals(M),IDP,Negative
Q7Z601,Animals(M),IDP,Negative
Q7Z602,Animals(M),non-IDP,Negative
Q7Z6I5,Animals(M),IDP,Negative
Q7Z6K3,Animals(M),non-IDP,Negative
Q7Z7M1,Animals(M),IDP,Negative
Q7Z9L4,Fungi,IDP,Negative
Q7ZTY6,Animals(NM),IDP,Negative
Q7ZUM8,Animals(NM),IDP,Negative
Q7ZV14,Animals(NM),non-IDP,Negative
Q7ZV35,Animals(NM),IDP,Negative
Q7ZVX0,Animals(NM),IDP,Negative
Q7ZVX6,Animals(NM),IDP,Negative
Q7ZWC3,Animals(NM),non-IDP,Negative
Q7ZWG6,Animals(NM),IDP,Negative
Q7ZWS1,Animals(NM),IDP,Negative
Q7ZXY4,Animals(NM),IDP,Negative
Q7ZYB4,Animals(NM),IDP,Negative
Q7ZYD9,Animals(NM),IDP,Negative
Q7ZYI9,Animals(NM),IDP,Negative
Q7ZYM8,Animals(NM),IDP,Negative
Q7ZYZ7,Animals(NM),IDP,Negative
Q7ZZL8,Animals(NM),IDP,Negative
Q800H9,Animals(NM),IDP,Negative
Q800I7,Animals(NM),IDP,Negative
Q801S8,Animals(NM),IDP,Negative
Q802V6,Animals(NM),IDP,Negative
Q803K4,Animals(NM),IDP,Negative
Q803T2,Animals(NM),IDP,Negative
Q805D4,Animals(NM),IDP,Negative
Q80GM6,Viruses,non-IDP,Negative
Q80HT7,Viruses,IDP,Negative
Q80SU7,Animals(M),IDP,Negative
Q80SV1,Animals(M),non-IDP,Negative
Q80SX8,Animals(M),IDP,Negative
Q80SY5,Animals(M),IDP,Negative
Q80SY6,Animals(M),non-IDP,Negative
Q80T03,Animals(M),IDP,Negative
Q80T22,Animals(M),IDP,Negative
Q80T23,Animals(M),IDP,Negative
Q80T32,Animals(M),IDP,Negative
Q80T69,Animals(M),IDP,Negative
Q80T74,Animals(M),IDP,Negative
Q80TA9,Animals(M),IDP,Negative
Q80TB7,Animals(M),IDP,Negative
Q80TC5,Animals(M),IDP,Negative
Q80TE3,Animals(M),IDP,Negative
Q80TG1,Animals(M),IDP,Negative
Q80TI0,Animals(M),IDP,Negative
Q80TL7,Animals(M),IDP,Negative
Q80TM9,Animals(M),IDP,Negative
Q80TN5,Animals(M),IDP,Negative
Q80TQ5,Animals(M),IDP,Negative
Q80TS8,Animals(M),IDP,Negative
Q80TT2,Animals(M),IDP,Negative
Q80TT8,Animals(M),IDP,Negative
Q80U22,Animals(M),IDP,Negative
Q80U30,Animals(M),IDP,Negative
Q80U35,Animals(M),IDP,Negative
Q80U44,Animals(M),IDP,Negative
Q80U56,Animals(M),IDP,Negative
Q80U62,Animals(M),IDP,Negative
Q80UG8,Animals(M),IDP,Negative
Q80UJ1,Animals(M),IDP,Negative
Q80UK8,Animals(M),IDP,Negative
Q80UN1,Animals(M),non-IDP,Negative
Q80UN9,Animals(M),IDP,Negative
Q80US4,Animals(M),IDP,Negative
Q80UU1,Animals(M),IDP,Negative
Q80UW0,Animals(M),IDP,Negative
Q80UW3,Animals(M),IDP,Negative
Q80UY1,Animals(M),IDP,Negative
Q80UZ0,Animals(M),IDP,Negative
Q80V03,Animals(M),non-IDP,Negative
Q80V24,Animals(M),IDP,Negative
Q80V53,Animals(M),IDP,Negative
Q80V91,Animals(M),IDP,Negative
Q80V94,Animals(M),IDP,Negative
Q80VA0,Animals(M),IDP,Negative
Q80VA5,Animals(M),IDP,Negative
Q80VH0,Animals(M),IDP,Negative
Q80VJ3,Animals(M),non-IDP,Negative
Q80VJ8,Animals(M),IDP,Negative
Q80VL3,Animals(M),IDP,Negative
Q80VM4,Animals(M),IDP,Negative
Q80VM9,Animals(M),IDP,Negative
Q80VN0,Animals(M),IDP,Negative
Q80VP0,Animals(M),IDP,Negative
Q80VP1,Animals(M),IDP,Negative
Q80VP2,Animals(M),IDP,Negative
Q80VW7,Animals(M),IDP,Negative
Q80VY2,Animals(M),IDP,Negative
Q80W04,Animals(M),IDP,Negative
Q80W14,Animals(M),IDP,Negative
Q80W35,Animals(M),IDP,Negative
Q80W49,Animals(M),IDP,Negative
Q80W65,Animals(M),IDP,Negative
Q80W68,Animals(M),IDP,Negative
Q80WB5,Animals(M),non-IDP,Negative
Q80WC3,Animals(M),IDP,Negative
Q80WC9,Animals(M),IDP,Negative
Q80WJ1,Animals(M),IDP,Negative
Q80WK7,Animals(M),IDP,Negative
Q80WM3,Animals(M),IDP,Negative
Q80WQ9,Animals(M),IDP,Negative
Q80WS1,Animals(M),IDP,Negative
Q80WT2,Animals(M),IDP,Negative
Q80WT4,Animals(M),IDP,Negative
Q80WT5,Animals(M),IDP,Negative
Q80WV3,Animals(M),IDP,Negative
Q80WY3,Animals(M),IDP,Negative
Q80WY6,Animals(M),IDP,Negative
Q80X86,Animals(M),non-IDP,Negative
Q80X91,Animals(M),IDP,Negative
Q80XA0,Animals(M),IDP,Negative
Q80XB4,Animals(M),IDP,Negative
Q80XC3,Animals(M),IDP,Negative
Q80XC6,Animals(M),IDP,Negative
Q80XH1,Animals(M),IDP,Negative
Q80XH2,Animals(M),IDP,Negative
Q80XI1,Animals(M),IDP,Negative
Q80XI7,Animals(M),IDP,Negative
Q80XJ3,Animals(M),IDP,Negative
Q80XK6,Animals(M),IDP,Negative
Q80XM9,Animals(M),IDP,Negative
Q80XP9,Animals(M),IDP,Negative
Q80XQ2,Animals(M),IDP,Negative
Q80XS7,Animals(M),IDP,Negative
Q80Y14,Animals(M),non-IDP,Negative
Q80Y19,Animals(M),IDP,Negative
Q80Y98,Animals(M),IDP,Negative
Q80YA7,Animals(M),non-IDP,Negative
Q80YD3,Animals(M),IDP,Negative
Q80YE4,Animals(M),IDP,Negative
Q80YR3,Animals(M),IDP,Negative
Q80YS5,Animals(M),IDP,Negative
Q80YS9,Animals(M),IDP,Negative
Q80YV3,Animals(M),IDP,Negative
Q80YW5,Animals(M),IDP,Negative
Q80YY7,Animals(M),IDP,Negative
Q80Z71,Animals(M),IDP,Negative
Q80ZA7,Animals(M),IDP,Negative
Q80ZE3,Animals(M),IDP,Negative
Q80ZF0,Animals(M),IDP,Negative
Q80ZJ8,Animals(M),IDP,Negative
Q80ZM3,Animals(M),non-IDP,Negative
Q80ZM7,Animals(M),non-IDP,Negative
Q80ZQ3,Animals(M),IDP,Negative
Q80ZQ5,Animals(M),IDP,Negative
Q80ZQ9,Animals(M),non-IDP,Negative
Q80ZU9,Animals(M),IDP,Negative
Q810B9,Animals(M),IDP,Negative
Q810M5,Animals(M),IDP,Negative
Q810M6,Animals(M),IDP,Negative
Q810N5,Animals(M),IDP,Negative
Q810N6,Animals(M),IDP,Negative
Q810N9,Animals(M),IDP,Negative
Q810Q5,Animals(M),IDP,Negative
Q810S2,Animals(M),IDP,Negative
Q810T2,Animals(M),IDP,Negative
Q810T5,Animals(M),IDP,Negative
Q810U0,Animals(M),IDP,Negative
Q810U2,Animals(M),IDP,Negative
Q811B1,Animals(M),IDP,Negative
Q811F1,Animals(M),IDP,Negative
Q811G0,Animals(M),IDP,Negative
Q811I0,Animals(M),IDP,Negative
Q811Q9,Animals(M),IDP,Negative
Q811V6,Animals(M),IDP,Negative
Q811W1,Animals(M),IDP,Negative
Q812F8,Animals(M),non-IDP,Negative
Q82DT3,Prokaryotes,IDP,Negative
Q82P90,Prokaryotes,non-IDP,Negative
Q82XQ7,Prokaryotes,non-IDP,Negative
Q82ZM8,Prokaryotes,IDP,Negative
Q83929,Viruses,non-IDP,Negative
Q83AC6,Prokaryotes,non-IDP,Negative
Q84513,Viruses,non-IDP,Negative
Q84J75,Plants,non-IDP,Negative
Q84J78,Plants,IDP,Negative
Q84JG5,Plants,IDP,Negative
Q84L08,Plants,IDP,Negative
Q84MB5,Plants,IDP,Negative
Q84MC1,Plants,IDP,Negative
Q84MD6,Plants,IDP,Negative
Q84MZ4,Plants,IDP,Negative
Q84QY3,Plants,IDP,Negative
Q84VV6,Plants,non-IDP,Negative
Q84WD3,Plants,IDP,Negative
Q84WK5,Plants,non-IDP,Negative
Q852K8,Plants,IDP,Negative
Q858H1,Viruses,IDP,Negative
Q85A84,Plants,non-IDP,Negative
Q85BV1,Plants,IDP,Negative
Q85C28,Plants,IDP,Negative
Q861Q9,Animals(M),IDP,Negative
Q861R7,Animals(M),IDP,Negative
Q862A8,Animals(M),IDP,Negative
Q863J2,Animals(M),non-IDP,Negative
Q863Z5,Animals(M),IDP,Negative
Q864P9,Animals(M),IDP,Negative
Q864T8,Animals(M),non-IDP,Negative
Q864V4,Animals(M),non-IDP,Negative
Q865F0,Animals(M),IDP,Negative
Q865K9,Animals(M),non-IDP,Negative
Q865S0,Animals(M),IDP,Negative
Q866G7,Animals(M),IDP,Negative
Q866X6,Animals(M),IDP,Negative
Q866Y3,Animals(M),IDP,Negative
Q866Y9,Animals(M),IDP,Negative
Q867B5,Animals(M),IDP,Negative
Q86BF9,Animals(NM),IDP,Negative
Q86QS6,Animals(NM),IDP,Negative
Q86SG4,Animals(M),IDP,Negative
Q86T23,Animals(M),IDP,Negative
Q86TD4,Animals(M),IDP,Negative
Q86TU6,Animals(M),IDP,Negative
Q86TZ1,Animals(M),non-IDP,Negative
Q86UQ5,Animals(M),IDP,Negative
Q86W28,Animals(M),IDP,Negative
Q86WN2,Animals(M),IDP,Negative
Q86WR6,Animals(M),IDP,Negative
Q86XQ3,Animals(M),IDP,Negative
Q86XR2,Animals(M),IDP,Negative
Q86XR5,Animals(M),IDP,Negative
Q86XS5,Animals(M),IDP,Negative
Q86XT9,Animals(M),IDP,Negative
Q86Y34,Animals(M),IDP,Negative
Q86YR6,Animals(M),IDP,Negative
Q86YT9,Animals(M),IDP,Negative
Q86YW7,Animals(M),non-IDP,Negative
Q874X5,Fungi,non-IDP,Negative
Q875X4,Fungi,IDP,Negative
Q88940,Viruses,IDP,Negative
Q88V02,Prokaryotes,non-IDP,Negative
Q88Z33,Prokaryotes,non-IDP,Negative
Q89769,Viruses,IDP,Negative
Q89AT1,Prokaryotes,IDP,Negative
Q89AZ5,Prokaryotes,non-IDP,Negative
Q89F27,Prokaryotes,IDP,Negative
Q8A1G1,Prokaryotes,IDP,Negative
Q8A1G2,Prokaryotes,non-IDP,Negative
Q8AVW3,Animals(NM),IDP,Negative
Q8AWW5,Animals(NM),IDP,Negative
Q8AXA0,Animals(NM),non-IDP,Negative
Q8AZL9,Viruses,IDP,Negative
Q8BFQ6,Animals(M),IDP,Negative
Q8BFR1,Animals(M),IDP,Negative
Q8BFT6,Animals(M),IDP,Negative
Q8BFU1,Animals(M),IDP,Negative
Q8BFW4,Animals(M),IDP,Negative
Q8BFW9,Animals(M),IDP,Negative
Q8BFX1,Animals(M),IDP,Negative
Q8BFX3,Animals(M),IDP,Negative
Q8BFY0,Animals(M),IDP,Negative
Q8BG21,Animals(M),IDP,Negative
Q8BG22,Animals(M),IDP,Negative
Q8BG28,Animals(M),non-IDP,Negative
Q8BG34,Animals(M),IDP,Negative
Q8BG54,Animals(M),IDP,Negative
Q8BG58,Animals(M),IDP,Negative
Q8BG79,Animals(M),IDP,Negative
Q8BG80,Animals(M),IDP,Negative
Q8BG84,Animals(M),IDP,Negative
Q8BG87,Animals(M),IDP,Negative
Q8BG93,Animals(M),IDP,Negative
Q8BG99,Animals(M),IDP,Negative
Q8BGB8,Animals(M),non-IDP,Negative
Q8BGC1,Animals(M),IDP,Negative
Q8BGC9,Animals(M),IDP,Negative
Q8BGD6,Animals(M),IDP,Negative
Q8BGE5,Animals(M),IDP,Negative
Q8BGE9,Animals(M),non-IDP,Negative
Q8BGF8,Animals(M),IDP,Negative
Q8BGJ3,Animals(M),IDP,Negative
Q8BGK5,Animals(M),IDP,Negative
Q8BGK9,Animals(M),IDP,Negative
Q8BGN2,Animals(M),non-IDP,Negative
Q8BGN5,Animals(M),IDP,Negative
Q8BGN6,Animals(M),IDP,Negative
Q8BGN9,Animals(M),IDP,Negative
Q8BGP5,Animals(M),IDP,Negative
Q8BGQ1,Animals(M),IDP,Negative
Q8BGQ4,Animals(M),IDP,Negative
Q8BGQ6,Animals(M),IDP,Negative
Q8BGR6,Animals(M),non-IDP,Negative
Q8BGS1,Animals(M),IDP,Negative
Q8BGS7,Animals(M),IDP,Negative
Q8BGV0,Animals(M),non-IDP,Negative
Q8BGV4,Animals(M),IDP,Negative
Q8BGV8,Animals(M),IDP,Negative
Q8BGV9,Animals(M),IDP,Negative
Q8BGW8,Animals(M),IDP,Negative
Q8BGX7,Animals(M),IDP,Negative
Q8BGY5,Animals(M),IDP,Negative
Q8BGY9,Animals(M),IDP,Negative
Q8BH01,Animals(M),IDP,Negative
Q8BH02,Animals(M),IDP,Negative
Q8BH06,Animals(M),IDP,Negative
Q8BH27,Animals(M),IDP,Negative
Q8BH31,Animals(M),IDP,Negative
Q8BH32,Animals(M),IDP,Negative
Q8BH49,Animals(M),IDP,Negative
Q8BH52,Animals(M),IDP,Negative
Q8BH53,Animals(M),IDP,Negative
Q8BH82,Animals(M),IDP,Negative
Q8BH83,Animals(M),IDP,Negative
Q8BHB3,Animals(M),IDP,Negative
Q8BHB7,Animals(M),IDP,Negative
Q8BHC9,Animals(M),IDP,Negative
Q8BHE3,Animals(M),IDP,Negative
Q8BHG1,Animals(M),IDP,Negative
Q8BHG9,Animals(M),non-IDP,Negative
Q8BHK6,Animals(M),IDP,Negative
Q8BHL6,Animals(M),IDP,Negative
Q8BHN7,Animals(M),non-IDP,Negative
Q8BHP7,Animals(M),IDP,Negative
Q8BHT6,Animals(M),IDP,Negative
Q8BHY8,Animals(M),IDP,Negative
Q8BI17,Animals(M),IDP,Negative
Q8BI22,Animals(M),IDP,Negative
Q8BI29,Animals(M),IDP,Negative
Q8BI41,Animals(M),IDP,Negative
Q8BI55,Animals(M),IDP,Negative
Q8BI69,Animals(M),IDP,Negative
Q8BI73,Animals(M),IDP,Negative
Q8BI79,Animals(M),IDP,Negative
Q8BIA3,Animals(M),IDP,Negative
Q8BIA4,Animals(M),IDP,Negative
Q8BID6,Animals(M),IDP,Negative
Q8BIG2,Animals(M),IDP,Negative
Q8BIG7,Animals(M),non-IDP,Negative
Q8BIQ8,Animals(M),non-IDP,Negative
Q8BIV7,Animals(M),IDP,Negative
Q8BIW9,Animals(M),IDP,Negative
Q8BIY1,Animals(M),IDP,Negative
Q8BJ37,Animals(M),IDP,Negative
Q8BJ66,Animals(M),IDP,Negative
Q8BJD1,Animals(M),IDP,Negative
Q8BJI4,Animals(M),IDP,Negative
Q8BJL1,Animals(M),IDP,Negative
Q8BJM3,Animals(M),IDP,Negative
Q8BJN4,Animals(M),IDP,Negative
Q8BJS8,Animals(M),IDP,Negative
Q8BJT9,Animals(M),IDP,Negative
Q8BK75,Animals(M),IDP,Negative
Q8BKA3,Animals(M),IDP,Negative
Q8BKE9,Animals(M),IDP,Negative
Q8BKN6,Animals(M),IDP,Negative
Q8BKR5,Animals(M),IDP,Negative
Q8BKT2,Animals(M),IDP,Negative
Q8BKT8,Animals(M),IDP,Negative
Q8BKX7,Animals(M),IDP,Negative
Q8BKY8,Animals(M),non-IDP,Negative
Q8BL00,Animals(M),IDP,Negative
Q8BL06,Animals(M),IDP,Negative
Q8BL43,Animals(M),IDP,Negative
Q8BL95,Animals(M),IDP,Negative
Q8BL99,Animals(M),IDP,Negative
Q8BLA1,Animals(M),IDP,Negative
Q8BLD6,Animals(M),IDP,Negative
Q8BLD9,Animals(M),IDP,Negative
Q8BLF2,Animals(M),IDP,Negative
Q8BLH5,Animals(M),IDP,Negative
Q8BLH7,Animals(M),IDP,Negative
Q8BLI0,Animals(M),IDP,Negative
Q8BLK9,Animals(M),IDP,Negative
Q8BLN5,Animals(M),IDP,Negative
Q8BLR5,Animals(M),IDP,Negative
Q8BLR9,Animals(M),IDP,Negative
Q8BLV3,Animals(M),IDP,Negative
Q8BLX7,Animals(M),IDP,Negative
Q8BLY1,Animals(M),IDP,Negative
Q8BM15,Animals(M),IDP,Negative
Q8BM47,Animals(M),IDP,Negative
Q8BM54,Animals(M),non-IDP,Negative
Q8BM88,Animals(M),non-IDP,Negative
Q8BM89,Animals(M),IDP,Negative
Q8BM96,Animals(M),IDP,Negative
Q8BMD5,Animals(M),IDP,Negative
Q8BMD7,Animals(M),IDP,Negative
Q8BMI0,Animals(M),IDP,Negative
Q8BMJ7,Animals(M),IDP,Negative
Q8BML2,Animals(M),IDP,Negative
Q8BMT9,Animals(M),non-IDP,Negative
Q8BMW7,Animals(M),non-IDP,Negative
Q8BMZ5,Animals(M),IDP,Negative
Q8BN57,Animals(M),IDP,Negative
Q8BN59,Animals(M),IDP,Negative
Q8BND4,Animals(M),IDP,Negative
Q8BNJ3,Animals(M),non-IDP,Negative
Q8BNX1,Animals(M),IDP,Negative
Q8BNX7,Animals(M),IDP,Negative
Q8BP01,Animals(M),IDP,Negative
Q8BP27,Animals(M),IDP,Negative
Q8BP56,Animals(M),IDP,Negative
Q8BP74,Animals(M),IDP,Negative
Q8BP78,Animals(M),IDP,Negative
Q8BP99,Animals(M),IDP,Negative
Q8BPM6,Animals(M),IDP,Negative
Q8BPS4,Animals(M),IDP,Negative
Q8BPY9,Animals(M),IDP,Negative
Q8BQ33,Animals(M),IDP,Negative
Q8BQ86,Animals(M),IDP,Negative
Q8BQB4,Animals(M),IDP,Negative
Q8BQJ6,Animals(M),non-IDP,Negative
Q8BQM4,Animals(M),IDP,Negative
Q8BQM8,Animals(M),IDP,Negative
Q8BQQ1,Animals(M),IDP,Negative
Q8BQS5,Animals(M),IDP,Negative
Q8BQU6,Animals(M),IDP,Negative
Q8BQU7,Animals(M),IDP,Negative
Q8BQX5,Animals(M),non-IDP,Negative
Q8BRC6,Animals(M),IDP,Negative
Q8BRE0,Animals(M),IDP,Negative
Q8BRG8,Animals(M),IDP,Negative
Q8BRH0,Animals(M),IDP,Negative
Q8BRJ4,Animals(M),IDP,Negative
Q8BRM6,Animals(M),IDP,Negative
Q8BRV5,Animals(M),IDP,Negative
Q8BS35,Animals(M),IDP,Negative
Q8BS39,Animals(M),IDP,Negative
Q8BSD4,Animals(M),IDP,Negative
Q8BSI6,Animals(M),IDP,Negative
Q8BSM5,Animals(M),IDP,Negative
Q8BSN5,Animals(M),IDP,Negative
Q8BSN9,Animals(M),IDP,Negative
Q8BST6,Animals(M),IDP,Negative
Q8BSV3,Animals(M),IDP,Negative
Q8BT18,Animals(M),IDP,Negative
Q8BT51,Animals(M),IDP,Negative
Q8BTE0,Animals(M),IDP,Negative
Q8BTN6,Animals(M),IDP,Negative
Q8BTU7,Animals(M),IDP,Negative
Q8BTW8,Animals(M),IDP,Negative
Q8BU04,Animals(M),IDP,Negative
Q8BU51,Animals(M),non-IDP,Negative
Q8BU85,Animals(M),IDP,Negative
Q8BU88,Animals(M),non-IDP,Negative
Q8BUB6,Animals(M),IDP,Negative
Q8BUE7,Animals(M),IDP,Negative
Q8BUG5,Animals(M),IDP,Negative
Q8BUH7,Animals(M),IDP,Negative
Q8BUI3,Animals(M),IDP,Negative
Q8BUM9,Animals(M),IDP,Negative
Q8BUN9,Animals(M),IDP,Negative
Q8BUP8,Animals(M),IDP,Negative
Q8BUY5,Animals(M),IDP,Negative
Q8BUZ3,Animals(M),IDP,Negative
Q8BV57,Animals(M),IDP,Negative
Q8BV79,Animals(M),IDP,Negative
Q8BVA2,Animals(M),IDP,Negative
Q8BVA4,Animals(M),IDP,Negative
Q8BVC1,Animals(M),IDP,Negative
Q8BVC4,Animals(M),IDP,Negative
Q8BVF9,Animals(M),IDP,Negative
Q8BVM2,Animals(M),IDP,Negative
Q8BVN0,Animals(M),IDP,Negative
Q8BVN3,Animals(M),IDP,Negative
Q8BVT6,Animals(M),IDP,Negative
Q8BVU0,Animals(M),IDP,Negative
Q8BVU5,Animals(M),IDP,Negative
Q8BW00,Animals(M),non-IDP,Negative
Q8BW49,Animals(M),IDP,Negative
Q8BW56,Animals(M),IDP,Negative
Q8BW70,Animals(M),IDP,Negative
Q8BW86,Animals(M),IDP,Negative
Q8BW88,Animals(M),IDP,Negative
Q8BWA8,Animals(M),IDP,Negative
Q8BWB1,Animals(M),IDP,Negative
Q8BWB6,Animals(M),IDP,Negative
Q8BWC0,Animals(M),IDP,Negative
Q8BWD8,Animals(M),IDP,Negative
Q8BWG9,Animals(M),IDP,Negative
Q8BWH0,Animals(M),IDP,Negative
Q8BWJ4,Animals(M),IDP,Negative
Q8BWQ5,Animals(M),IDP,Negative
Q8BWQ6,Animals(M),IDP,Negative
Q8BWR2,Animals(M),IDP,Negative
Q8BWR4,Animals(M),IDP,Negative
Q8BWU1,Animals(M),IDP,Negative
Q8BWU3,Animals(M),IDP,Negative
Q8BWY7,Animals(M),IDP,Negative
Q8BX05,Animals(M),IDP,Negative
Q8BX07,Animals(M),non-IDP,Negative
Q8BX37,Animals(M),non-IDP,Negative
Q8BX43,Animals(M),IDP,Negative
Q8BX46,Animals(M),IDP,Negative
Q8BX57,Animals(M),IDP,Negative
Q8BX80,Animals(M),IDP,Negative
Q8BXA1,Animals(M),IDP,Negative
Q8BXC6,Animals(M),non-IDP,Negative
Q8BXK4,Animals(M),IDP,Negative
Q8BXN9,Animals(M),IDP,Negative
Q8BXQ6,Animals(M),IDP,Negative
Q8BXQ8,Animals(M),IDP,Negative
Q8BXR9,Animals(M),IDP,Negative
Q8BXS7,Animals(M),IDP,Negative
Q8BXX2,Animals(M),IDP,Negative
Q8BXX9,Animals(M),IDP,Negative
Q8BXZ1,Animals(M),IDP,Negative
Q8BY79,Animals(M),IDP,Negative
Q8BY98,Animals(M),IDP,Negative
Q8BYG0,Animals(M),IDP,Negative
Q8BYH3,Animals(M),IDP,Negative
Q8BYI8,Animals(M),IDP,Negative
Q8BYJ6,Animals(M),IDP,Negative
Q8BYL4,Animals(M),non-IDP,Negative
Q8BYR1,Animals(M),IDP,Negative
Q8BYZ1,Animals(M),IDP,Negative
Q8BZ05,Animals(M),IDP,Negative
Q8BZ10,Animals(M),IDP,Negative
Q8BZ25,Animals(M),non-IDP,Negative
Q8BZ32,Animals(M),IDP,Negative
Q8BZ97,Animals(M),IDP,Negative
Q8BZA7,Animals(M),non-IDP,Negative
Q8BZB2,Animals(M),non-IDP,Negative
Q8BZB3,Animals(M),IDP,Negative
Q8BZI0,Animals(M),IDP,Negative
Q8BZI6,Animals(M),non-IDP,Negative
Q8BZJ8,Animals(M),IDP,Negative
Q8BZK4,Animals(M),IDP,Negative
Q8BZL4,Animals(M),IDP,Negative
Q8BZQ7,Animals(M),IDP,Negative
Q8BZT2,Animals(M),IDP,Negative
Q8BZW2,Animals(M),IDP,Negative
Q8BZX4,Animals(M),IDP,Negative
Q8C010,Animals(M),IDP,Negative
Q8C080,Animals(M),IDP,Negative
Q8C092,Animals(M),IDP,Negative
Q8C0C4,Animals(M),IDP,Negative
Q8C0D5,Animals(M),IDP,Negative
Q8C0E3,Animals(M),IDP,Negative
Q8C0G2,Animals(M),IDP,Negative
Q8C0J6,Animals(M),IDP,Negative
Q8C0L0,Animals(M),IDP,Negative
Q8C0L8,Animals(M),IDP,Negative
Q8C0M0,Animals(M),IDP,Negative
Q8C0Q2,Animals(M),IDP,Negative
Q8C0T7,Animals(M),IDP,Negative
Q8C0V1,Animals(M),IDP,Negative
Q8C0V7,Animals(M),IDP,Negative
Q8C0V9,Animals(M),IDP,Negative
Q8C0W1,Animals(M),IDP,Negative
Q8C0X0,Animals(M),IDP,Negative
Q8C0X2,Animals(M),IDP,Negative
Q8C0X7,Animals(M),IDP,Negative
Q8C0Y0,Animals(M),IDP,Negative
Q8C0Z1,Animals(M),IDP,Negative
Q8C102,Animals(M),IDP,Negative
Q8C115,Animals(M),IDP,Negative
Q8C129,Animals(M),IDP,Negative
Q8C156,Animals(M),IDP,Negative
Q8C176,Animals(M),IDP,Negative
Q8C1A9,Animals(M),non-IDP,Negative
Q8C1D8,Animals(M),IDP,Negative
Q8C1F4,Animals(M),IDP,Negative
Q8C1M2,Animals(M),IDP,Negative
Q8C1Q6,Animals(M),non-IDP,Negative
Q8C1R3,Animals(M),IDP,Negative
Q8C1W1,Animals(M),IDP,Negative
Q8C208,Animals(M),IDP,Negative
Q8C267,Animals(M),IDP,Negative
Q8C2A2,Animals(M),IDP,Negative
Q8C2K1,Animals(M),IDP,Negative
Q8C2K5,Animals(M),IDP,Negative
Q8C2P3,Animals(M),IDP,Negative
Q8C310,Animals(M),IDP,Negative
Q8C351,Animals(M),IDP,Negative
Q8C3F7,Animals(M),IDP,Negative
Q8C3I9,Animals(M),non-IDP,Negative
Q8C3K5,Animals(M),IDP,Negative
Q8C3L1,Animals(M),IDP,Negative
Q8C3M9,Animals(M),IDP,Negative
Q8C3S2,Animals(M),IDP,Negative
Q8C428,Animals(M),IDP,Negative
Q8C436,Animals(M),non-IDP,Negative
Q8C4A5,Animals(M),IDP,Negative
Q8C4B4,Animals(M),IDP,Negative
Q8C4H2,Animals(M),IDP,Negative
Q8C4J0,Animals(M),IDP,Negative
Q8C4N4,Animals(M),non-IDP,Negative
Q8C4U2,Animals(M),IDP,Negative
Q8C4W3,Animals(M),non-IDP,Negative
Q8C4X7,Animals(M),IDP,Negative
Q8C4Y3,Animals(M),IDP,Negative
Q8C503,Animals(M),IDP,Negative
Q8C522,Animals(M),IDP,Negative
Q8C525,Animals(M),IDP,Negative
Q8C547,Animals(M),IDP,Negative
Q8C552,Animals(M),IDP,Negative
Q8C561,Animals(M),IDP,Negative
Q8C567,Animals(M),IDP,Negative
Q8C581,Animals(M),IDP,Negative
Q8C5C9,Animals(M),IDP,Negative
Q8C5N5,Animals(M),IDP,Negative
Q8C5P5,Animals(M),non-IDP,Negative
Q8C5P7,Animals(M),IDP,Negative
Q8C5R2,Animals(M),IDP,Negative
Q8C5U9,Animals(M),IDP,Negative
Q8C5W3,Animals(M),non-IDP,Negative
Q8C5W4,Animals(M),IDP,Negative
Q8C624,Animals(M),IDP,Negative
Q8C636,Animals(M),IDP,Negative
Q8C6D4,Animals(M),IDP,Negative
Q8C6E0,Animals(M),IDP,Negative
Q8C6G1,Animals(M),IDP,Negative
Q8C6G8,Animals(M),IDP,Negative
Q8C6P8,Animals(M),IDP,Negative
Q8C6U2,Animals(M),non-IDP,Negative
Q8C6V3,Animals(M),IDP,Negative
Q8C6Z1,Animals(M),IDP,Negative
Q8C708,Animals(M),IDP,Negative
Q8C753,Animals(M),IDP,Negative
Q8C761,Animals(M),IDP,Negative
Q8C779,Animals(M),IDP,Negative
Q8C790,Animals(M),IDP,Negative
Q8C7B6,Animals(M),IDP,Negative
Q8C7D2,Animals(M),IDP,Negative
Q8C7E7,Animals(M),IDP,Negative
Q8C7M3,Animals(M),IDP,Negative
Q8C7U1,Animals(M),IDP,Negative
Q8C7V8,Animals(M),IDP,Negative
Q8C811,Animals(M),IDP,Negative
Q8C817,Animals(M),IDP,Negative
Q8C828,Animals(M),non-IDP,Negative
Q8C838,Animals(M),IDP,Negative
Q8C886,Animals(M),IDP,Negative
Q8C8K3,Animals(M),IDP,Negative
Q8C8N3,Animals(M),IDP,Negative
Q8C8T8,Animals(M),IDP,Negative
Q8C8Y5,Animals(M),IDP,Negative
Q8C963,Animals(M),IDP,Negative
Q8C966,Animals(M),IDP,Negative
Q8C9A2,Animals(M),IDP,Negative
Q8C9R9,Animals(M),IDP,Negative
Q8C9S4,Animals(M),IDP,Negative
Q8C9W3,Animals(M),IDP,Negative
Q8CA71,Animals(M),IDP,Negative
Q8CA72,Animals(M),non-IDP,Negative
Q8CAA5,Animals(M),IDP,Negative
Q8CAE9,Animals(M),IDP,Negative
Q8CAI1,Animals(M),IDP,Negative
Q8CAK1,Animals(M),non-IDP,Negative
Q8CAT8,Animals(M),IDP,Negative
Q8CAV0,Animals(M),non-IDP,Negative
Q8CB14,Animals(M),IDP,Negative
Q8CB44,Animals(M),IDP,Negative
Q8CB49,Animals(M),IDP,Negative
Q8CB59,Animals(M),IDP,Negative
Q8CB67,Animals(M),IDP,Negative
Q8CB87,Animals(M),IDP,Negative
Q8CBC4,Animals(M),IDP,Negative
Q8CBG9,Animals(M),non-IDP,Negative
Q8CBW7,Animals(M),IDP,Negative
Q8CBX9,Animals(M),IDP,Negative
Q8CBY3,Animals(M),IDP,Negative
Q8CC12,Animals(M),IDP,Negative
Q8CC88,Animals(M),IDP,Negative
Q8CC96,Animals(M),IDP,Negative
Q8CCA0,Animals(M),IDP,Negative
Q8CCB5,Animals(M),IDP,Negative
Q8CCE9,Animals(M),IDP,Negative
Q8CCN1,Animals(M),IDP,Negative
Q8CD26,Animals(M),IDP,Negative
Q8CD54,Animals(M),IDP,Negative
Q8CD78,Animals(M),IDP,Negative
Q8CD94,Animals(M),non-IDP,Negative
Q8CDA1,Animals(M),IDP,Negative
Q8CDF7,Animals(M),IDP,Negative
Q8CDG5,Animals(M),IDP,Negative
Q8CDI6,Animals(M),IDP,Negative
Q8CDI7,Animals(M),IDP,Negative
Q8CDJ3,Animals(M),IDP,Negative
Q8CDL9,Animals(M),IDP,Negative
Q8CDM4,Animals(M),IDP,Negative
Q8CDN1,Animals(M),IDP,Negative
Q8CDN9,Animals(M),non-IDP,Negative
Q8CDP0,Animals(M),IDP,Negative
Q8CDT7,Animals(M),IDP,Negative
Q8CDU4,Animals(M),IDP,Negative
Q8CDV0,Animals(M),IDP,Negative
Q8CDY7,Animals(M),IDP,Negative
Q8CE13,Animals(M),IDP,Negative
Q8CE22,Animals(M),IDP,Negative
Q8CE46,Animals(M),IDP,Negative
Q8CE47,Animals(M),IDP,Negative
Q8CE50,Animals(M),IDP,Negative
Q8CE64,Animals(M),IDP,Negative
Q8CE90,Animals(M),IDP,Negative
Q8CE93,Animals(M),IDP,Negative
Q8CE97,Animals(M),IDP,Negative
Q8CEE6,Animals(M),IDP,Negative
Q8CEF8,Animals(M),IDP,Negative
Q8CEG5,Animals(M),IDP,Negative
Q8CES0,Animals(M),IDP,Negative
Q8CEZ0,Animals(M),IDP,Negative
Q8CF02,Animals(M),IDP,Negative
Q8CF98,Animals(M),IDP,Negative
Q8CFC2,Animals(M),IDP,Negative
Q8CFE5,Animals(M),IDP,Negative
Q8CFG0,Animals(M),IDP,Negative
Q8CFI5,Animals(M),non-IDP,Negative
Q8CFL8,Animals(M),IDP,Negative
Q8CFV2,Animals(M),IDP,Negative
Q8CFW7,Animals(M),IDP,Negative
Q8CG07,Animals(M),IDP,Negative
Q8CG64,Animals(M),IDP,Negative
Q8CG79,Animals(M),IDP,Negative
Q8CG85,Animals(M),IDP,Negative
Q8CGA0,Animals(M),IDP,Negative
Q8CGB6,Animals(M),IDP,Negative
Q8CGD2,Animals(M),IDP,Negative
Q8CGK5,Animals(M),IDP,Negative
Q8CGL2,Animals(M),IDP,Negative
Q8CGN5,Animals(M),IDP,Negative
Q8CGN8,Animals(M),IDP,Negative
Q8CGR7,Animals(M),non-IDP,Negative
Q8CGS6,Animals(M),IDP,Negative
Q8CGU6,Animals(M),non-IDP,Negative
Q8CGW4,Animals(M),IDP,Negative
Q8CH01,Animals(M),IDP,Negative
Q8CH20,Animals(M),IDP,Negative
Q8CH62,Animals(M),non-IDP,Negative
Q8CHB8,Animals(M),IDP,Negative
Q8CHG5,Animals(M),IDP,Negative
Q8CHH5,Animals(M),IDP,Negative
Q8CHJ0,Animals(M),non-IDP,Negative
Q8CHK3,Animals(M),IDP,Negative
Q8CHM3,Animals(M),IDP,Negative
Q8CHP0,Animals(M),IDP,Negative
Q8CHQ9,Animals(M),IDP,Negative
Q8CHS4,Animals(M),non-IDP,Negative
Q8CHS8,Animals(M),IDP,Negative
Q8CHW5,Animals(M),IDP,Negative
Q8CI03,Animals(M),IDP,Negative
Q8CI17,Animals(M),IDP,Negative
Q8CI66,Animals(M),IDP,Negative
Q8CI71,Animals(M),IDP,Negative
Q8CI78,Animals(M),non-IDP,Negative
Q8CI95,Animals(M),IDP,Negative
Q8CIA9,Animals(M),IDP,Negative
Q8CIB9,Animals(M),IDP,Negative
Q8CIE4,Animals(M),IDP,Negative
Q8CIG0,Animals(M),IDP,Negative
Q8CIG3,Animals(M),IDP,Negative
Q8CIH9,Animals(M),non-IDP,Negative
Q8CII8,Animals(M),IDP,Negative
Q8CIS9,Animals(M),IDP,Negative
Q8CIT9,Animals(M),IDP,Negative
Q8CIV2,Animals(M),IDP,Negative
Q8CIV7,Animals(M),IDP,Negative
Q8CIZ9,Animals(M),IDP,Negative
Q8CJ11,Animals(M),IDP,Negative
Q8CJ19,Animals(M),IDP,Negative
Q8CJ61,Animals(M),IDP,Negative
Q8CJ78,Animals(M),IDP,Negative
Q8CJC5,Animals(M),IDP,Negative
Q8CJC7,Animals(M),IDP,Negative
Q8CJE2,Animals(M),IDP,Negative
Q8CJH3,Animals(M),IDP,Negative
Q8CJI3,Animals(M),IDP,Negative
Q8CW10,Prokaryotes,IDP,Negative
Q8D392,Prokaryotes,IDP,Negative
Q8D3B8,Prokaryotes,non-IDP,Negative
Q8DU62,Prokaryotes,IDP,Negative
Q8E310,Prokaryotes,non-IDP,Negative
Q8E8P8,Prokaryotes,IDP,Negative
Q8EA81,Prokaryotes,IDP,Negative
Q8ECH6,Prokaryotes,non-IDP,Negative
Q8EIX5,Prokaryotes,non-IDP,Negative
Q8FEY4,Prokaryotes,non-IDP,Negative
Q8FWV9,Prokaryotes,IDP,Negative
Q8G846,Prokaryotes,non-IDP,Negative
Q8GSJ1,Plants,IDP,Negative
Q8GT41,Plants,IDP,Negative
Q8GUT5,Plants,IDP,Negative
Q8GV43,Plants,IDP,Negative
Q8GW48,Plants,IDP,Negative
Q8GWW7,Plants,IDP,Negative
Q8GXN6,Plants,IDP,Negative
Q8GXU8,Plants,IDP,Negative
Q8GY97,Plants,IDP,Negative
Q8GYN9,Plants,IDP,Negative
Q8H184,Plants,IDP,Negative
Q8H329,Plants,IDP,Negative
Q8H8U0,Plants,IDP,Negative
Q8HDG8,Animals(M),non-IDP,Negative
Q8HXG6,Animals(M),non-IDP,Negative
Q8HXY6,Animals(M),non-IDP,Negative
Q8HY03,Animals(M),IDP,Negative
Q8HY86,Animals(M),IDP,Negative
Q8HYR6,Animals(M),non-IDP,Negative
Q8HYS5,Animals(M),IDP,Negative
Q8HZK3,Animals(M),IDP,Negative
Q8HZQ3,Animals(M),non-IDP,Negative
Q8HZT6,Animals(M),IDP,Negative
Q8HZY8,Animals(M),IDP,Negative
Q8I1F0,Animals(NM),non-IDP,Negative
Q8I1F4,Animals(NM),IDP,Negative
Q8I6R7,Animals(NM),IDP,Negative
Q8IG69,Animals(NM),IDP,Negative
Q8IN78,Animals(NM),IDP,Negative
Q8INK6,Animals(NM),IDP,Negative
Q8INK9,Animals(NM),IDP,Negative
Q8IPM8,Animals(NM),IDP,Negative
Q8IPZ7,Animals(NM),IDP,Negative
Q8IQG1,Animals(NM),IDP,Negative
Q8IS44,Animals(NM),IDP,Negative
Q8IUB2,Animals(M),non-IDP,Negative
Q8IUK8,Animals(M),IDP,Negative
Q8IUM7,Animals(M),IDP,Negative
Q8IUQ0,Animals(M),IDP,Negative
Q8IUY3,Animals(M),IDP,Negative
Q8IV35,Animals(M),IDP,Negative
Q8IVA1,Animals(M),IDP,Negative
Q8IVE0,Animals(M),IDP,Negative
Q8IVU1,Animals(M),IDP,Negative
Q8IWN7,Animals(M),IDP,Negative
Q8IWW8,Animals(M),non-IDP,Negative
Q8IXF9,Animals(M),IDP,Negative
Q8IXZ3,Animals(M),IDP,Negative
Q8IYJ2,Animals(M),IDP,Negative
Q8IZ08,Animals(M),IDP,Negative
Q8IZ16,Animals(M),IDP,Negative
Q8IZ20,Animals(M),IDP,Negative
Q8IZ96,Animals(M),IDP,Negative
Q8IZD0,Animals(M),IDP,Negative
Q8IZM0,Animals(M),non-IDP,Negative
Q8IZS5,Animals(M),IDP,Negative
Q8IZS7,Animals(M),non-IDP,Negative
Q8IZU8,Animals(M),IDP,Negative
Q8J025,Animals(M),IDP,Negative
Q8J0F0,Fungi,non-IDP,Negative
Q8J0Q0,Fungi,IDP,Negative
Q8J0U2,Fungi,IDP,Negative
Q8J2J8,Fungi,IDP,Negative
Q8JFY4,Animals(NM),IDP,Negative
Q8JG33,Animals(NM),IDP,Negative
Q8JG54,Animals(NM),IDP,Negative
Q8JHF4,Animals(NM),IDP,Negative
Q8JHI3,Animals(NM),IDP,Negative
Q8JIR8,Animals(NM),IDP,Negative
Q8JN69,Viruses,IDP,Negative
Q8JN70,Viruses,IDP,Negative
Q8JPQ9,Viruses,non-IDP,Negative
Q8JZM4,Animals(M),IDP,Negative
Q8JZQ0,Animals(M),IDP,Negative
Q8JZS6,Animals(M),IDP,Negative
Q8JZV4,Animals(M),IDP,Negative
Q8JZW5,Animals(M),IDP,Negative
Q8K004,Animals(M),IDP,Negative
Q8K015,Animals(M),IDP,Negative
Q8K083,Animals(M),IDP,Negative
Q8K093,Animals(M),IDP,Negative
Q8K0B3,Animals(M),IDP,Negative
Q8K0C5,Animals(M),non-IDP,Negative
Q8K0C8,Animals(M),non-IDP,Negative
Q8K0F1,Animals(M),IDP,Negative
Q8K0G7,Animals(M),IDP,Negative
Q8K0H7,Animals(M),IDP,Negative
Q8K0L0,Animals(M),IDP,Negative
Q8K0L9,Animals(M),IDP,Negative
Q8K0P3,Animals(M),IDP,Negative
Q8K0R6,Animals(M),IDP,Negative
Q8K0W3,Animals(M),IDP,Negative
Q8K0Y7,Animals(M),IDP,Negative
Q8K0Z9,Animals(M),IDP,Negative
Q8K129,Animals(M),IDP,Negative
Q8K174,Animals(M),IDP,Negative
Q8K1C7,Animals(M),IDP,Negative
Q8K1G2,Animals(M),IDP,Negative
Q8K1K4,Animals(M),IDP,Negative
Q8K1L6,Animals(M),IDP,Negative
Q8K1M5,Animals(M),IDP,Negative
Q8K1S2,Animals(M),IDP,Negative
Q8K1S5,Animals(M),IDP,Negative
Q8K1T1,Animals(M),IDP,Negative
Q8K1T6,Animals(M),non-IDP,Negative
Q8K211,Animals(M),IDP,Negative
Q8K245,Animals(M),IDP,Negative
Q8K248,Animals(M),non-IDP,Negative
Q8K262,Animals(M),IDP,Negative
Q8K296,Animals(M),IDP,Negative
Q8K2A1,Animals(M),IDP,Negative
Q8K2A8,Animals(M),IDP,Negative
Q8K2B0,Animals(M),IDP,Negative
Q8K2D0,Animals(M),IDP,Negative
Q8K2D6,Animals(M),non-IDP,Negative
Q8K2H2,Animals(M),IDP,Negative
Q8K2H3,Animals(M),IDP,Negative
Q8K2I9,Animals(M),IDP,Negative
Q8K2J4,Animals(M),IDP,Negative
Q8K2J7,Animals(M),IDP,Negative
Q8K2J9,Animals(M),IDP,Negative
Q8K2L8,Animals(M),IDP,Negative
Q8K2M3,Animals(M),IDP,Negative
Q8K2P2,Animals(M),IDP,Negative
Q8K2P6,Animals(M),IDP,Negative
Q8K2Q7,Animals(M),IDP,Negative
Q8K2T1,Animals(M),non-IDP,Negative
Q8K2U2,Animals(M),IDP,Negative
Q8K2V1,Animals(M),IDP,Negative
Q8K2V6,Animals(M),IDP,Negative
Q8K2W9,Animals(M),IDP,Negative
Q8K2X2,Animals(M),IDP,Negative
Q8K2Y9,Animals(M),IDP,Negative
Q8K2Z2,Animals(M),IDP,Negative
Q8K2Z4,Animals(M),IDP,Negative
Q8K305,Animals(M),IDP,Negative
Q8K353,Animals(M),IDP,Negative
Q8K375,Animals(M),IDP,Negative
Q8K382,Animals(M),IDP,Negative
Q8K3A0,Animals(M),non-IDP,Negative
Q8K3A6,Animals(M),IDP,Negative
Q8K3A9,Animals(M),IDP,Negative
Q8K3B1,Animals(M),IDP,Negative
Q8K3C3,Animals(M),IDP,Negative
Q8K3D6,Animals(M),IDP,Negative
Q8K3E9,Animals(M),IDP,Negative
Q8K3F2,Animals(M),IDP,Negative
Q8K3F4,Animals(M),IDP,Negative
Q8K3G5,Animals(M),IDP,Negative
Q8K3H5,Animals(M),IDP,Negative
Q8K3I4,Animals(M),IDP,Negative
Q8K3Q3,Animals(M),IDP,Negative
Q8K3V5,Animals(M),IDP,Negative
Q8K3X2,Animals(M),non-IDP,Negative
Q8K404,Animals(M),non-IDP,Negative
Q8K450,Animals(M),IDP,Negative
Q8K467,Animals(M),IDP,Negative
Q8K480,Animals(M),IDP,Negative
Q8K482,Animals(M),IDP,Negative
Q8K4B4,Animals(M),IDP,Negative
Q8K4H1,Animals(M),IDP,Negative
Q8K4J0,Animals(M),IDP,Negative
Q8K4K6,Animals(M),IDP,Negative
Q8K4L6,Animals(M),IDP,Negative
Q8K4M9,Animals(M),IDP,Negative
Q8K4Q7,Animals(M),non-IDP,Negative
Q8K4S1,Animals(M),IDP,Negative
Q8K4S3,Animals(M),IDP,Negative
Q8K4S7,Animals(M),IDP,Negative
Q8K4T5,Animals(M),IDP,Negative
Q8K557,Animals(M),IDP,Negative
Q8K558,Animals(M),IDP,Negative
Q8K561,Animals(M),IDP,Negative
Q8K572,Animals(M),non-IDP,Negative
Q8K592,Animals(M),IDP,Negative
Q8K5B1,Animals(M),IDP,Negative
Q8K5C0,Animals(M),IDP,Negative
Q8KCB8,Prokaryotes,non-IDP,Negative
Q8L3R2,Plants,IDP,Negative
Q8L3X9,Plants,non-IDP,Negative
Q8L4R0,Plants,IDP,Negative
Q8L586,Plants,IDP,Negative
Q8L638,Plants,IDP,Negative
Q8L725,Plants,IDP,Negative
Q8L7A0,Plants,IDP,Negative
Q8L7D0,Plants,IDP,Negative
Q8L7K4,Plants,non-IDP,Negative
Q8L856,Plants,IDP,Negative
Q8L8W0,Plants,IDP,Negative
Q8L970,Plants,non-IDP,Negative
Q8LAD0,Plants,IDP,Negative
Q8LB17,Plants,IDP,Negative
Q8LB47,Plants,IDP,Negative
Q8LB72,Plants,IDP,Negative
Q8LBZ4,Plants,IDP,Negative
Q8LCU7,Plants,non-IDP,Negative
Q8LCY2,Plants,IDP,Negative
Q8LEF3,Plants,IDP,Negative
Q8LEK2,Plants,IDP,Negative
Q8LES0,Plants,non-IDP,Negative
Q8LF41,Plants,IDP,Negative
Q8LFD1,Plants,IDP,Negative
Q8LFD5,Plants,IDP,Negative
Q8LFN2,Plants,IDP,Negative
Q8LFS6,Plants,IDP,Negative
Q8LG98,Plants,IDP,Negative
Q8LGI8,Plants,non-IDP,Negative
Q8LGU7,Plants,non-IDP,Negative
Q8LIN5,Plants,IDP,Negative
Q8LNW4,Plants,IDP,Negative
Q8LPI0,Plants,IDP,Negative
Q8M355,Fungi,non-IDP,Negative
Q8MIC2,Animals(M),IDP,Negative
Q8MJ02,Animals(M),IDP,Negative
Q8MJ06,Animals(M),IDP,Negative
Q8MJ08,Animals(M),IDP,Negative
Q8MJ87,Animals(M),IDP,Negative
Q8MJC8,Animals(M),IDP,Negative
Q8MJG0,Animals(M),non-IDP,Negative
Q8MJJ1,Animals(M),non-IDP,Negative
Q8MJJ2,Animals(M),IDP,Negative
Q8MJJ7,Animals(M),IDP,Negative
Q8MJN0,Animals(M),IDP,Negative
Q8MKJ2,Animals(M),non-IDP,Negative
Q8ML92,Animals(NM),non-IDP,Negative
Q8MLL3,Animals(NM),IDP,Negative
Q8MUC5,Animals(NM),IDP,Negative
Q8N0V1,Animals(M),IDP,Negative
Q8N100,Animals(M),IDP,Negative
Q8N103,Animals(M),IDP,Negative
Q8N1D0,Animals(M),IDP,Negative
Q8N1H7,Animals(M),IDP,Negative
Q8N1I8,Animals(M),IDP,Negative
Q8N1L1,Animals(M),IDP,Negative
Q8N1N0,Animals(M),IDP,Negative
Q8N1N2,Animals(M),IDP,Negative
Q8N1V8,Animals(M),IDP,Negative
Q8N1X5,Animals(M),IDP,Negative
Q8N1Y9,Animals(M),IDP,Negative
Q8N228,Animals(M),IDP,Negative
Q8N292,Animals(M),IDP,Negative
Q8N2A0,Animals(M),non-IDP,Negative
Q8N2C9,Animals(M),IDP,Negative
Q8N326,Animals(M),IDP,Negative
Q8N377,Animals(M),IDP,Negative
Q8N3J2,Animals(M),non-IDP,Negative
Q8N3U1,Animals(M),IDP,Negative
Q8N475,Animals(M),IDP,Negative
Q8N4F7,Animals(M),IDP,Negative
Q8N4P6,Animals(M),IDP,Negative
Q8N535,Animals(M),IDP,Negative
Q8N5N4,Animals(M),IDP,Negative
Q8N5U0,Animals(M),IDP,Negative
Q8N693,Animals(M),IDP,Negative
Q8N6K4,Animals(M),IDP,Negative
Q8N6U2,Animals(M),IDP,Negative
Q8N769,Animals(M),IDP,Negative
Q8N7A1,Animals(M),non-IDP,Negative
Q8N7C4,Animals(M),IDP,Negative
Q8N7H1,Animals(M),IDP,Negative
Q8N7L0,Animals(M),non-IDP,Negative
Q8N7M0,Animals(M),IDP,Negative
Q8N7P7,Animals(M),IDP,Negative
Q8N7S6,Animals(M),IDP,Negative
Q8N7U9,Animals(M),IDP,Negative
Q8N7Y1,Animals(M),IDP,Negative
Q8N813,Animals(M),IDP,Negative
Q8N814,Animals(M),IDP,Negative
Q8N816,Animals(M),IDP,Negative
Q8N8C0,Animals(M),non-IDP,Negative
Q8N8E1,Animals(M),IDP,Negative
Q8N8G6,Animals(M),IDP,Negative
Q8N8H1,Animals(M),IDP,Negative
Q8N8I6,Animals(M),IDP,Negative
Q8N8V8,Animals(M),IDP,Negative
Q8N8Z3,Animals(M),IDP,Negative
Q8N907,Animals(M),IDP,Negative
Q8N910,Animals(M),IDP,Negative
Q8N944,Animals(M),IDP,Negative
Q8N967,Animals(M),IDP,Negative
Q8N9H9,Animals(M),IDP,Negative
Q8N9L7,Animals(M),IDP,Negative
Q8N9P0,Animals(M),IDP,Negative
Q8N9R0,Animals(M),IDP,Negative
Q8N9U9,Animals(M),IDP,Negative
Q8N9W4,Animals(M),IDP,Negative
Q8N9X3,Animals(M),IDP,Negative
Q8N9X5,Animals(M),IDP,Negative
Q8N9Y4,Animals(M),IDP,Negative
Q8NA47,Animals(M),IDP,Negative
Q8NAA5,Animals(M),IDP,Negative
Q8NAA6,Animals(M),IDP,Negative
Q8NAG6,Animals(M),IDP,Negative
Q8NAQ8,Animals(M),IDP,Negative
Q8NAV2,Animals(M),IDP,Negative
Q8NBB2,Animals(M),IDP,Negative
Q8NBC4,Animals(M),IDP,Negative
Q8NBF4,Animals(M),IDP,Negative
Q8NBH2,Animals(M),IDP,Negative
Q8NBI3,Animals(M),IDP,Negative
Q8NBL3,Animals(M),IDP,Negative
Q8NBR0,Animals(M),IDP,Negative
Q8NBR9,Animals(M),IDP,Negative
Q8NBZ9,Animals(M),IDP,Negative
Q8NC38,Animals(M),IDP,Negative
Q8NCQ2,Animals(M),IDP,Negative
Q8NCR9,Animals(M),IDP,Negative
Q8NCU1,Animals(M),IDP,Negative
Q8NCU7,Animals(M),IDP,Negative
Q8NDY8,Animals(M),IDP,Negative
Q8NEA4,Animals(M),non-IDP,Negative
Q8NEA9,Animals(M),IDP,Negative
Q8NEG2,Animals(M),IDP,Negative
Q8NEV8,Animals(M),IDP,Negative
Q8NF67,Animals(M),IDP,Negative
Q8NFD4,Animals(M),IDP,Negative
Q8NFJ8,Animals(M),IDP,Negative
Q8NFL0,Animals(M),IDP,Negative
Q8NGU9,Animals(M),IDP,Negative
Q8NGW6,Animals(M),IDP,Negative
Q8NH67,Animals(M),non-IDP,Negative
Q8NHS2,Animals(M),non-IDP,Negative
Q8NHV5,Animals(M),non-IDP,Negative
Q8NHV9,Animals(M),IDP,Negative
Q8NI28,Animals(M),IDP,Negative
Q8NIZ4,Fungi,IDP,Negative
Q8NJP6,Fungi,IDP,Negative
Q8NJR4,Fungi,IDP,Negative
Q8NKE2,Fungi,IDP,Negative
Q8PCK6,Prokaryotes,non-IDP,Negative
Q8QFN3,Animals(NM),IDP,Negative
Q8QFP1,Animals(NM),IDP,Negative
Q8QFV0,Animals(NM),IDP,Negative
Q8QL46,Viruses,non-IDP,Negative
Q8QL47,Viruses,non-IDP,Negative
Q8QZQ8,Viruses,IDP,Negative
Q8QZR1,Animals(M),non-IDP,Negative
Q8QZR7,Animals(M),non-IDP,Negative
Q8QZR8,Animals(M),IDP,Negative
Q8QZV2,Animals(M),IDP,Negative
Q8QZW2,Animals(M),non-IDP,Negative
Q8QZW3,Animals(M),IDP,Negative
Q8QZX0,Animals(M),IDP,Negative
Q8QZY9,Animals(M),IDP,Negative
Q8R016,Animals(M),non-IDP,Negative
Q8R043,Animals(M),non-IDP,Negative
Q8R054,Animals(M),IDP,Negative
Q8R070,Animals(M),IDP,Negative
Q8R086,Animals(M),IDP,Negative
Q8R087,Animals(M),IDP,Negative
Q8R089,Animals(M),IDP,Negative
Q8R0C3,Animals(M),IDP,Negative
Q8R0E5,Animals(M),IDP,Negative
Q8R0J7,Animals(M),IDP,Negative
Q8R0L1,Animals(M),IDP,Negative
Q8R0M8,Animals(M),IDP,Negative
Q8R0W1,Animals(M),IDP,Negative
Q8R0Z5,Animals(M),IDP,Negative
Q8R115,Animals(M),IDP,Negative
Q8R116,Animals(M),IDP,Negative
Q8R121,Animals(M),IDP,Negative
Q8R123,Animals(M),IDP,Negative
Q8R139,Animals(M),IDP,Negative
Q8R164,Animals(M),non-IDP,Negative
Q8R183,Animals(M),IDP,Negative
Q8R189,Animals(M),non-IDP,Negative
Q8R1B0,Animals(M),IDP,Negative
Q8R1F5,Animals(M),non-IDP,Negative
Q8R1F6,Animals(M),IDP,Negative
Q8R1H8,Animals(M),IDP,Negative
Q8R1J1,Animals(M),non-IDP,Negative
Q8R1L4,Animals(M),non-IDP,Negative
Q8R1N4,Animals(M),IDP,Negative
Q8R1Q9,Animals(M),non-IDP,Negative
Q8R1R3,Animals(M),IDP,Negative
Q8R1R4,Animals(M),IDP,Negative
Q8R1R5,Animals(M),IDP,Negative
Q8R1S9,Animals(M),IDP,Negative
Q8R1U2,Animals(M),IDP,Negative
Q8R1W8,Animals(M),IDP,Negative
Q8R205,Animals(M),IDP,Negative
Q8R216,Animals(M),non-IDP,Negative
Q8R235,Animals(M),non-IDP,Negative
Q8R2G6,Animals(M),IDP,Negative
Q8R2H3,Animals(M),IDP,Negative
Q8R2I0,Animals(M),IDP,Negative
Q8R2J9,Animals(M),IDP,Negative
Q8R2K4,Animals(M),IDP,Negative
Q8R2K7,Animals(M),IDP,Negative
Q8R2K8,Animals(M),IDP,Negative
Q8R2R3,Animals(M),IDP,Negative
Q8R2S8,Animals(M),non-IDP,Negative
Q8R2V3,Animals(M),IDP,Negative
Q8R2Y2,Animals(M),IDP,Negative
Q8R2Y8,Animals(M),non-IDP,Negative
Q8R370,Animals(M),IDP,Negative
Q8R373,Animals(M),IDP,Negative
Q8R3D1,Animals(M),IDP,Negative
Q8R3E3,Animals(M),IDP,Negative
Q8R3F5,Animals(M),IDP,Negative
Q8R3I9,Animals(M),IDP,Negative
Q8R3J5,Animals(M),IDP,Negative
Q8R3N2,Animals(M),IDP,Negative
Q8R3Q2,Animals(M),IDP,Negative
Q8R3V6,Animals(M),IDP,Negative
Q8R3W5,Animals(M),IDP,Negative
Q8R3Y5,Animals(M),IDP,Negative
Q8R411,Animals(M),IDP,Negative
Q8R422,Animals(M),IDP,Negative
Q8R496,Animals(M),IDP,Negative
Q8R4D1,Animals(M),IDP,Negative
Q8R4H7,Animals(M),IDP,Negative
Q8R4H9,Animals(M),IDP,Negative
Q8R4I1,Animals(M),IDP,Negative
Q8R4I4,Animals(M),IDP,Negative
Q8R4K8,Animals(M),IDP,Negative
Q8R4N0,Animals(M),non-IDP,Negative
Q8R4P9,Animals(M),IDP,Negative
Q8R4R6,Animals(M),IDP,Negative
Q8R4S0,Animals(M),IDP,Negative
Q8R4S5,Animals(M),IDP,Negative
Q8R4S8,Animals(M),IDP,Negative
Q8R4T1,Animals(M),IDP,Negative
Q8R4T9,Animals(M),IDP,Negative
Q8R4U1,Animals(M),IDP,Negative
Q8R4Y0,Animals(M),IDP,Negative
Q8R4Y4,Animals(M),IDP,Negative
Q8R4Y8,Animals(M),IDP,Negative
Q8R512,Animals(M),IDP,Negative
Q8R526,Animals(M),IDP,Negative
Q8R534,Animals(M),IDP,Negative
Q8R5F8,Animals(M),IDP,Negative
Q8R5G2,Animals(M),IDP,Negative
Q8R5M3,Animals(M),IDP,Negative
Q8RM03,Prokaryotes,IDP,Negative
Q8RQL5,Prokaryotes,non-IDP,Negative
Q8RVC7,Plants,IDP,Negative
Q8RWA2,Plants,IDP,Negative
Q8RWA5,Plants,IDP,Negative
Q8RWE8,Plants,IDP,Negative
Q8RWH8,Plants,IDP,Negative
Q8RWL5,Plants,IDP,Negative
Q8RWQ5,Plants,IDP,Negative
Q8RWU6,Plants,IDP,Negative
Q8RXR2,Plants,IDP,Negative
Q8RXW0,Plants,non-IDP,Negative
Q8S230,Plants,IDP,Negative
Q8S2G5,Plants,IDP,Negative
Q8S2W4,Plants,non-IDP,Negative
Q8S8I4,Plants,IDP,Negative
Q8S8M0,Plants,IDP,Negative
Q8SGA0,Animals(NM),IDP,Negative
Q8SPN2,Animals(M),non-IDP,Negative
Q8SPS9,Animals(M),non-IDP,Negative
Q8SQ26,Animals(M),non-IDP,Negative
Q8SQ28,Animals(M),IDP,Negative
Q8SQI6,Fungi,non-IDP,Negative
Q8SQJ3,Fungi,non-IDP,Negative
Q8SQK1,Fungi,non-IDP,Negative
Q8SQU5,Fungi,IDP,Negative
Q8SRE2,Fungi,IDP,Negative
Q8SRJ7,Fungi,non-IDP,Negative
Q8SRK6,Fungi,IDP,Negative
Q8SRM1,Fungi,IDP,Negative
Q8SRN2,Fungi,IDP,Negative
Q8SRP1,Fungi,IDP,Negative
Q8SRS0,Fungi,IDP,Negative
Q8SRU2,Fungi,IDP,Negative
Q8SRW9,Fungi,non-IDP,Negative
Q8SS33,Fungi,IDP,Negative
Q8SS73,Fungi,non-IDP,Negative
Q8SSA8,Fungi,IDP,Negative
Q8SSI6,Fungi,IDP,Negative
Q8ST44,Fungi,IDP,Negative
Q8ST62,Fungi,IDP,Negative
Q8ST67,Fungi,IDP,Negative
Q8ST80,Fungi,IDP,Negative
Q8ST90,Fungi,IDP,Negative
Q8STD9,Fungi,IDP,Negative
Q8STG1,Fungi,IDP,Negative
Q8SUD4,Fungi,IDP,Negative
Q8SUE5,Fungi,IDP,Negative
Q8SUL4,Fungi,IDP,Negative
Q8SUY5,Fungi,non-IDP,Negative
Q8SV19,Fungi,non-IDP,Negative
Q8SVD3,Fungi,IDP,Negative
Q8SVR6,Fungi,non-IDP,Negative
Q8SVT6,Fungi,IDP,Negative
Q8SVY9,Fungi,IDP,Negative
Q8SW18,Fungi,IDP,Negative
Q8SW42,Fungi,non-IDP,Negative
Q8SWR3,Animals(NM),IDP,Negative
Q8SXU3,Animals(NM),IDP,Negative
Q8T0W1,Animals(NM),IDP,Negative
Q8T4N5,Animals(NM),IDP,Negative
Q8TAD2,Animals(M),IDP,Negative
Q8TAF5,Animals(M),non-IDP,Negative
Q8TAG6,Animals(M),IDP,Negative
Q8TAT2,Animals(M),IDP,Negative
Q8TAT8,Animals(M),IDP,Negative
Q8TB03,Animals(M),IDP,Negative
Q8TB05,Animals(M),IDP,Negative
Q8TBZ9,Animals(M),non-IDP,Negative
Q8TCH9,Animals(M),IDP,Negative
Q8TCV5,Animals(M),non-IDP,Negative
Q8TCW7,Animals(M),IDP,Negative
Q8TCY5,Animals(M),IDP,Negative
Q8TDM0,Animals(M),IDP,Negative
Q8TDV2,Animals(M),non-IDP,Negative
Q8TE59,Animals(M),IDP,Negative
Q8TE69,Animals(M),non-IDP,Negative
Q8TEF2,Animals(M),IDP,Negative
Q8TEU8,Animals(M),IDP,Negative
Q8TF08,Animals(M),non-IDP,Negative
Q8TF63,Animals(M),IDP,Negative
Q8TFG0,Fungi,IDP,Negative
Q8TFG4,Fungi,IDP,Negative
Q8TGH6,Fungi,IDP,Negative
Q8TGL2,Fungi,non-IDP,Negative
Q8TGL4,Fungi,non-IDP,Negative
Q8TGL8,Fungi,IDP,Negative
Q8TGM9,Fungi,IDP,Negative
Q8TGN2,Fungi,non-IDP,Negative
Q8TGQ2,Fungi,non-IDP,Negative
Q8TGR0,Fungi,non-IDP,Negative
Q8TGR8,Fungi,non-IDP,Negative
Q8U4M3,Prokaryotes,IDP,Negative
Q8UIR1,Prokaryotes,non-IDP,Negative
Q8UUJ9,Animals(NM),non-IDP,Negative
Q8UZB3,Viruses,IDP,Negative
Q8VBT1,Animals(M),IDP,Negative
Q8VBT6,Animals(M),IDP,Negative
Q8VBT9,Animals(M),IDP,Negative
Q8VBW5,Animals(M),IDP,Negative
Q8VBX4,Animals(M),IDP,Negative
Q8VC10,Animals(M),IDP,Negative
Q8VC23,Animals(M),IDP,Negative
Q8VC26,Animals(M),non-IDP,Negative
Q8VC33,Animals(M),IDP,Negative
Q8VC34,Animals(M),IDP,Negative
Q8VC49,Animals(M),IDP,Negative
Q8VC66,Animals(M),IDP,Negative
Q8VC90,Animals(M),IDP,Negative
Q8VCC1,Animals(M),non-IDP,Negative
Q8VCC6,Animals(M),IDP,Negative
Q8VCE1,Animals(M),IDP,Negative
Q8VCF1,Animals(M),IDP,Negative
Q8VCF5,Animals(M),IDP,Negative
Q8VCG4,Animals(M),non-IDP,Negative
Q8VCH5,Animals(M),IDP,Negative
Q8VCI7,Animals(M),IDP,Negative
Q8VCK6,Animals(M),IDP,Negative
Q8VCK7,Animals(M),non-IDP,Negative
Q8VCL5,Animals(M),IDP,Negative
Q8VCM2,Animals(M),IDP,Negative
Q8VCN6,Animals(M),IDP,Negative
Q8VCP9,Animals(M),IDP,Negative
Q8VCR9,Animals(M),IDP,Negative
Q8VCU0,Animals(M),IDP,Negative
Q8VCW4,Animals(M),IDP,Negative
Q8VCX2,Animals(M),IDP,Negative
Q8VCX6,Animals(M),IDP,Negative
Q8VCZ2,Animals(M),IDP,Negative
Q8VCZ6,Animals(M),IDP,Negative
Q8VCZ7,Animals(M),IDP,Negative
Q8VD26,Animals(M),IDP,Negative
Q8VD53,Animals(M),IDP,Negative
Q8VD65,Animals(M),IDP,Negative
Q8VDB2,Animals(M),non-IDP,Negative
Q8VDD9,Animals(M),IDP,Negative
Q8VDI1,Animals(M),IDP,Negative
Q8VDI7,Animals(M),IDP,Negative
Q8VDI9,Animals(M),IDP,Negative
Q8VDL9,Animals(M),IDP,Negative
Q8VDU5,Animals(M),IDP,Negative
Q8VDV0,Animals(M),non-IDP,Negative
Q8VDV8,Animals(M),non-IDP,Negative
Q8VDX6,Animals(M),IDP,Negative
Q8VDY4,Animals(M),IDP,Negative
Q8VE08,Animals(M),IDP,Negative
Q8VE09,Animals(M),IDP,Negative
Q8VE10,Animals(M),non-IDP,Negative
Q8VE43,Animals(M),IDP,Negative
Q8VE96,Animals(M),IDP,Negative
Q8VE97,Animals(M),IDP,Negative
Q8VE98,Animals(M),IDP,Negative
Q8VEA7,Animals(M),IDP,Negative
Q8VED2,Animals(M),IDP,Negative
Q8VED9,Animals(M),non-IDP,Negative
Q8VEG4,Animals(M),IDP,Negative
Q8VEH5,Animals(M),non-IDP,Negative
Q8VEH8,Animals(M),IDP,Negative
Q8VEK2,Animals(M),IDP,Negative
Q8VEK6,Animals(M),IDP,Negative
Q8VEL2,Animals(M),IDP,Negative
Q8VEL9,Animals(M),IDP,Negative
Q8VHD8,Animals(M),IDP,Negative
Q8VHG0,Animals(M),non-IDP,Negative
Q8VHG5,Animals(M),IDP,Negative
Q8VHH8,Animals(M),IDP,Negative
Q8VHI3,Animals(M),non-IDP,Negative
Q8VHJ7,Animals(M),IDP,Negative
Q8VHK1,Animals(M),IDP,Negative
Q8VHL1,Animals(M),IDP,Negative
Q8VHP8,Animals(M),IDP,Negative
Q8VHS2,Animals(M),IDP,Negative
Q8VHW3,Animals(M),IDP,Negative
Q8VHW4,Animals(M),non-IDP,Negative
Q8VHY0,Animals(M),IDP,Negative
Q8VI64,Animals(M),IDP,Negative
Q8VI88,Animals(M),IDP,Negative
Q8VID5,Animals(M),IDP,Negative
Q8VID6,Animals(M),IDP,Negative
Q8VIG3,Animals(M),IDP,Negative
Q8VIH3,Animals(M),IDP,Negative
Q8VIH7,Animals(M),IDP,Negative
Q8VII0,Animals(M),non-IDP,Negative
Q8VII3,Animals(M),non-IDP,Negative
Q8VII6,Animals(M),IDP,Negative
Q8VIJ8,Animals(M),IDP,Negative
Q8VIM6,Animals(M),IDP,Negative
Q8VIP2,Animals(M),IDP,Negative
Q8VXX9,Plants,IDP,Negative
Q8VY77,Plants,non-IDP,Negative
Q8VYB1,Plants,IDP,Negative
Q8VYI1,Plants,IDP,Negative
Q8VYN2,Plants,IDP,Negative
Q8VZ13,Plants,IDP,Negative
Q8VZS8,Plants,IDP,Negative
Q8W030,Plants,IDP,Negative
Q8W1K8,Plants,IDP,Negative
Q8W3M6,Plants,IDP,Negative
Q8W4D4,Plants,IDP,Negative
Q8W4G3,Plants,non-IDP,Negative
Q8WHX7,Plants,non-IDP,Negative
Q8WMS0,Animals(M),IDP,Negative
Q8WMS3,Animals(M),IDP,Negative
Q8WN57,Animals(M),IDP,Negative
Q8WN91,Animals(M),IDP,Negative
Q8WNY1,Animals(M),IDP,Negative
Q8WNZ2,Animals(M),IDP,Negative
Q8WNZ7,Animals(M),IDP,Negative
Q8WP21,Animals(M),IDP,Negative
Q8WP28,Animals(M),IDP,Negative
Q8WP33,Animals(M),IDP,Negative
Q8WTX9,Animals(M),IDP,Negative
Q8WTZ4,Animals(M),non-IDP,Negative
Q8WU43,Animals(M),IDP,Negative
Q8WU49,Animals(M),IDP,Negative
Q8WUR7,Animals(M),IDP,Negative
Q8WUT4,Animals(M),IDP,Negative
Q8WV74,Animals(M),IDP,Negative
Q8WVF2,Animals(M),IDP,Negative
Q8WW62,Animals(M),non-IDP,Negative
Q8WWN9,Animals(M),IDP,Negative
Q8WXF3,Animals(M),non-IDP,Negative
Q8WXQ3,Animals(M),IDP,Negative
Q8WZ26,Animals(M),IDP,Negative
Q8WZ71,Animals(M),IDP,Negative
Q8WZB0,Animals(M),IDP,Negative
Q8X0X0,Fungi,IDP,Negative
Q8X176,Fungi,IDP,Negative
Q8X367,Prokaryotes,non-IDP,Negative
Q8X5V6,Prokaryotes,IDP,Negative
Q8X6J4,Prokaryotes,IDP,Negative
Q8XIV9,Prokaryotes,non-IDP,Negative
Q8XTT4,Prokaryotes,IDP,Negative
Q8ZRF8,Prokaryotes,IDP,Negative
Q90121,Viruses,non-IDP,Negative
Q90178,Viruses,IDP,Negative
Q90218,Animals(NM),IDP,Negative
Q90352,Animals(NM),IDP,Negative
Q90375,Animals(NM),IDP,Negative
Q90511,Animals(NM),IDP,Negative
Q90577,Animals(NM),IDP,Negative
Q90615,Animals(NM),non-IDP,Negative
Q90688,Animals(NM),IDP,Negative
Q90693,Animals(NM),IDP,Negative
Q90844,Animals(NM),IDP,Negative
Q90935,Animals(NM),non-IDP,Negative
Q90944,Animals(NM),IDP,Negative
Q90986,Animals(NM),non-IDP,Negative
Q90WI4,Animals(NM),IDP,Negative
Q90WJ3,Animals(NM),IDP,Negative
Q90X46,Animals(NM),IDP,Negative
Q90Y50,Animals(NM),IDP,Negative
Q90YI0,Animals(NM),IDP,Negative
Q90YI1,Animals(NM),IDP,Negative
Q90YM5,Animals(NM),IDP,Negative
Q90ZN1,Animals(NM),non-IDP,Negative
Q90ZY4,Animals(NM),IDP,Negative
Q91145,Animals(NM),IDP,Negative
Q91178,Animals(NM),IDP,Negative
Q91193,Animals(NM),IDP,Negative
Q91280,Animals(NM),IDP,Negative
Q91325,Animals(NM),IDP,Negative
Q91499,Animals(NM),IDP,Negative
Q914H2,Viruses,non-IDP,Negative
Q914J7,Viruses,IDP,Negative
Q914M0,Viruses,IDP,Negative
Q91590,Animals(NM),IDP,Negative
Q91642,Animals(NM),IDP,Negative
Q91684,Animals(NM),IDP,Negative
Q91858,Animals(NM),IDP,Negative
Q91875,Animals(NM),IDP,Negative
Q91974,Animals(NM),IDP,Negative
Q91FF8,Viruses,IDP,Negative
Q91FJ2,Viruses,IDP,Negative
Q91FR7,Viruses,non-IDP,Negative
Q91FX2,Viruses,IDP,Negative
Q91G04,Viruses,non-IDP,Negative
Q91G54,Viruses,non-IDP,Negative
Q91J29,Viruses,IDP,Negative
Q91TW8,Viruses,IDP,Negative
Q91V01,Animals(M),IDP,Negative
Q91V09,Animals(M),IDP,Negative
Q91V27,Animals(M),IDP,Negative
Q91V57,Animals(M),IDP,Negative
Q91V83,Animals(M),IDP,Negative
Q91V87,Animals(M),IDP,Negative
Q91V98,Animals(M),IDP,Negative
Q91VA6,Animals(M),IDP,Negative
Q91VB2,Animals(M),IDP,Negative
Q91VB4,Animals(M),IDP,Negative
Q91VC9,Animals(M),non-IDP,Negative
Q91VD1,Animals(M),non-IDP,Negative
Q91VF5,Animals(M),IDP,Negative
Q91VF6,Animals(M),IDP,Negative
Q91VM3,Animals(M),non-IDP,Negative
Q91VM4,Animals(M),IDP,Negative
Q91VU6,Animals(M),IDP,Negative
Q91VU7,Animals(M),IDP,Negative
Q91VY6,Animals(M),IDP,Negative
Q91W43,Animals(M),IDP,Negative
Q91W45,Animals(M),IDP,Negative
Q91W78,Animals(M),IDP,Negative
Q91W92,Animals(M),IDP,Negative
Q91WC9,Animals(M),IDP,Negative
Q91WD2,Animals(M),IDP,Negative
Q91WE6,Animals(M),IDP,Negative
Q91WF7,Animals(M),IDP,Negative
Q91WK1,Animals(M),non-IDP,Negative
Q91WL0,Animals(M),IDP,Negative
Q91WL6,Animals(M),IDP,Negative
Q91WL8,Animals(M),IDP,Negative
Q91WM2,Animals(M),IDP,Negative
Q91WN2,Animals(M),IDP,Negative
Q91WN4,Animals(M),non-IDP,Negative
Q91WU4,Animals(M),IDP,Negative
Q91WU5,Animals(M),IDP,Negative
Q91WU6,Animals(M),IDP,Negative
Q91WV7,Animals(M),IDP,Negative
Q91X43,Animals(M),IDP,Negative
Q91X96,Animals(M),non-IDP,Negative
Q91XA2,Animals(M),IDP,Negative
Q91XC9,Animals(M),IDP,Negative
Q91XD8,Animals(M),non-IDP,Negative
Q91XQ5,Animals(M),non-IDP,Negative
Q91XT6,Animals(M),IDP,Negative
Q91XW8,Animals(M),non-IDP,Negative
Q91Y63,Animals(M),IDP,Negative
Q91Y80,Animals(M),IDP,Negative
Q91YB0,Animals(M),IDP,Negative
Q91YE2,Animals(M),IDP,Negative
Q91YE5,Animals(M),IDP,Negative
Q91YE6,Animals(M),IDP,Negative
Q91YK0,Animals(M),IDP,Negative
Q91YK8,Animals(M),IDP,Negative
Q91YL3,Animals(M),IDP,Negative
Q91YL7,Animals(M),IDP,Negative
Q91YN0,Animals(M),IDP,Negative
Q91YQ7,Animals(M),non-IDP,Negative
Q91YT2,Animals(M),IDP,Negative
Q91YX0,Animals(M),IDP,Negative
Q91Z22,Animals(M),IDP,Negative
Q91Z46,Animals(M),IDP,Negative
Q91Z58,Animals(M),IDP,Negative
Q91ZA8,Animals(M),non-IDP,Negative
Q91ZB0,Animals(M),IDP,Negative
Q91ZD1,Animals(M),IDP,Negative
Q91ZE9,Animals(M),IDP,Negative
Q91ZF1,Animals(M),IDP,Negative
Q91ZK4,Animals(M),IDP,Negative
Q91ZP3,Animals(M),IDP,Negative
Q91ZP6,Animals(M),IDP,Negative
Q91ZR2,Animals(M),IDP,Negative
Q91ZR3,Animals(M),IDP,Negative
Q91ZR5,Animals(M),IDP,Negative
Q91ZT7,Animals(M),IDP,Negative
Q91ZV0,Animals(M),IDP,Negative
Q91ZV2,Animals(M),IDP,Negative
Q91ZV8,Animals(M),IDP,Negative
Q92056,Animals(NM),non-IDP,Negative
Q92090,Animals(NM),non-IDP,Negative
Q920A5,Animals(M),non-IDP,Negative
Q920B0,Animals(M),IDP,Negative
Q920C1,Animals(M),IDP,Negative
Q920D7,Animals(M),non-IDP,Negative
Q920N2,Animals(M),IDP,Negative
Q920N7,Animals(M),IDP,Negative
Q920R4,Animals(M),IDP,Negative
Q920V1,Animals(M),non-IDP,Negative
Q92104,Animals(NM),non-IDP,Negative
Q92179,Animals(NM),IDP,Negative
Q921H9,Animals(M),non-IDP,Negative
Q921I2,Animals(M),IDP,Negative
Q921I6,Animals(M),IDP,Negative
Q921L5,Animals(M),IDP,Negative
Q921L7,Animals(M),non-IDP,Negative
Q921N8,Animals(M),IDP,Negative
Q921P9,Animals(M),IDP,Negative
Q921Q3,Animals(M),IDP,Negative
Q921R4,Animals(M),IDP,Negative
Q921R7,Animals(M),IDP,Negative
Q921U8,Animals(M),IDP,Negative
Q92234,Fungi,IDP,Negative
Q92253,Fungi,IDP,Negative
Q92266,Fungi,IDP,Negative
Q92275,Fungi,IDP,Negative
Q922B6,Animals(M),IDP,Negative
Q922B9,Animals(M),IDP,Negative
Q922C1,Animals(M),IDP,Negative
Q922E4,Animals(M),IDP,Negative
Q922H4,Animals(M),non-IDP,Negative
Q922Q2,Animals(M),IDP,Negative
Q922Q6,Animals(M),non-IDP,Negative
Q922R1,Animals(M),non-IDP,Negative
Q922R5,Animals(M),IDP,Negative
Q922Z1,Animals(M),non-IDP,Negative
Q92338,Fungi,IDP,Negative
Q92346,Fungi,IDP,Negative
Q92353,Fungi,IDP,Negative
Q92356,Fungi,IDP,Negative
Q92359,Fungi,IDP,Negative
Q92372,Fungi,IDP,Negative
Q92373,Fungi,IDP,Negative
Q923K4,Animals(M),non-IDP,Negative
Q923P0,Animals(M),IDP,Negative
Q923X1,Animals(M),non-IDP,Negative
Q923Z4,Animals(M),IDP,Negative
Q924C5,Animals(M),IDP,Negative
Q924L9,Animals(M),IDP,Negative
Q924S8,Animals(M),IDP,Negative
Q924S9,Animals(M),IDP,Negative
Q924V4,Animals(M),IDP,Negative
Q924W7,Animals(M),IDP,Negative
Q924X6,Animals(M),IDP,Negative
Q924X7,Animals(M),IDP,Negative
Q924Y0,Animals(M),non-IDP,Negative
Q924Z6,Animals(M),non-IDP,Negative
Q925E0,Animals(M),IDP,Negative
Q925F2,Animals(M),IDP,Negative
Q925G1,Animals(M),IDP,Negative
Q925H1,Animals(M),IDP,Negative
Q925I7,Animals(M),non-IDP,Negative
Q925N6,Animals(M),IDP,Negative
Q925Q3,Animals(M),IDP,Negative
Q925Q8,Animals(M),IDP,Negative
Q925U0,Animals(M),IDP,Negative
Q92753,Animals(M),IDP,Negative
Q92JK3,Prokaryotes,non-IDP,Negative
Q93847,Animals(NM),IDP,Negative
Q93LK7,Prokaryotes,non-IDP,Negative
Q93LK8,Prokaryotes,non-IDP,Negative
Q93V85,Plants,IDP,Negative
Q93W32,Plants,IDP,Negative
Q93XX4,Plants,IDP,Negative
Q93Y08,Plants,IDP,Negative
Q93Y37,Plants,IDP,Negative
Q93YP7,Plants,non-IDP,Negative
Q93YV9,Plants,IDP,Negative
Q940M4,Plants,IDP,Negative
Q940P5,Plants,IDP,Negative
Q940Q3,Plants,IDP,Negative
Q940R4,Plants,IDP,Negative
Q941D5,Plants,IDP,Negative
Q94251,Animals(NM),IDP,Negative
Q943E9,Plants,non-IDP,Negative
Q944A6,Plants,non-IDP,Negative
Q944H2,Plants,non-IDP,Negative
Q944J0,Plants,IDP,Negative
Q94524,Animals(NM),non-IDP,Negative
Q946Y7,Plants,IDP,Negative
Q94A87,Plants,IDP,Negative
Q94AF7,Plants,IDP,Negative
Q94AI1,Plants,IDP,Negative
Q94AK6,Plants,non-IDP,Negative
Q94AX5,Plants,IDP,Negative
Q94BU8,Plants,non-IDP,Negative
Q94CD4,Plants,non-IDP,Negative
Q94CG2,Plants,IDP,Negative
Q94DW6,Plants,non-IDP,Negative
Q94F57,Plants,IDP,Negative
Q94HW2,Plants,IDP,Negative
Q94JU3,Plants,IDP,Negative
Q95108,Animals(M),non-IDP,Negative
Q95118,Animals(M),IDP,Negative
Q95207,Animals(M),IDP,Negative
Q95208,Animals(M),IDP,Negative
Q95242,Animals(M),IDP,Negative
Q95337,Animals(M),IDP,Negative
Q953I3,Animals(M),non-IDP,Negative
Q95J40,Animals(M),IDP,Negative
Q95JC3,Animals(M),IDP,Negative
Q95JC9,Animals(M),IDP,Negative
Q95JF2,Animals(M),IDP,Negative
Q95JH2,Animals(M),IDP,Negative
Q95JI7,Animals(M),IDP,Negative
Q95JI9,Animals(M),IDP,Negative
Q95JJ0,Animals(M),IDP,Negative
Q95JN2,Animals(M),IDP,Negative
Q95JN5,Animals(M),IDP,Negative
Q95JR6,Animals(M),non-IDP,Negative
Q95JW1,Animals(M),IDP,Negative
Q95JW2,Animals(M),IDP,Negative
Q95JW6,Animals(M),IDP,Negative
Q95JY0,Animals(M),IDP,Negative
Q95JY5,Animals(M),IDP,Negative
Q95K04,Animals(M),IDP,Negative
Q95K30,Animals(M),IDP,Negative
Q95K63,Animals(M),IDP,Negative
Q95K74,Animals(M),IDP,Negative
Q95KB4,Animals(M),IDP,Negative
Q95KD7,Animals(M),IDP,Negative
Q95KE2,Animals(M),IDP,Negative
Q95KF1,Animals(M),IDP,Negative
Q95KG7,Animals(M),IDP,Negative
Q95KI5,Animals(M),IDP,Negative
Q95KJ2,Animals(M),IDP,Negative
Q95KZ0,Animals(M),IDP,Negative
Q95LA0,Animals(M),IDP,Negative
Q95LF0,Animals(M),IDP,Negative
Q95LH0,Animals(M),IDP,Negative
Q95LH1,Animals(M),IDP,Negative
Q95LI2,Animals(M),IDP,Negative
Q95LI3,Animals(M),IDP,Negative
Q95LJ2,Animals(M),IDP,Negative
Q95LL3,Animals(M),IDP,Negative
Q95LL8,Animals(M),IDP,Negative
Q95LP3,Animals(M),IDP,Negative
Q95LT8,Animals(M),IDP,Negative
Q95LV7,Animals(M),IDP,Negative
Q95LY3,Animals(M),IDP,Negative
Q95LZ5,Animals(M),IDP,Negative
Q95MG6,Animals(M),IDP,Negative
Q95N27,Animals(M),IDP,Negative
Q95NE0,Animals(M),non-IDP,Negative
Q95RC0,Animals(NM),IDP,Negative
Q95UE8,Animals(NM),IDP,Negative
Q95V77,Animals(NM),IDP,Negative
Q95WA4,Fungi,IDP,Negative
Q95YI5,Animals(NM),IDP,Negative
Q95ZN4,Animals(NM),IDP,Negative
Q96290,Plants,IDP,Negative
Q96329,Plants,non-IDP,Negative
Q964T2,Animals(NM),non-IDP,Negative
Q965X7,Animals(NM),IDP,Negative
Q966V2,Animals(NM),IDP,Negative
Q969F8,Animals(M),IDP,Negative
Q969H9,Animals(M),IDP,Negative
Q969J5,Animals(M),non-IDP,Negative
Q969M2,Animals(M),IDP,Negative
Q96A28,Animals(M),IDP,Negative
Q96A59,Animals(M),IDP,Negative
Q96A99,Animals(M),IDP,Negative
Q96AC6,Animals(M),IDP,Negative
Q96AM1,Animals(M),IDP,Negative
Q96B42,Animals(M),IDP,Negative
Q96BN6,Animals(M),IDP,Negative
Q96BS2,Animals(M),IDP,Negative
Q96CN5,Animals(M),IDP,Negative
Q96DB9,Animals(M),IDP,Negative
Q96DC8,Animals(M),IDP,Negative
Q96DM1,Animals(M),IDP,Negative
Q96E93,Animals(M),IDP,Negative
Q96EQ9,Animals(M),IDP,Negative
Q96F25,Animals(M),non-IDP,Negative
Q96FF7,Animals(M),IDP,Negative
Q96HA9,Animals(M),non-IDP,Negative
Q96HJ5,Animals(M),IDP,Negative
Q96HP8,Animals(M),IDP,Negative
Q96IT6,Animals(M),IDP,Negative
Q96JA4,Animals(M),IDP,Negative
Q96KJ4,Animals(M),IDP,Negative
Q96KT0,Animals(M),IDP,Negative
Q96KV6,Animals(M),IDP,Negative
Q96KW2,Animals(M),IDP,Negative
Q96KX2,Animals(M),non-IDP,Negative
Q96LM9,Animals(M),non-IDP,Negative
Q96LP6,Animals(M),IDP,Negative
Q96LQ0,Animals(M),IDP,Negative
Q96LW2,Animals(M),IDP,Negative
Q96M19,Animals(M),IDP,Negative
Q96M34,Animals(M),IDP,Negative
Q96M42,Animals(M),IDP,Negative
Q96M66,Animals(M),IDP,Negative
Q96M69,Animals(M),IDP,Negative
Q96M85,Animals(M),IDP,Negative
Q96MC9,Animals(M),IDP,Negative
Q96MD2,Animals(M),non-IDP,Negative
Q96MR7,Animals(M),IDP,Negative
Q96MS3,Animals(M),non-IDP,Negative
Q96MT0,Animals(M),non-IDP,Negative
Q96MU8,Animals(M),IDP,Negative
Q96N35,Animals(M),non-IDP,Negative
Q96N53,Animals(M),IDP,Negative
Q96N68,Animals(M),IDP,Negative
Q96N76,Animals(M),IDP,Negative
Q96NR7,Animals(M),IDP,Negative
Q96NS8,Animals(M),IDP,Negative
Q96PG1,Animals(M),IDP,Negative
Q96PP4,Animals(M),IDP,Negative
Q96PY0,Animals(M),IDP,Negative
Q96QS1,Animals(M),non-IDP,Negative
Q96S07,Animals(M),IDP,Negative
Q96S99,Animals(M),IDP,Negative
Q96SC8,Animals(M),IDP,Negative
Q96T53,Animals(M),non-IDP,Negative
Q96T54,Animals(M),IDP,Negative
Q96U48,Fungi,IDP,Negative
Q96UB1,Fungi,IDP,Negative
Q96V81,Fungi,IDP,Negative
Q96VG1,Fungi,non-IDP,Negative
Q96WW3,Fungi,IDP,Negative
Q96X22,Fungi,IDP,Negative
Q97FK1,Prokaryotes,non-IDP,Negative
Q97GK6,Prokaryotes,IDP,Negative
Q97UZ1,Prokaryotes,IDP,Negative
Q97WH0,Prokaryotes,IDP,Negative
Q98325,Viruses,IDP,Negative
Q98329,Viruses,IDP,Negative
Q98514,Viruses,IDP,Negative
Q98910,Animals(NM),IDP,Negative
Q98936,Animals(NM),IDP,Negative
Q98948,Animals(NM),IDP,Negative
Q98ST5,Animals(NM),IDP,Negative
Q98TU0,Animals(NM),IDP,Negative
Q98UI9,Animals(NM),IDP,Negative
Q99160,Fungi,IDP,Negative
Q99219,Fungi,IDP,Negative
Q99318,Fungi,IDP,Negative
Q99372,Animals(M),IDP,Negative
Q99467,Animals(M),IDP,Negative
Q99678,Animals(M),IDP,Negative
Q99705,Animals(M),IDP,Negative
Q99811,Animals(M),IDP,Negative
Q99935,Animals(M),IDP,Negative
Q99954,Animals(M),IDP,Negative
Q99CW3,Viruses,non-IDP,Negative
Q99J10,Animals(M),IDP,Negative
Q99J23,Animals(M),IDP,Negative
Q99J27,Animals(M),IDP,Negative
Q99J39,Animals(M),IDP,Negative
Q99J64,Animals(M),IDP,Negative
Q99J72,Animals(M),non-IDP,Negative
Q99J77,Animals(M),non-IDP,Negative
Q99J79,Animals(M),IDP,Negative
Q99J86,Animals(M),IDP,Negative
Q99J93,Animals(M),IDP,Negative
Q99J99,Animals(M),IDP,Negative
Q99JA4,Animals(M),IDP,Negative
Q99JB0,Animals(M),IDP,Negative
Q99JF5,Animals(M),IDP,Negative
Q99JT1,Animals(M),IDP,Negative
Q99JT6,Animals(M),IDP,Negative
Q99JX1,Animals(M),IDP,Negative
Q99JY3,Animals(M),IDP,Negative
Q99K24,Animals(M),IDP,Negative
Q99K82,Animals(M),IDP,Negative
Q99K99,Animals(M),IDP,Negative
Q99KD5,Animals(M),IDP,Negative
Q99KE8,Animals(M),IDP,Negative
Q99KF0,Animals(M),IDP,Negative
Q99KG5,Animals(M),IDP,Negative
Q99KG7,Animals(M),IDP,Negative
Q99KN1,Animals(M),IDP,Negative
Q99KR3,Animals(M),non-IDP,Negative
Q99KS2,Animals(M),IDP,Negative
Q99KU1,Animals(M),non-IDP,Negative
Q99KW3,Animals(M),IDP,Negative
Q99KW9,Animals(M),IDP,Negative
Q99LB7,Animals(M),IDP,Negative
Q99LC9,Animals(M),IDP,Negative
Q99LE3,Animals(M),IDP,Negative
Q99LG1,Animals(M),IDP,Negative
Q99LH2,Animals(M),IDP,Negative
Q99LJ7,Animals(M),non-IDP,Negative
Q99LJ8,Animals(M),IDP,Negative
Q99LL3,Animals(M),IDP,Negative
Q99LP8,Animals(M),IDP,Negative
Q99LQ1,Animals(M),IDP,Negative
Q99LS0,Animals(M),IDP,Negative
Q99LS1,Animals(M),IDP,Negative
Q99LW0,Animals(M),IDP,Negative
Q99LY2,Animals(M),IDP,Negative
Q99M15,Animals(M),IDP,Negative
Q99M64,Animals(M),IDP,Negative
Q99MB4,Animals(M),IDP,Negative
Q99MD8,Animals(M),IDP,Negative
Q99ME3,Animals(M),IDP,Negative
Q99MH6,Animals(M),IDP,Negative
Q99MH9,Animals(M),non-IDP,Negative
Q99ML8,Animals(M),IDP,Negative
Q99MQ3,Animals(M),IDP,Negative
Q99MR3,Animals(M),IDP,Negative
Q99MT2,Animals(M),IDP,Negative
Q99MT6,Animals(M),non-IDP,Negative
Q99MU0,Animals(M),IDP,Negative
Q99MU1,Animals(M),IDP,Negative
Q99MZ7,Animals(M),non-IDP,Negative
Q99N03,Animals(M),IDP,Negative
Q99N05,Animals(M),IDP,Negative
Q99N10,Animals(M),IDP,Negative
Q99N34,Animals(M),IDP,Negative
Q99N46,Animals(M),IDP,Negative
Q99N48,Animals(M),IDP,Negative
Q99N87,Animals(M),IDP,Negative
Q99N90,Animals(M),non-IDP,Negative
Q99N96,Animals(M),IDP,Negative
Q99NC0,Animals(M),IDP,Negative
Q99NG0,Animals(M),IDP,Negative
Q99NG9,Animals(M),non-IDP,Negative
Q99NH8,Animals(M),IDP,Negative
Q99P25,Animals(M),IDP,Negative
Q99P91,Animals(M),IDP,Negative
Q99P96,Animals(M),IDP,Negative
Q99PE8,Animals(M),IDP,Negative
Q99PG2,Animals(M),IDP,Negative
Q99PJ2,Animals(M),IDP,Negative
Q99PW4,Animals(M),non-IDP,Negative
Q9A3J2,Prokaryotes,IDP,Negative
Q9AD93,Prokaryotes,IDP,Negative
Q9AR88,Plants,IDP,Negative
Q9AS36,Plants,IDP,Negative
Q9AV23,Plants,IDP,Negative
Q9AV28,Plants,IDP,Negative
Q9AVE6,Plants,IDP,Negative
Q9AYZ1,Viruses,IDP,Negative
Q9B8D0,Fungi,non-IDP,Negative
Q9B8D2,Fungi,non-IDP,Negative
Q9B9F9,Animals(M),IDP,Negative
Q9BDP2,Animals(M),IDP,Negative
Q9BDW8,Animals(M),IDP,Negative
Q9BE31,Animals(M),IDP,Negative
Q9BE45,Animals(M),IDP,Negative
Q9BE57,Animals(M),IDP,Negative
Q9BE63,Animals(M),IDP,Negative
Q9BE64,Animals(M),IDP,Negative
Q9BE65,Animals(M),IDP,Negative
Q9BE73,Animals(M),IDP,Negative
Q9BEA8,Animals(M),IDP,Negative
Q9BEE3,Animals(M),non-IDP,Negative
Q9BEG5,Animals(M),IDP,Negative
Q9BEG9,Animals(M),IDP,Negative
Q9BG78,Animals(M),IDP,Negative
Q9BGQ6,Animals(M),IDP,Negative
Q9BGW0,Animals(M),IDP,Negative
Q9BGW4,Animals(M),IDP,Negative
Q9BH04,Animals(M),IDP,Negative
Q9BH13,Animals(M),IDP,Negative
Q9BMP6,Animals(NM),IDP,Negative
Q9BN21,Animals(NM),IDP,Negative
Q9BQM9,Animals(M),IDP,Negative
Q9BQP9,Animals(M),IDP,Negative
Q9BR26,Animals(M),IDP,Negative
Q9BR46,Animals(M),IDP,Negative
Q9BRP9,Animals(M),IDP,Negative
Q9BS86,Animals(M),non-IDP,Negative
Q9BTD1,Animals(M),IDP,Negative
Q9BVV8,Animals(M),IDP,Negative
Q9BWJ2,Animals(M),IDP,Negative
Q9BWV2,Animals(M),IDP,Negative
Q9BWW7,Animals(M),IDP,Negative
Q9BX59,Animals(M),IDP,Negative
Q9BX93,Animals(M),non-IDP,Negative
Q9BXQ6,Animals(M),IDP,Negative
Q9BXT6,Animals(M),IDP,Negative
Q9BXU9,Animals(M),IDP,Negative
Q9BXW3,Animals(M),IDP,Negative
Q9BY08,Animals(M),IDP,Negative
Q9BYG8,Animals(M),non-IDP,Negative
Q9BYL1,Animals(M),IDP,Negative
Q9BYZ8,Animals(M),non-IDP,Negative
Q9BZ19,Animals(M),IDP,Negative
Q9BZ97,Animals(M),IDP,Negative
Q9BZA0,Animals(M),non-IDP,Negative
Q9BZA5,Animals(M),IDP,Negative
Q9BZJ7,Animals(M),IDP,Negative
Q9BZL3,Animals(M),IDP,Negative
Q9C0V7,Fungi,non-IDP,Negative
Q9C121,Fungi,non-IDP,Negative
Q9C1I4,Fungi,IDP,Negative
Q9C1J4,Fungi,IDP,Negative
Q9C2D4,Fungi,non-IDP,Negative
Q9C2M6,Fungi,IDP,Negative
Q9C500,Plants,IDP,Negative
Q9C5C4,Plants,non-IDP,Negative
Q9C5D0,Plants,non-IDP,Negative
Q9C5D2,Plants,IDP,Negative
Q9C5E5,Plants,IDP,Negative
Q9C5J8,Plants,IDP,Negative
Q9C5J9,Plants,IDP,Negative
Q9C637,Plants,non-IDP,Negative
Q9C6K3,Plants,IDP,Negative
Q9C6V4,Plants,IDP,Negative
Q9C717,Plants,IDP,Negative
Q9C7A2,Plants,IDP,Negative
Q9C7Y4,Plants,non-IDP,Negative
Q9C835,Plants,IDP,Negative
Q9C8T1,Plants,non-IDP,Negative
Q9C8W3,Plants,IDP,Negative
Q9C9X3,Plants,non-IDP,Negative
Q9C9Z5,Plants,IDP,Negative
Q9CA56,Plants,IDP,Negative
Q9CAE4,Plants,IDP,Negative
Q9CAQ2,Plants,IDP,Negative
Q9CDA3,Prokaryotes,non-IDP,Negative
Q9CKG3,Prokaryotes,IDP,Negative
Q9CM13,Prokaryotes,IDP,Negative
Q9CMM9,Prokaryotes,non-IDP,Negative
Q9CPE8,Prokaryotes,non-IDP,Negative
Q9CPR1,Animals(M),IDP,Negative
Q9CPS8,Animals(M),IDP,Negative
Q9CPT0,Animals(M),IDP,Negative
Q9CPU3,Animals(M),IDP,Negative
Q9CPY6,Animals(M),IDP,Negative
Q9CPZ1,Animals(M),IDP,Negative
Q9CPZ3,Animals(M),IDP,Negative
Q9CQ00,Animals(M),IDP,Negative
Q9CQ18,Animals(M),IDP,Negative
Q9CQ35,Animals(M),IDP,Negative
Q9CQ36,Animals(M),IDP,Negative
Q9CQ45,Animals(M),IDP,Negative
Q9CQ56,Animals(M),IDP,Negative
Q9CQ76,Animals(M),IDP,Negative
Q9CQ82,Animals(M),IDP,Negative
Q9CQA6,Animals(M),IDP,Negative
Q9CQC2,Animals(M),non-IDP,Negative
Q9CQC5,Animals(M),IDP,Negative
Q9CQF4,Animals(M),IDP,Negative
Q9CQI4,Animals(M),IDP,Negative
Q9CQJ0,Animals(M),non-IDP,Negative
Q9CQK7,Animals(M),IDP,Negative
Q9CQM1,Animals(M),IDP,Negative
Q9CQN7,Animals(M),IDP,Negative
Q9CQP3,Animals(M),IDP,Negative
Q9CQP8,Animals(M),IDP,Negative
Q9CQS3,Animals(M),IDP,Negative
Q9CQS6,Animals(M),non-IDP,Negative
Q9CQT7,Animals(M),IDP,Negative
Q9CQU8,Animals(M),non-IDP,Negative
Q9CR00,Animals(M),IDP,Negative
Q9CR04,Animals(M),IDP,Negative
Q9CR10,Animals(M),IDP,Negative
Q9CR11,Animals(M),non-IDP,Negative
Q9CR14,Animals(M),non-IDP,Negative
Q9CR23,Animals(M),IDP,Negative
Q9CR29,Animals(M),IDP,Negative
Q9CR34,Animals(M),IDP,Negative
Q9CR36,Animals(M),IDP,Negative
Q9CR48,Animals(M),non-IDP,Negative
Q9CR70,Animals(M),IDP,Negative
Q9CR76,Animals(M),IDP,Negative
Q9CR81,Animals(M),IDP,Negative
Q9CR92,Animals(M),IDP,Negative
Q9CRA5,Animals(M),IDP,Negative
Q9CRA9,Animals(M),IDP,Negative
Q9CRG1,Animals(M),IDP,Negative
Q9CRT8,Animals(M),non-IDP,Negative
Q9CS72,Animals(M),IDP,Negative
Q9CSV6,Animals(M),IDP,Negative
Q9CUL5,Animals(M),IDP,Negative
Q9CUS9,Animals(M),IDP,Negative
Q9CUX1,Animals(M),IDP,Negative
Q9CVI2,Animals(M),IDP,Negative
Q9CVN6,Animals(M),IDP,Negative
Q9CWB7,Animals(M),non-IDP,Negative
Q9CWH4,Animals(M),IDP,Negative
Q9CWJ3,Animals(M),IDP,Negative
Q9CWK3,Animals(M),IDP,Negative
Q9CWL2,Animals(M),IDP,Negative
Q9CWP6,Animals(M),IDP,Negative
Q9CWQ2,Animals(M),non-IDP,Negative
Q9CWQ8,Animals(M),IDP,Negative
Q9CWR0,Animals(M),IDP,Negative
Q9CWR1,Animals(M),non-IDP,Negative
Q9CWS1,Animals(M),IDP,Negative
Q9CWS4,Animals(M),non-IDP,Negative
Q9CWT2,Animals(M),IDP,Negative
Q9CWU0,Animals(M),IDP,Negative
Q9CWU5,Animals(M),IDP,Negative
Q9CWV0,Animals(M),IDP,Negative
Q9CWV1,Animals(M),IDP,Negative
Q9CWV6,Animals(M),IDP,Negative
Q9CWY8,Animals(M),IDP,Negative
Q9CX47,Animals(M),non-IDP,Negative
Q9CX48,Animals(M),IDP,Negative
Q9CX62,Animals(M),IDP,Negative
Q9CX63,Animals(M),non-IDP,Negative
Q9CX80,Animals(M),IDP,Negative
Q9CXC3,Animals(M),IDP,Negative
Q9CXC9,Animals(M),IDP,Negative
Q9CXD6,Animals(M),IDP,Negative
Q9CXD9,Animals(M),IDP,Negative
Q9CXF0,Animals(M),non-IDP,Negative
Q9CXF7,Animals(M),IDP,Negative
Q9CXJ1,Animals(M),non-IDP,Negative
Q9CXK4,Animals(M),non-IDP,Negative
Q9CXK9,Animals(M),IDP,Negative
Q9CXL7,Animals(M),IDP,Negative
Q9CXP9,Animals(M),IDP,Negative
Q9CXT6,Animals(M),IDP,Negative
Q9CXV1,Animals(M),non-IDP,Negative
Q9CXY1,Animals(M),IDP,Negative
Q9CY24,Animals(M),IDP,Negative
Q9CY64,Animals(M),non-IDP,Negative
Q9CY73,Animals(M),IDP,Negative
Q9CY86,Animals(M),IDP,Negative
Q9CYC5,Animals(M),IDP,Negative
Q9CYF5,Animals(M),IDP,Negative
Q9CYI0,Animals(M),IDP,Negative
Q9CYQ5,Animals(M),IDP,Negative
Q9CYR6,Animals(M),non-IDP,Negative
Q9CYU6,Animals(M),IDP,Negative
Q9CYZ8,Animals(M),IDP,Negative
Q9CZ00,Animals(M),IDP,Negative
Q9CZ28,Animals(M),non-IDP,Negative
Q9CZ52,Animals(M),IDP,Negative
Q9CZ62,Animals(M),IDP,Negative
Q9CZ83,Animals(M),IDP,Negative
Q9CZ92,Animals(M),IDP,Negative
Q9CZB3,Animals(M),IDP,Negative
Q9CZD5,Animals(M),IDP,Negative
Q9CZG3,Animals(M),non-IDP,Negative
Q9CZH7,Animals(M),IDP,Negative
Q9CZL5,Animals(M),non-IDP,Negative
Q9CZP3,Animals(M),IDP,Negative
Q9CZT4,Animals(M),IDP,Negative
Q9CZT5,Animals(M),IDP,Negative
Q9CZV5,Animals(M),IDP,Negative
Q9D020,Animals(M),non-IDP,Negative
Q9D075,Animals(M),IDP,Negative
Q9D083,Animals(M),non-IDP,Negative
Q9D084,Animals(M),IDP,Negative
Q9D099,Animals(M),non-IDP,Negative
Q9D0B1,Animals(M),IDP,Negative
Q9D0B5,Animals(M),non-IDP,Negative
Q9D0B6,Animals(M),IDP,Negative
Q9D0E5,Animals(M),non-IDP,Negative
Q9D0K1,Animals(M),IDP,Negative
Q9D0M2,Animals(M),IDP,Negative
Q9D0P5,Animals(M),IDP,Negative
Q9D0S4,Animals(M),IDP,Negative
Q9D0T7,Animals(M),non-IDP,Negative
Q9D110,Animals(M),non-IDP,Negative
Q9D113,Animals(M),IDP,Negative
Q9D114,Animals(M),IDP,Negative
Q9D176,Animals(M),IDP,Negative
Q9D180,Animals(M),IDP,Negative
Q9D187,Animals(M),IDP,Negative
Q9D1B9,Animals(M),IDP,Negative
Q9D1D6,Animals(M),IDP,Negative
Q9D1E4,Animals(M),IDP,Negative
Q9D1G3,Animals(M),IDP,Negative
Q9D1L0,Animals(M),IDP,Negative
Q9D1N2,Animals(M),IDP,Negative
Q9D1R1,Animals(M),IDP,Negative
Q9D1T5,Animals(M),IDP,Negative
Q9D1Z2,Animals(M),IDP,Negative
Q9D1Z3,Animals(M),IDP,Negative
Q9D219,Animals(M),IDP,Negative
Q9D226,Animals(M),non-IDP,Negative
Q9D240,Animals(M),IDP,Negative
Q9D263,Animals(M),IDP,Negative
Q9D281,Animals(M),IDP,Negative
Q9D291,Animals(M),non-IDP,Negative
Q9D2C2,Animals(M),IDP,Negative
Q9D2F5,Animals(M),IDP,Negative
Q9D2H2,Animals(M),IDP,Negative
Q9D2H5,Animals(M),IDP,Negative
Q9D2I5,Animals(M),IDP,Negative
Q9D2J4,Animals(M),IDP,Negative
Q9D2J7,Animals(M),IDP,Negative
Q9D2K4,Animals(M),IDP,Negative
Q9D2L9,Animals(M),IDP,Negative
Q9D2N8,Animals(M),IDP,Negative
Q9D2P8,Animals(M),IDP,Negative
Q9D2Q2,Animals(M),IDP,Negative
Q9D2Q3,Animals(M),IDP,Negative
Q9D2S4,Animals(M),IDP,Negative
Q9D2U5,Animals(M),IDP,Negative
Q9D2Z8,Animals(M),IDP,Negative
Q9D305,Animals(M),non-IDP,Negative
Q9D309,Animals(M),IDP,Negative
Q9D342,Animals(M),IDP,Negative
Q9D379,Animals(M),IDP,Negative
Q9D3J8,Animals(M),IDP,Negative
Q9D3L0,Animals(M),IDP,Negative
Q9D3N8,Animals(M),IDP,Negative
Q9D3R6,Animals(M),IDP,Negative
Q9D3R9,Animals(M),IDP,Negative
Q9D3S3,Animals(M),IDP,Negative
Q9D3X5,Animals(M),IDP,Negative
Q9D3X9,Animals(M),IDP,Negative
Q9D485,Animals(M),non-IDP,Negative
Q9D486,Animals(M),IDP,Negative
Q9D489,Animals(M),IDP,Negative
Q9D495,Animals(M),IDP,Negative
Q9D4C1,Animals(M),IDP,Negative
Q9D4G2,Animals(M),IDP,Negative
Q9D4J3,Animals(M),IDP,Negative
Q9D4Y8,Animals(M),IDP,Negative
Q9D529,Animals(M),IDP,Negative
Q9D541,Animals(M),IDP,Negative
Q9D552,Animals(M),IDP,Negative
Q9D565,Animals(M),IDP,Negative
Q9D5J6,Animals(M),non-IDP,Negative
Q9D5N8,Animals(M),IDP,Negative
Q9D5Q8,Animals(M),IDP,Negative
Q9D5R4,Animals(M),IDP,Negative
Q9D5U5,Animals(M),non-IDP,Negative
Q9D5V6,Animals(M),IDP,Negative
Q9D5W4,Animals(M),IDP,Negative
Q9D5Y0,Animals(M),IDP,Negative
Q9D600,Animals(M),non-IDP,Negative
Q9D618,Animals(M),IDP,Negative
Q9D659,Animals(M),IDP,Negative
Q9D676,Animals(M),non-IDP,Negative
Q9D6E4,Animals(M),IDP,Negative
Q9D6G9,Animals(M),IDP,Negative
Q9D6H2,Animals(M),non-IDP,Negative
Q9D6I9,Animals(M),IDP,Negative
Q9D6J3,Animals(M),IDP,Negative
Q9D6K7,Animals(M),IDP,Negative
Q9D6W8,Animals(M),IDP,Negative
Q9D6Y1,Animals(M),IDP,Negative
Q9D6Y4,Animals(M),IDP,Negative
Q9D6Z6,Animals(M),IDP,Negative
Q9D706,Animals(M),IDP,Negative
Q9D727,Animals(M),IDP,Negative
Q9D777,Animals(M),IDP,Negative
Q9D783,Animals(M),IDP,Negative
Q9D786,Animals(M),IDP,Negative
Q9D7B1,Animals(M),IDP,Negative
Q9D7B7,Animals(M),non-IDP,Negative
Q9D7D1,Animals(M),IDP,Negative
Q9D7D7,Animals(M),IDP,Negative
Q9D7G4,Animals(M),IDP,Negative
Q9D7G9,Animals(M),IDP,Negative
Q9D7J4,Animals(M),IDP,Negative
Q9D7K2,Animals(M),IDP,Negative
Q9D7N9,Animals(M),IDP,Negative
Q9D7P0,Animals(M),non-IDP,Negative
Q9D7P6,Animals(M),non-IDP,Negative
Q9D7S1,Animals(M),non-IDP,Negative
Q9D7W5,Animals(M),IDP,Negative
Q9D7Y9,Animals(M),IDP,Negative
Q9D818,Animals(M),IDP,Negative
Q9D842,Animals(M),IDP,Negative
Q9D844,Animals(M),IDP,Negative
Q9D845,Animals(M),IDP,Negative
Q9D856,Animals(M),IDP,Negative
Q9D864,Animals(M),non-IDP,Negative
Q9D8B1,Animals(M),IDP,Negative
Q9D8B6,Animals(M),IDP,Negative
Q9D8C4,Animals(M),non-IDP,Negative
Q9D8F1,Animals(M),non-IDP,Negative
Q9D8N3,Animals(M),non-IDP,Negative
Q9D8Q6,Animals(M),IDP,Negative
Q9D8S9,Animals(M),IDP,Negative
Q9D8T0,Animals(M),IDP,Negative
Q9D8U2,Animals(M),IDP,Negative
Q9D8U4,Animals(M),IDP,Negative
Q9D8U6,Animals(M),IDP,Negative
Q9D8U7,Animals(M),IDP,Negative
Q9D8X0,Animals(M),IDP,Negative
Q9D8Z2,Animals(M),non-IDP,Negative
Q9D967,Animals(M),non-IDP,Negative
Q9D992,Animals(M),IDP,Negative
Q9D994,Animals(M),non-IDP,Negative
Q9D995,Animals(M),IDP,Negative
Q9D9B0,Animals(M),IDP,Negative
Q9D9B4,Animals(M),IDP,Negative
Q9D9F8,Animals(M),IDP,Negative
Q9D9G2,Animals(M),IDP,Negative
Q9D9H2,Animals(M),non-IDP,Negative
Q9D9H8,Animals(M),IDP,Negative
Q9D9I1,Animals(M),IDP,Negative
Q9D9J2,Animals(M),IDP,Negative
Q9D9J7,Animals(M),IDP,Negative
Q9D9M2,Animals(M),IDP,Negative
Q9D9M4,Animals(M),IDP,Negative
Q9D9N8,Animals(M),non-IDP,Negative
Q9D9P2,Animals(M),IDP,Negative
Q9D9P8,Animals(M),IDP,Negative
Q9D9R9,Animals(M),IDP,Negative
Q9D9S1,Animals(M),IDP,Negative
Q9D9T6,Animals(M),IDP,Negative
Q9D9U4,Animals(M),IDP,Negative
Q9D9U9,Animals(M),IDP,Negative
Q9D9V2,Animals(M),IDP,Negative
Q9D9V3,Animals(M),non-IDP,Negative
Q9D9V7,Animals(M),IDP,Negative
Q9D9W0,Animals(M),IDP,Negative
Q9D9W1,Animals(M),non-IDP,Negative
Q9D9W6,Animals(M),IDP,Negative
Q9D9X8,Animals(M),non-IDP,Negative
Q9D9Z1,Animals(M),IDP,Negative
Q9DA08,Animals(M),IDP,Negative
Q9DA21,Animals(M),IDP,Negative
Q9DA37,Animals(M),IDP,Negative
Q9DA42,Animals(M),IDP,Negative
Q9DA47,Animals(M),IDP,Negative
Q9DA48,Animals(M),IDP,Negative
Q9DA57,Animals(M),IDP,Negative
Q9DA60,Animals(M),IDP,Negative
Q9DA64,Animals(M),IDP,Negative
Q9DA75,Animals(M),IDP,Negative
Q9DA77,Animals(M),IDP,Negative
Q9DA79,Animals(M),IDP,Negative
Q9DAC0,Animals(M),IDP,Negative
Q9DAE3,Animals(M),IDP,Negative
Q9DAF3,Animals(M),IDP,Negative
Q9DAF8,Animals(M),IDP,Negative
Q9DAG5,Animals(M),IDP,Negative
Q9DAK2,Animals(M),IDP,Negative
Q9DAL0,Animals(M),IDP,Negative
Q9DAL3,Animals(M),IDP,Negative
Q9DAL9,Animals(M),IDP,Negative
Q9DAM1,Animals(M),non-IDP,Negative
Q9DAM3,Animals(M),IDP,Negative
Q9DAN9,Animals(M),non-IDP,Negative
Q9DAP0,Animals(M),IDP,Negative
Q9DAQ4,Animals(M),IDP,Negative
Q9DAR0,Animals(M),IDP,Negative
Q9DAU7,Animals(M),IDP,Negative
Q9DAU9,Animals(M),IDP,Negative
Q9DAX9,Animals(M),non-IDP,Negative
Q9DAZ9,Animals(M),IDP,Negative
Q9DB25,Animals(M),non-IDP,Negative
Q9DB38,Animals(M),IDP,Negative
Q9DB42,Animals(M),IDP,Negative
Q9DBA6,Animals(M),non-IDP,Negative
Q9DBB5,Animals(M),IDP,Negative
Q9DBC3,Animals(M),IDP,Negative
Q9DBF7,Animals(M),IDP,Negative
Q9DBH5,Animals(M),IDP,Negative
Q9DBL2,Animals(M),IDP,Negative
Q9DBN1,Animals(M),IDP,Negative
Q9DBN9,Animals(M),IDP,Negative
Q9DBP0,Animals(M),IDP,Negative
Q9DBQ7,Animals(M),IDP,Negative
Q9DBQ9,Animals(M),IDP,Negative
Q9DBR2,Animals(M),IDP,Negative
Q9DBS1,Animals(M),IDP,Negative
Q9DBT3,Animals(M),IDP,Negative
Q9DBT4,Animals(M),IDP,Negative
Q9DBU5,Animals(M),IDP,Negative
Q9DBZ1,Animals(M),IDP,Negative
Q9DC11,Animals(M),IDP,Negative
Q9DC16,Animals(M),IDP,Negative
Q9DC22,Animals(M),IDP,Negative
Q9DC40,Animals(M),IDP,Negative
Q9DCA7,Animals(M),IDP,Negative
Q9DCB8,Animals(M),non-IDP,Negative
Q9DCF1,Animals(M),IDP,Negative
Q9DCH6,Animals(M),IDP,Negative
Q9DCJ7,Animals(M),non-IDP,Negative
Q9DCU0,Animals(M),non-IDP,Negative
Q9DCV6,Animals(M),IDP,Negative
Q9DCX7,Animals(M),IDP,Negative
Q9DCZ9,Animals(M),non-IDP,Negative
Q9DD16,Animals(M),non-IDP,Negative
Q9DD19,Animals(M),IDP,Negative
Q9DD20,Animals(M),non-IDP,Negative
Q9DD24,Animals(M),IDP,Negative
Q9DEB4,Animals(NM),IDP,Negative
Q9DG23,Animals(NM),IDP,Negative
Q9DGW5,Viruses,IDP,Negative
Q9DH85,Viruses,IDP,Negative
Q9DH90,Viruses,non-IDP,Negative
Q9DUC3,Viruses,IDP,Negative
Q9EP86,Animals(M),IDP,Negative
Q9EPB5,Animals(M),non-IDP,Negative
Q9EPH1,Animals(M),non-IDP,Negative
Q9EPJ9,Animals(M),IDP,Negative
Q9EPK6,Animals(M),IDP,Negative
Q9EPL9,Animals(M),non-IDP,Negative
Q9EPR4,Animals(M),IDP,Negative
Q9EPS3,Animals(M),IDP,Negative
Q9EPW2,Animals(M),IDP,Negative
Q9EPX2,Animals(M),IDP,Negative
Q9EPZ6,Animals(M),IDP,Negative
Q9EPZ7,Animals(M),IDP,Negative
Q9EQ14,Animals(M),IDP,Negative
Q9EQ15,Animals(M),non-IDP,Negative
Q9EQG3,Animals(M),IDP,Negative
Q9EQG5,Animals(M),IDP,Negative
Q9EQG7,Animals(M),IDP,Negative
Q9EQJ0,Animals(M),IDP,Negative
Q9EQJ4,Animals(M),IDP,Negative
Q9EQQ3,Animals(M),IDP,Negative
Q9EQQ9,Animals(M),IDP,Negative
Q9EQR5,Animals(M),IDP,Negative
Q9EQR6,Animals(M),IDP,Negative
Q9EQS5,Animals(M),non-IDP,Negative
Q9EQS9,Animals(M),IDP,Negative
Q9EQT6,Animals(M),IDP,Negative
Q9EQW6,Animals(M),IDP,Negative
Q9ER62,Animals(M),non-IDP,Negative
Q9ER74,Animals(M),IDP,Negative
Q9ER80,Animals(M),IDP,Negative
Q9ERC3,Animals(M),IDP,Negative
Q9ERE3,Animals(M),IDP,Negative
Q9ERE8,Animals(M),IDP,Negative
Q9ERQ3,Animals(M),IDP,Negative
Q9ERS1,Animals(M),IDP,Negative
Q9ERY9,Animals(M),non-IDP,Negative
Q9ES00,Animals(M),IDP,Negative
Q9ES07,Animals(M),IDP,Negative
Q9ES14,Animals(M),IDP,Negative
Q9ES18,Animals(M),IDP,Negative
Q9ES30,Animals(M),IDP,Negative
Q9ES67,Animals(M),IDP,Negative
Q9ES75,Animals(M),IDP,Negative
Q9ES82,Animals(M),IDP,Negative
Q9ESB3,Animals(M),IDP,Negative
Q9ESD6,Animals(M),IDP,Negative
Q9ESE2,Animals(M),IDP,Negative
Q9ESG9,Animals(M),IDP,Negative
Q9ESJ1,Animals(M),IDP,Negative
Q9ESJ7,Animals(M),IDP,Negative
Q9ESK8,Animals(M),IDP,Negative
Q9ESL4,Animals(M),IDP,Negative
Q9ESM7,Animals(M),IDP,Negative
Q9ESN0,Animals(M),IDP,Negative
Q9ESQ9,Animals(M),IDP,Negative
Q9ESS0,Animals(M),IDP,Negative
Q9EST5,Animals(M),IDP,Negative
Q9ET22,Animals(M),IDP,Negative
Q9ET35,Animals(M),IDP,Negative
Q9ET39,Animals(M),IDP,Negative
Q9ET58,Animals(M),IDP,Negative
Q9ET64,Animals(M),IDP,Negative
Q9ET66,Animals(M),IDP,Negative
Q9F234,Prokaryotes,IDP,Negative
Q9FEC4,Plants,IDP,Negative
Q9FF66,Plants,IDP,Negative
Q9FFK8,Plants,IDP,Negative
Q9FG38,Plants,IDP,Negative
Q9FGL0,Plants,non-IDP,Negative
Q9FGL9,Plants,IDP,Negative
Q9FHM7,Plants,non-IDP,Negative
Q9FHQ3,Plants,IDP,Negative
Q9FI43,Plants,IDP,Negative
Q9FI76,Plants,non-IDP,Negative
Q9FIF5,Plants,IDP,Negative
Q9FIH5,Plants,IDP,Negative
Q9FIH8,Plants,IDP,Negative
Q9FJ25,Plants,IDP,Negative
Q9FJG9,Plants,IDP,Negative
Q9FJH5,Plants,IDP,Negative
Q9FJP3,Plants,IDP,Negative
Q9FK51,Plants,IDP,Negative
Q9FKA5,Plants,IDP,Negative
Q9FKC3,Plants,IDP,Negative
Q9FKC8,Plants,IDP,Negative
Q9FKF0,Plants,IDP,Negative
Q9FKL6,Plants,IDP,Negative
Q9FLD7,Plants,IDP,Negative
Q9FLQ7,Plants,IDP,Negative
Q9FLT2,Plants,IDP,Negative
Q9FM03,Plants,IDP,Negative
Q9FMC2,Plants,IDP,Negative
Q9FMR1,Plants,IDP,Negative
Q9FMW9,Plants,non-IDP,Negative
Q9FNA9,Plants,IDP,Negative
Q9FNC9,Plants,IDP,Negative
Q9FNI1,Plants,IDP,Negative
Q9FNY7,Plants,IDP,Negative
Q9FPQ6,Plants,IDP,Negative
Q9FPW6,Plants,IDP,Negative
Q9FS16,Plants,IDP,Negative
Q9FSH9,Plants,non-IDP,Negative
Q9FTA0,Plants,IDP,Negative
Q9FVQ9,Plants,IDP,Negative
Q9FX45,Plants,IDP,Negative
Q9FX77,Plants,IDP,Negative
Q9FYF9,Plants,IDP,Negative
Q9FYL3,Plants,IDP,Negative
Q9FZ81,Plants,IDP,Negative
Q9FZE7,Plants,non-IDP,Negative
Q9G052,Viruses,non-IDP,Negative
Q9G054,Viruses,IDP,Negative
Q9GKI7,Animals(M),IDP,Negative
Q9GKK3,Animals(M),IDP,Negative
Q9GKQ3,Animals(M),IDP,Negative
Q9GKQ5,Animals(M),non-IDP,Negative
Q9GKR7,Animals(M),IDP,Negative
Q9GKT2,Animals(M),IDP,Negative
Q9GKU1,Animals(M),IDP,Negative
Q9GKY0,Animals(M),IDP,Negative
Q9GKY5,Animals(M),IDP,Negative
Q9GKZ4,Animals(M),IDP,Negative
Q9GL21,Animals(M),IDP,Negative
Q9GL25,Animals(M),non-IDP,Negative
Q9GLD0,Animals(M),IDP,Negative
Q9GLQ0,Animals(M),IDP,Negative
Q9GLQ1,Animals(M),IDP,Negative
Q9GLQ2,Animals(M),IDP,Negative
Q9GLX9,Animals(M),IDP,Negative
Q9GM03,Animals(M),IDP,Negative
Q9GMA3,Animals(M),IDP,Negative
Q9GRC4,Animals(NM),IDP,Negative
Q9GZL8,Animals(M),IDP,Negative
Q9GZN0,Animals(M),IDP,Negative
Q9GZP1,Animals(M),IDP,Negative
Q9GZU1,Animals(M),IDP,Negative
Q9GZW5,Animals(M),IDP,Negative
Q9GZZ7,Animals(M),IDP,Negative
Q9H091,Animals(M),IDP,Negative
Q9H0A3,Animals(M),non-IDP,Negative
Q9H0C3,Animals(M),IDP,Negative
Q9H0H9,Animals(M),IDP,Negative
Q9H0P7,Animals(M),IDP,Negative
Q9H0Y0,Animals(M),non-IDP,Negative
Q9H1C0,Animals(M),IDP,Negative
Q9H1F0,Animals(M),non-IDP,Negative
Q9H1L0,Animals(M),IDP,Negative
Q9H295,Animals(M),IDP,Negative
Q9H2U6,Animals(M),non-IDP,Negative
Q9H2W1,Animals(M),IDP,Negative
Q9H2W2,Animals(M),IDP,Negative
Q9H321,Animals(M),IDP,Negative
Q9H478,Animals(M),IDP,Negative
Q9H628,Animals(M),non-IDP,Negative
Q9H693,Animals(M),IDP,Negative
Q9H6K5,Animals(M),IDP,Negative
Q9H756,Animals(M),IDP,Negative
Q9H7B7,Animals(M),IDP,Negative
Q9H8S5,Animals(M),IDP,Negative
Q9H8V8,Animals(M),IDP,Negative
Q9H8X3,Animals(M),non-IDP,Negative
Q9HA90,Animals(M),IDP,Negative
Q9HAA7,Animals(M),IDP,Negative
Q9HAT1,Animals(M),IDP,Negative
Q9HB15,Animals(M),IDP,Negative
Q9HB31,Animals(M),IDP,Negative
Q9HBQ8,Animals(M),IDP,Negative
Q9HBX3,Animals(M),non-IDP,Negative
Q9HC23,Animals(M),non-IDP,Negative
Q9HC47,Animals(M),non-IDP,Negative
Q9HD87,Animals(M),IDP,Negative
Q9HDV8,Fungi,IDP,Negative
Q9HDV9,Fungi,non-IDP,Negative
Q9HDZ0,Fungi,non-IDP,Negative
Q9HDZ3,Fungi,IDP,Negative
Q9HDZ8,Fungi,IDP,Negative
Q9HE87,Fungi,non-IDP,Negative
Q9HFF2,Fungi,IDP,Negative
Q9HFJ5,Fungi,non-IDP,Negative
Q9HGQ3,Fungi,IDP,Negative
Q9HHC2,Prokaryotes,IDP,Negative
Q9HNW1,Prokaryotes,non-IDP,Negative
Q9HPL2,Prokaryotes,non-IDP,Negative
Q9HR76,Prokaryotes,non-IDP,Negative
Q9HU78,Prokaryotes,IDP,Negative
Q9HY80,Prokaryotes,non-IDP,Negative
Q9HYV7,Prokaryotes,non-IDP,Negative
Q9I189,Prokaryotes,non-IDP,Negative
Q9I3N6,Prokaryotes,non-IDP,Negative
Q9I701,Prokaryotes,IDP,Negative
Q9I747,Prokaryotes,IDP,Negative
Q9I859,Animals(NM),IDP,Negative
Q9I8M6,Animals(NM),IDP,Negative
Q9I8W5,Animals(NM),IDP,Negative
Q9I923,Animals(NM),non-IDP,Negative
Q9I9R3,Animals(NM),IDP,Negative
Q9IA95,Animals(NM),IDP,Negative
Q9ICF9,Viruses,IDP,Negative
Q9J515,Viruses,non-IDP,Negative
Q9J529,Viruses,non-IDP,Negative
Q9J5H4,Viruses,IDP,Negative
Q9JHE6,Animals(M),IDP,Negative
Q9JHG6,Animals(M),IDP,Negative
Q9JHG7,Animals(M),IDP,Negative
Q9JHJ8,Animals(M),IDP,Negative
Q9JHN8,Animals(M),non-IDP,Negative
Q9JHR9,Animals(M),IDP,Negative
Q9JHU2,Animals(M),IDP,Negative
Q9JHW1,Animals(M),IDP,Negative
Q9JHW4,Animals(M),IDP,Negative
Q9JHX3,Animals(M),IDP,Negative
Q9JHX4,Animals(M),IDP,Negative
Q9JHX6,Animals(M),non-IDP,Negative
Q9JHZ2,Animals(M),IDP,Negative
Q9JHZ4,Animals(M),IDP,Negative
Q9JI08,Animals(M),IDP,Negative
Q9JI35,Animals(M),IDP,Negative
Q9JI48,Animals(M),IDP,Negative
Q9JI57,Animals(M),IDP,Negative
Q9JI60,Animals(M),non-IDP,Negative
Q9JI71,Animals(M),IDP,Negative
Q9JI74,Animals(M),IDP,Negative
Q9JI83,Animals(M),IDP,Negative
Q9JI93,Animals(M),IDP,Negative
Q9JI99,Animals(M),IDP,Negative
Q9JIA3,Animals(M),IDP,Negative
Q9JIC3,Animals(M),IDP,Negative
Q9JIF9,Animals(M),IDP,Negative
Q9JIG4,Animals(M),IDP,Negative
Q9JIK1,Animals(M),IDP,Negative
Q9JIL2,Animals(M),IDP,Negative
Q9JIL6,Animals(M),IDP,Negative
Q9JIN6,Animals(M),IDP,Negative
Q9JIP4,Animals(M),IDP,Negative
Q9JIT0,Animals(M),IDP,Negative
Q9JIX5,Animals(M),IDP,Negative
Q9JJ06,Animals(M),IDP,Negative
Q9JJ26,Animals(M),IDP,Negative
Q9JJ40,Animals(M),IDP,Negative
Q9JJ59,Animals(M),IDP,Negative
Q9JJ89,Animals(M),IDP,Negative
Q9JJ93,Animals(M),IDP,Negative
Q9JJA2,Animals(M),IDP,Negative
Q9JJD0,Animals(M),IDP,Negative
Q9JJE4,Animals(M),non-IDP,Negative
Q9JJG5,Animals(M),IDP,Negative
Q9JJG6,Animals(M),non-IDP,Negative
Q9JJH5,Animals(M),IDP,Negative
Q9JJI6,Animals(M),IDP,Negative
Q9JJJ7,Animals(M),non-IDP,Negative
Q9JJL0,Animals(M),IDP,Negative
Q9JJL9,Animals(M),IDP,Negative
Q9JJN0,Animals(M),IDP,Negative
Q9JJQ0,Animals(M),IDP,Negative
Q9JJR2,Animals(M),IDP,Negative
Q9JJR5,Animals(M),IDP,Negative
Q9JJR6,Animals(M),IDP,Negative
Q9JJV3,Animals(M),IDP,Negative
Q9JJV7,Animals(M),IDP,Negative
Q9JJX7,Animals(M),IDP,Negative
Q9JJZ4,Animals(M),IDP,Negative
Q9JJZ6,Animals(M),IDP,Negative
Q9JK38,Animals(M),non-IDP,Negative
Q9JK79,Animals(M),IDP,Negative
Q9JK95,Animals(M),non-IDP,Negative
Q9JKA5,Animals(M),IDP,Negative
Q9JKC9,Animals(M),IDP,Negative
Q9JKD9,Animals(M),IDP,Negative
Q9JKE1,Animals(M),IDP,Negative
Q9JKJ9,Animals(M),IDP,Negative
Q9JKL4,Animals(M),non-IDP,Negative
Q9JKP8,Animals(M),IDP,Negative
Q9JKQ4,Animals(M),IDP,Negative
Q9JKS4,Animals(M),IDP,Negative
Q9JKW0,Animals(M),IDP,Negative
Q9JKX3,Animals(M),IDP,Negative
Q9JL10,Animals(M),IDP,Negative
Q9JL16,Animals(M),IDP,Negative
Q9JL18,Animals(M),IDP,Negative
Q9JL19,Animals(M),IDP,Negative
Q9JL59,Animals(M),non-IDP,Negative
Q9JL61,Animals(M),IDP,Negative
Q9JLA3,Animals(M),IDP,Negative
Q9JLB9,Animals(M),IDP,Negative
Q9JLC6,Animals(M),IDP,Negative
Q9JLF1,Animals(M),IDP,Negative
Q9JLG8,Animals(M),IDP,Negative
Q9JLJ0,Animals(M),IDP,Negative
Q9JLL0,Animals(M),IDP,Negative
Q9JLM2,Animals(M),IDP,Negative
Q9JLN6,Animals(M),IDP,Negative
Q9JLS0,Animals(M),IDP,Negative
Q9JLT6,Animals(M),IDP,Negative
Q9JLV2,Animals(M),IDP,Negative
Q9JLZ8,Animals(M),IDP,Negative
Q9JM10,Animals(M),IDP,Negative
Q9JM13,Animals(M),IDP,Negative
Q9JM58,Animals(M),IDP,Negative
Q9JM73,Animals(M),IDP,Negative
Q9JM84,Animals(M),non-IDP,Negative
Q9JM98,Animals(M),non-IDP,Negative
Q9JM99,Animals(M),IDP,Negative
Q9JMA2,Animals(M),non-IDP,Negative
Q9JME9,Animals(M),IDP,Negative
Q9JMG6,Animals(M),IDP,Negative
Q9JMJ2,Animals(M),IDP,Negative
Q9K490,Prokaryotes,IDP,Negative
Q9K548,Prokaryotes,non-IDP,Negative
Q9K6A3,Prokaryotes,non-IDP,Negative
Q9KGE8,Prokaryotes,non-IDP,Negative
Q9L016,Prokaryotes,non-IDP,Negative
Q9L9D4,Prokaryotes,non-IDP,Negative
Q9L9F7,Prokaryotes,non-IDP,Negative
Q9LDC0,Plants,IDP,Negative
Q9LDF2,Plants,IDP,Negative
Q9LDH3,Plants,IDP,Negative
Q9LE73,Plants,non-IDP,Negative
Q9LEV7,Plants,IDP,Negative
Q9LEW3,Plants,IDP,Negative
Q9LEZ1,Plants,IDP,Negative
Q9LF50,Plants,IDP,Negative
Q9LFD5,Plants,IDP,Negative
Q9LG41,Plants,IDP,Negative
Q9LGZ2,Plants,IDP,Negative
Q9LHA1,Plants,IDP,Negative
Q9LHJ2,Plants,IDP,Negative
Q9LIL4,Plants,non-IDP,Negative
Q9LJL3,Plants,IDP,Negative
Q9LJN2,Plants,IDP,Negative
Q9LJU0,Plants,IDP,Negative
Q9LM13,Plants,non-IDP,Negative
Q9LM55,Plants,IDP,Negative
Q9LP37,Plants,IDP,Negative
Q9LPL5,Plants,IDP,Negative
Q9LQK7,Plants,IDP,Negative
Q9LQL0,Plants,non-IDP,Negative
Q9LRM4,Plants,IDP,Negative
Q9LS46,Plants,IDP,Negative
Q9LS95,Plants,IDP,Negative
Q9LSP9,Plants,IDP,Negative
Q9LST6,Plants,non-IDP,Negative
Q9LT57,Plants,IDP,Negative
Q9LTE4,Plants,IDP,Negative
Q9LTR2,Plants,IDP,Negative
Q9LTS6,Plants,IDP,Negative
Q9LUB6,Plants,IDP,Negative
Q9LUR0,Plants,IDP,Negative
Q9LV81,Plants,IDP,Negative
Q9LVA7,Plants,IDP,Negative
Q9LVC3,Plants,IDP,Negative
Q9LVC9,Plants,IDP,Negative
Q9LVZ7,Plants,IDP,Negative
Q9LW15,Plants,IDP,Negative
Q9LW55,Plants,non-IDP,Negative
Q9LXB4,Plants,IDP,Negative
Q9LXB8,Plants,IDP,Negative
Q9LXD1,Plants,IDP,Negative
Q9LXK1,Plants,non-IDP,Negative
Q9LY09,Plants,IDP,Negative
Q9LYR6,Plants,IDP,Negative
Q9LZH8,Plants,non-IDP,Negative
Q9LZL3,Plants,non-IDP,Negative
Q9M038,Plants,non-IDP,Negative
Q9M0Y1,Plants,non-IDP,Negative
Q9M0Z3,Plants,IDP,Negative
Q9M1G9,Plants,IDP,Negative
Q9M1T1,Plants,IDP,Negative
Q9M209,Plants,IDP,Negative
Q9M2D2,Plants,IDP,Negative
Q9M2F8,Plants,IDP,Negative
Q9M2U2,Plants,IDP,Negative
Q9M2U3,Plants,non-IDP,Negative
Q9M2W6,Plants,non-IDP,Negative
Q9M310,Plants,non-IDP,Negative
Q9M316,Plants,non-IDP,Negative
Q9M363,Plants,IDP,Negative
Q9M3B3,Plants,IDP,Negative
Q9M401,Plants,non-IDP,Negative
Q9M4B5,Plants,non-IDP,Negative
Q9M4W3,Plants,non-IDP,Negative
Q9M8R9,Plants,non-IDP,Negative
Q9M8T3,Plants,IDP,Negative
Q9M8T9,Plants,non-IDP,Negative
Q9M8Y0,Plants,non-IDP,Negative
Q9M8Z7,Plants,IDP,Negative
Q9M9A8,Plants,IDP,Negative
Q9M9B4,Plants,IDP,Negative
Q9M9F5,Plants,IDP,Negative
Q9M9H7,Plants,IDP,Negative
Q9M9M9,Plants,IDP,Negative
Q9MA15,Plants,non-IDP,Negative
Q9MA90,Plants,non-IDP,Negative
Q9MAA2,Plants,IDP,Negative
Q9MCT0,Viruses,IDP,Negative
Q9MCT1,Viruses,non-IDP,Negative
Q9MFP7,Animals(NM),IDP,Negative
Q9MTJ8,Plants,IDP,Negative
Q9MUM4,Plants,non-IDP,Negative
Q9MYV3,Animals(M),IDP,Negative
Q9MYW3,Animals(M),IDP,Negative
Q9MYZ9,Animals(M),IDP,Negative
Q9MZ08,Animals(M),IDP,Negative
Q9MZ30,Animals(M),IDP,Negative
Q9MZR1,Animals(M),IDP,Negative
Q9N0A4,Animals(M),non-IDP,Negative
Q9N0A6,Animals(M),IDP,Negative
Q9N0A8,Animals(M),IDP,Negative
Q9N0D3,Animals(M),IDP,Negative
Q9N0E1,Animals(M),IDP,Negative
Q9N0E7,Animals(M),IDP,Negative
Q9N0F3,Animals(M),IDP,Negative
Q9N0N3,Animals(M),IDP,Negative
Q9N1E4,Animals(M),IDP,Negative
Q9N1F0,Animals(M),IDP,Negative
Q9N1F2,Animals(M),IDP,Negative
Q9N1R5,Animals(M),IDP,Negative
Q9N1X4,Animals(M),IDP,Negative
Q9N261,Animals(M),IDP,Negative
Q9N281,Animals(M),IDP,Negative
Q9N287,Animals(M),IDP,Negative
Q9N2D0,Animals(M),IDP,Negative
Q9NAE2,Animals(NM),IDP,Negative
Q9NFP5,Animals(NM),IDP,Negative
Q9NFZ3,Animals(NM),IDP,Negative
Q9NHD5,Animals(NM),IDP,Negative
Q9NKV0,Animals(NM),IDP,Negative
Q9NL38,Animals(NM),IDP,Negative
Q9NL39,Animals(NM),IDP,Negative
Q9NL82,Animals(NM),IDP,Negative
Q9NL89,Animals(NM),IDP,Negative
Q9NP08,Animals(M),IDP,Negative
Q9NPB1,Animals(M),non-IDP,Negative
Q9NPU4,Animals(M),non-IDP,Negative
Q9NQ90,Animals(M),IDP,Negative
Q9NQT6,Animals(M),non-IDP,Negative
Q9NR16,Animals(M),IDP,Negative
Q9NR71,Animals(M),IDP,Negative
Q9NRJ2,Animals(M),IDP,Negative
Q9NT68,Animals(M),IDP,Negative
Q9NUS5,Animals(M),IDP,Negative
Q9NV23,Animals(M),non-IDP,Negative
Q9NVV2,Animals(M),IDP,Negative
Q9NWG9,Animals(M),IDP,Negative
Q9NX78,Animals(M),IDP,Negative
Q9NY37,Animals(M),IDP,Negative
Q9NY43,Animals(M),IDP,Negative
Q9NZ20,Animals(M),IDP,Negative
Q9NZP6,Animals(M),IDP,Negative
Q9NZS2,Animals(M),IDP,Negative
Q9NZY2,Animals(M),IDP,Negative
Q9P0M4,Animals(M),IDP,Negative
Q9P0V8,Animals(M),IDP,Negative
Q9P0W0,Animals(M),IDP,Negative
Q9P1D8,Animals(M),IDP,Negative
Q9P1G2,Animals(M),IDP,Negative
Q9P1Z9,Animals(M),IDP,Negative
Q9P2N2,Animals(M),IDP,Negative
Q9P2T0,Animals(M),IDP,Negative
Q9P2W6,Animals(M),IDP,Negative
Q9P370,Fungi,non-IDP,Negative
Q9P372,Fungi,IDP,Negative
Q9P3B0,Fungi,non-IDP,Negative
Q9P3V6,Fungi,non-IDP,Negative
Q9P5L0,Fungi,IDP,Negative
Q9P5M9,Fungi,non-IDP,Negative
Q9P6I8,Fungi,IDP,Negative
Q9P6J2,Fungi,non-IDP,Negative
Q9P6N5,Fungi,IDP,Negative
Q9P6P7,Fungi,IDP,Negative
Q9P6R1,Fungi,IDP,Negative
Q9P6S0,Fungi,IDP,Negative
Q9P791,Fungi,non-IDP,Negative
Q9P7C5,Fungi,IDP,Negative
Q9P7E1,Fungi,IDP,Negative
Q9P7E8,Fungi,IDP,Negative
Q9P7F1,Fungi,non-IDP,Negative
Q9P7F3,Fungi,IDP,Negative
Q9P7G8,Fungi,non-IDP,Negative
Q9P7I0,Fungi,IDP,Negative
Q9P7I9,Fungi,IDP,Negative
Q9P7K3,Fungi,IDP,Negative
Q9P7K9,Fungi,non-IDP,Negative
Q9P7L6,Fungi,IDP,Negative
Q9P7L9,Fungi,IDP,Negative
Q9P7Z7,Fungi,IDP,Negative
Q9P840,Fungi,IDP,Negative
Q9PRS8,Animals(NM),non-IDP,Negative
Q9PTJ3,Animals(NM),IDP,Negative
Q9PTS8,Animals(NM),IDP,Negative
Q9PU13,Animals(NM),IDP,Negative
Q9PW70,Animals(NM),IDP,Negative
Q9PWJ5,Animals(NM),non-IDP,Negative
Q9PWX1,Viruses,IDP,Negative
Q9Q2P0,Viruses,IDP,Negative
Q9QJ10,Viruses,IDP,Negative
Q9QJ13,Viruses,non-IDP,Negative
Q9QJ59,Viruses,IDP,Negative
Q9QU30,Viruses,IDP,Negative
Q9QUG2,Animals(M),IDP,Negative
Q9QUH0,Animals(M),non-IDP,Negative
Q9QUI1,Animals(M),IDP,Negative
Q9QUK4,Animals(M),IDP,Negative
Q9QUM4,Animals(M),IDP,Negative
Q9QUN9,Animals(M),IDP,Negative
Q9QUS4,Animals(M),IDP,Negative
Q9QUS6,Animals(M),IDP,Negative
Q9QVY8,Animals(M),IDP,Negative
Q9QW30,Animals(M),IDP,Negative
Q9QX29,Animals(M),IDP,Negative
Q9QX96,Animals(M),IDP,Negative
Q9QXC1,Animals(M),IDP,Negative
Q9QXE4,Animals(M),IDP,Negative
Q9QXE5,Animals(M),IDP,Negative
Q9QXH4,Animals(M),IDP,Negative
Q9QXJ4,Animals(M),IDP,Negative
Q9QXK2,Animals(M),IDP,Negative
Q9QXK8,Animals(M),non-IDP,Negative
Q9QXK9,Animals(M),IDP,Negative
Q9QXL8,Animals(M),non-IDP,Negative
Q9QXP0,Animals(M),non-IDP,Negative
Q9QXP7,Animals(M),IDP,Negative
Q9QXT0,Animals(M),non-IDP,Negative
Q9QXT1,Animals(M),non-IDP,Negative
Q9QXT6,Animals(M),IDP,Negative
Q9QXV3,Animals(M),IDP,Negative
Q9QXW0,Animals(M),IDP,Negative
Q9QXW2,Animals(M),non-IDP,Negative
Q9QXZ9,Animals(M),IDP,Negative
Q9QY31,Animals(M),IDP,Negative
Q9QY61,Animals(M),IDP,Negative
Q9QYC1,Animals(M),IDP,Negative
Q9QYC3,Animals(M),IDP,Negative
Q9QYC6,Animals(M),IDP,Negative
Q9QYC8,Animals(M),non-IDP,Negative
Q9QYE0,Animals(M),IDP,Negative
Q9QYE5,Animals(M),IDP,Negative
Q9QYE9,Animals(M),non-IDP,Negative
Q9QYJ6,Animals(M),IDP,Negative
Q9QYL8,Animals(M),non-IDP,Negative
Q9QYY7,Animals(M),IDP,Negative
Q9QZ04,Animals(M),IDP,Negative
Q9QZ11,Animals(M),IDP,Negative
Q9QZ26,Animals(M),IDP,Negative
Q9QZ29,Animals(M),IDP,Negative
Q9QZ39,Animals(M),IDP,Negative
Q9QZ59,Animals(M),IDP,Negative
Q9QZ67,Animals(M),IDP,Negative
Q9QZ70,Animals(M),IDP,Negative
Q9QZ82,Animals(M),non-IDP,Negative
Q9QZC8,Animals(M),non-IDP,Negative
Q9QZD4,Animals(M),IDP,Negative
Q9QZE2,Animals(M),IDP,Negative
Q9QZE9,Animals(M),IDP,Negative
Q9QZL2,Animals(M),IDP,Negative
Q9QZL9,Animals(M),IDP,Negative
Q9QZM3,Animals(M),non-IDP,Negative
Q9QZM4,Animals(M),IDP,Negative
Q9QZM8,Animals(M),non-IDP,Negative
Q9QZM9,Animals(M),IDP,Negative
Q9QZN1,Animals(M),IDP,Negative
Q9QZQ0,Animals(M),IDP,Negative
Q9QZR8,Animals(M),IDP,Negative
Q9QZR9,Animals(M),IDP,Negative
Q9QZS8,Animals(M),IDP,Negative
Q9QZW9,Animals(M),IDP,Negative
Q9QZY5,Animals(M),IDP,Negative
Q9R045,Animals(M),IDP,Negative
Q9R049,Animals(M),IDP,Negative
Q9R088,Animals(M),IDP,Negative
Q9R097,Animals(M),IDP,Negative
Q9R0A5,Animals(M),IDP,Negative
Q9R0B6,Animals(M),IDP,Negative
Q9R0D8,Animals(M),non-IDP,Negative
Q9R0E0,Animals(M),non-IDP,Negative
Q9R0H2,Animals(M),IDP,Negative
Q9R0M0,Animals(M),IDP,Negative
Q9R0R1,Animals(M),non-IDP,Negative
Q9R0S3,Animals(M),IDP,Negative
Q9R0T3,Animals(M),IDP,Negative
Q9R0W1,Animals(M),IDP,Negative
Q9R100,Animals(M),IDP,Negative
Q9R109,Animals(M),non-IDP,Negative
Q9R112,Animals(M),non-IDP,Negative
Q9R123,Animals(M),IDP,Negative
Q9R144,Animals(M),non-IDP,Negative
Q9R168,Animals(M),non-IDP,Negative
Q9R182,Animals(M),IDP,Negative
Q9R187,Animals(M),IDP,Negative
Q9R1C8,Animals(M),IDP,Negative
Q9R1J0,Animals(M),IDP,Negative
Q9R1J4,Animals(M),IDP,Negative
Q9R1J8,Animals(M),IDP,Negative
Q9R1K8,Animals(M),IDP,Negative
Q9R1M3,Animals(M),IDP,Negative
Q9R1M5,Animals(M),IDP,Negative
Q9R1R0,Animals(M),IDP,Negative
Q9R1S0,Animals(M),IDP,Negative
Q9R1S3,Animals(M),IDP,Negative
Q9R1S4,Animals(M),IDP,Negative
Q9R1S8,Animals(M),non-IDP,Negative
Q9R1W3,Animals(M),IDP,Negative
Q9R1Y5,Animals(M),IDP,Negative
Q9R233,Animals(M),IDP,Negative
Q9R244,Animals(M),IDP,Negative
Q9R279,Animals(M),non-IDP,Negative
Q9R2B6,Animals(M),IDP,Negative
Q9RBS0,Prokaryotes,IDP,Negative
Q9RJ87,Prokaryotes,IDP,Negative
Q9S2X7,Prokaryotes,IDP,Negative
Q9S850,Plants,IDP,Negative
Q9S8M0,Plants,IDP,Negative
Q9S9V9,Plants,IDP,Negative
Q9SB38,Plants,non-IDP,Negative
Q9SB50,Plants,non-IDP,Negative
Q9SBM8,Plants,IDP,Negative
Q9SCY5,Plants,IDP,Negative
Q9SEZ6,Plants,IDP,Negative
Q9SGS4,Plants,non-IDP,Negative
Q9SHD0,Plants,IDP,Negative
Q9SHJ6,Plants,IDP,Negative
Q9SIA8,Plants,IDP,Negative
Q9SIE0,Plants,IDP,Negative
Q9SII9,Plants,IDP,Negative
Q9SIY3,Plants,non-IDP,Negative
Q9SJ54,Plants,IDP,Negative
Q9SJE1,Plants,IDP,Negative
Q9SKK0,Plants,non-IDP,Negative
Q9SLV0,Plants,IDP,Negative
Q9SMR2,Plants,IDP,Negative
Q9SMZ9,Plants,non-IDP,Negative
Q9SN38,Plants,IDP,Negative
Q9SNC3,Plants,IDP,Negative
Q9SPE5,Plants,IDP,Negative
Q9SQ56,Plants,IDP,Negative
Q9SQI8,Plants,IDP,Negative
Q9SR97,Plants,IDP,Negative
Q9SRI2,Plants,IDP,Negative
Q9SRP6,Plants,IDP,Negative
Q9SRR0,Plants,IDP,Negative
Q9SRV1,Plants,IDP,Negative
Q9SS86,Plants,IDP,Negative
Q9SSA4,Plants,IDP,Negative
Q9SSK9,Plants,IDP,Negative
Q9ST03,Plants,IDP,Negative
Q9ST43,Plants,non-IDP,Negative
Q9STZ2,Plants,IDP,Negative
Q9SU34,Plants,IDP,Negative
Q9SUW4,Plants,non-IDP,Negative
Q9SVC2,Plants,IDP,Negative
Q9SVG0,Plants,IDP,Negative
Q9SZ15,Plants,IDP,Negative
Q9SZ42,Plants,IDP,Negative
Q9SZ70,Plants,IDP,Negative
Q9SZZ8,Plants,IDP,Negative
Q9T050,Plants,IDP,Negative
Q9T070,Plants,IDP,Negative
Q9T0H2,Plants,IDP,Negative
Q9T1Q1,Viruses,non-IDP,Negative
Q9T1Q3,Viruses,IDP,Negative
Q9T1R9,Viruses,non-IDP,Negative
Q9T1S8,Viruses,IDP,Negative
Q9T1T2,Viruses,non-IDP,Negative
Q9T1T3,Viruses,IDP,Negative
Q9T1V3,Viruses,non-IDP,Negative
Q9T1V8,Viruses,IDP,Negative
Q9T1V9,Viruses,IDP,Negative
Q9TBI7,Animals(NM),non-IDP,Negative
Q9TC94,Plants,IDP,Negative
Q9TSM6,Animals(M),non-IDP,Negative
Q9TSV4,Animals(M),IDP,Negative
Q9TSZ0,Animals(M),non-IDP,Negative
Q9TTA5,Animals(M),IDP,Negative
Q9TTC5,Animals(M),IDP,Negative
Q9TTJ5,Animals(M),non-IDP,Negative
Q9TU19,Animals(M),IDP,Negative
Q9TU31,Animals(M),IDP,Negative
Q9TUB3,Animals(M),IDP,Negative
Q9TUG2,Animals(M),IDP,Negative
Q9TUH9,Animals(M),IDP,Negative
Q9TUI9,Animals(M),IDP,Negative
Q9TUX7,Animals(M),IDP,Negative
Q9U1H8,Animals(NM),IDP,Negative
Q9U1S7,Animals(NM),IDP,Negative
Q9U2M7,Animals(NM),IDP,Negative
Q9U616,Animals(NM),non-IDP,Negative
Q9UBP8,Animals(M),IDP,Negative
Q9UD57,Animals(M),IDP,Negative
Q9UF83,Animals(M),IDP,Negative
Q9UFP1,Animals(M),IDP,Negative
Q9UFV1,Animals(M),IDP,Negative
Q9UGT4,Animals(M),IDP,Negative
Q9UH64,Animals(M),IDP,Negative
Q9UHP9,Animals(M),IDP,Negative
Q9UHT4,Animals(M),non-IDP,Negative
Q9UI54,Animals(M),IDP,Negative
Q9UI72,Animals(M),IDP,Negative
Q9UIG5,Animals(M),IDP,Negative
Q9UJ42,Animals(M),non-IDP,Negative
Q9UJ96,Animals(M),IDP,Negative
Q9UK05,Animals(M),IDP,Negative
Q9UKF5,Animals(M),IDP,Negative
Q9UKP6,Animals(M),IDP,Negative
Q9ULG3,Animals(M),IDP,Negative
Q9UM44,Animals(M),IDP,Negative
Q9UMZ3,Animals(M),IDP,Negative
Q9UR06,Fungi,non-IDP,Negative
Q9URV4,Fungi,IDP,Negative
Q9URV9,Fungi,IDP,Negative
Q9URW3,Fungi,non-IDP,Negative
Q9URY7,Fungi,non-IDP,Negative
Q9URY9,Fungi,IDP,Negative
Q9US02,Fungi,non-IDP,Negative
Q9US04,Fungi,IDP,Negative
Q9US20,Fungi,non-IDP,Negative
Q9US27,Fungi,IDP,Negative
Q9USJ1,Fungi,non-IDP,Negative
Q9USJ2,Fungi,IDP,Negative
Q9USK3,Fungi,IDP,Negative
Q9USM2,Fungi,IDP,Negative
Q9USM7,Fungi,IDP,Negative
Q9USM9,Fungi,non-IDP,Negative
Q9USR6,Fungi,non-IDP,Negative
Q9UST8,Fungi,IDP,Negative
Q9USW9,Fungi,IDP,Negative
Q9USZ5,Fungi,non-IDP,Negative
Q9UT06,Fungi,IDP,Negative
Q9UT53,Fungi,IDP,Negative
Q9UT72,Fungi,IDP,Negative
Q9UT76,Fungi,IDP,Negative
Q9UT82,Fungi,non-IDP,Negative
Q9UT84,Fungi,IDP,Negative
Q9UT86,Fungi,non-IDP,Negative
Q9UT91,Fungi,IDP,Negative
Q9UTA0,Fungi,IDP,Negative
Q9UTA3,Fungi,IDP,Negative
Q9UTB1,Fungi,IDP,Negative
Q9UTB5,Fungi,IDP,Negative
Q9UTB8,Fungi,non-IDP,Negative
Q9UTD6,Fungi,IDP,Negative
Q9UTE8,Fungi,IDP,Negative
Q9UTF0,Fungi,IDP,Negative
Q9UTF8,Fungi,IDP,Negative
Q9UTI2,Fungi,non-IDP,Negative
Q9UTJ3,Fungi,IDP,Negative
Q9UTK7,Fungi,IDP,Negative
Q9UTL0,Fungi,IDP,Negative
Q9UTL5,Fungi,non-IDP,Negative
Q9UTN9,Fungi,IDP,Negative
Q9UTQ1,Fungi,IDP,Negative
Q9UTQ4,Fungi,IDP,Negative
Q9UUA1,Fungi,IDP,Negative
Q9UUA8,Fungi,non-IDP,Negative
Q9UUB0,Fungi,non-IDP,Negative
Q9UUD2,Fungi,IDP,Negative
Q9UUD8,Fungi,IDP,Negative
Q9UUG5,Fungi,IDP,Negative
Q9UUH0,Fungi,IDP,Negative
Q9UUI2,Fungi,IDP,Negative
Q9UUK3,Fungi,IDP,Negative
Q9UUK4,Fungi,IDP,Negative
Q9UUK7,Fungi,non-IDP,Negative
Q9UWG6,Prokaryotes,non-IDP,Negative
Q9V3R1,Animals(NM),IDP,Negative
Q9V3R8,Animals(NM),IDP,Negative
Q9V3X5,Animals(NM),IDP,Negative
Q9V4L4,Animals(NM),IDP,Negative
Q9V668,Animals(NM),IDP,Negative
Q9V730,Animals(NM),IDP,Negative
Q9V776,Animals(NM),IDP,Negative
Q9V784,Animals(NM),IDP,Negative
Q9V785,Animals(NM),IDP,Negative
Q9V7S5,Animals(NM),IDP,Negative
Q9V9N1,Animals(NM),non-IDP,Negative
Q9VB46,Animals(NM),IDP,Negative
Q9VBZ5,Animals(NM),IDP,Negative
Q9VCI3,Animals(NM),IDP,Negative
Q9VD09,Animals(NM),IDP,Negative
Q9VDD7,Animals(NM),IDP,Negative
Q9VDH6,Animals(NM),IDP,Negative
Q9VE46,Animals(NM),IDP,Negative
Q9VES1,Animals(NM),IDP,Negative
Q9VFN2,Animals(NM),IDP,Negative
Q9VFR1,Animals(NM),IDP,Negative
Q9VFS2,Animals(NM),IDP,Negative
Q9VGQ9,Animals(NM),non-IDP,Negative
Q9VH95,Animals(NM),IDP,Negative
Q9VHB3,Animals(NM),IDP,Negative
Q9VHD3,Animals(NM),IDP,Negative
Q9VJQ5,Animals(NM),IDP,Negative
Q9VK68,Animals(NM),IDP,Negative
Q9VL84,Animals(NM),IDP,Negative
Q9VLN1,Animals(NM),non-IDP,Negative
Q9VLQ1,Animals(NM),IDP,Negative
Q9VLR5,Animals(NM),IDP,Negative
Q9VLU4,Animals(NM),IDP,Negative
Q9VM17,Animals(NM),IDP,Negative
Q9VM35,Animals(NM),IDP,Negative
Q9VM46,Animals(NM),IDP,Negative
Q9VML9,Animals(NM),IDP,Negative
Q9VMU8,Animals(NM),IDP,Negative
Q9VMW8,Animals(NM),IDP,Negative
Q9VN12,Animals(NM),IDP,Negative
Q9VN91,Animals(NM),IDP,Negative
Q9VNA5,Animals(NM),IDP,Negative
Q9VNE7,Animals(NM),non-IDP,Negative
Q9VPD3,Animals(NM),IDP,Negative
Q9VPD5,Animals(NM),IDP,Negative
Q9VQ37,Animals(NM),IDP,Negative
Q9VQZ6,Animals(NM),non-IDP,Negative
Q9VRK8,Animals(NM),IDP,Negative
Q9VRL2,Animals(NM),IDP,Negative
Q9VS29,Animals(NM),IDP,Negative
Q9VSH3,Animals(NM),IDP,Negative
Q9VT92,Animals(NM),non-IDP,Negative
Q9VTU1,Animals(NM),IDP,Negative
Q9VTZ5,Animals(NM),IDP,Negative
Q9VU58,Animals(NM),IDP,Negative
Q9VUL9,Animals(NM),IDP,Negative
Q9VVX5,Animals(NM),IDP,Negative
Q9VW43,Animals(NM),IDP,Negative
Q9VWG0,Animals(NM),IDP,Negative
Q9VWK6,Animals(NM),IDP,Negative
Q9VWP4,Animals(NM),IDP,Negative
Q9VXB5,Animals(NM),IDP,Negative
Q9VXT7,Animals(NM),IDP,Negative
Q9VY78,Animals(NM),IDP,Negative
Q9VZS7,Animals(NM),IDP,Negative
Q9W0W6,Animals(NM),IDP,Negative
Q9W0Y6,Animals(NM),IDP,Negative
Q9W256,Animals(NM),IDP,Negative
Q9W422,Animals(NM),IDP,Negative
Q9W440,Animals(NM),IDP,Negative
Q9W5N0,Animals(NM),IDP,Negative
Q9W690,Animals(NM),IDP,Negative
Q9W698,Animals(NM),IDP,Negative
Q9W6R5,Animals(NM),non-IDP,Negative
Q9W6V5,Animals(NM),IDP,Negative
Q9W720,Animals(NM),non-IDP,Negative
Q9W735,Animals(NM),IDP,Negative
Q9WTJ6,Animals(M),IDP,Negative
Q9WTK3,Animals(M),IDP,Negative
Q9WTM4,Animals(M),IDP,Negative
Q9WTN6,Animals(M),IDP,Negative
Q9WTP3,Animals(M),IDP,Negative
Q9WTR8,Animals(M),IDP,Negative
Q9WTW3,Animals(M),IDP,Negative
Q9WTX4,Animals(M),IDP,Negative
Q9WTY1,Animals(M),IDP,Negative
Q9WTY8,Animals(M),IDP,Negative
Q9WTZ8,Animals(M),IDP,Negative
Q9WU00,Animals(M),IDP,Negative
Q9WU63,Animals(M),IDP,Negative
Q9WU72,Animals(M),IDP,Negative
Q9WU79,Animals(M),IDP,Negative
Q9WUA1,Animals(M),IDP,Negative
Q9WUB4,Animals(M),non-IDP,Negative
Q9WUG6,Animals(M),IDP,Negative
Q9WUJ8,Animals(M),IDP,Negative
Q9WUK7,Animals(M),IDP,Negative
Q9WUL5,Animals(M),non-IDP,Negative
Q9WUL6,Animals(M),IDP,Negative
Q9WUP0,Animals(M),IDP,Negative
Q9WUQ3,Animals(M),IDP,Negative
Q9WUQ5,Animals(M),IDP,Negative
Q9WUQ7,Animals(M),IDP,Negative
Q9WUU8,Animals(M),IDP,Negative
Q9WUW3,Animals(M),IDP,Negative
Q9WUZ7,Animals(M),IDP,Negative
Q9WV04,Animals(M),IDP,Negative
Q9WV06,Animals(M),IDP,Negative
Q9WV07,Animals(M),IDP,Negative
Q9WV74,Animals(M),IDP,Negative
Q9WV78,Animals(M),IDP,Negative
Q9WV89,Animals(M),IDP,Negative
Q9WV91,Animals(M),IDP,Negative
Q9WVB6,Animals(M),IDP,Negative
Q9WVC7,Animals(M),IDP,Negative
Q9WVD5,Animals(M),non-IDP,Negative
Q9WVF8,Animals(M),IDP,Negative
Q9WVG9,Animals(M),IDP,Negative
Q9WVH6,Animals(M),IDP,Negative
Q9WVJ5,Animals(M),IDP,Negative
Q9WVK0,Animals(M),IDP,Negative
Q9WVL6,Animals(M),IDP,Negative
Q9WVM3,Animals(M),IDP,Negative
Q9WVM4,Animals(M),non-IDP,Negative
Q9WVQ0,Animals(M),IDP,Negative
Q9WVR1,Animals(M),IDP,Negative
Q9WVS4,Animals(M),IDP,Negative
Q9WVT0,Animals(M),IDP,Negative
Q9X1D7,Prokaryotes,non-IDP,Negative
Q9XA14,Prokaryotes,IDP,Negative
Q9XEE9,Plants,IDP,Negative
Q9XF57,Plants,non-IDP,Negative
Q9XFR0,Plants,IDP,Negative
Q9XGM2,Plants,IDP,Negative
Q9XGY4,Plants,non-IDP,Negative
Q9XHP1,Plants,IDP,Negative
Q9XIR8,Plants,IDP,Negative
Q9XJ35,Plants,IDP,Negative
Q9XJ54,Plants,non-IDP,Negative
Q9XJ56,Plants,IDP,Negative
Q9XJJ6,Viruses,IDP,Negative
Q9XJQ4,Viruses,IDP,Negative
Q9XJR2,Viruses,IDP,Negative
Q9XJR4,Viruses,IDP,Negative
Q9XJR5,Viruses,IDP,Negative
Q9XSK7,Animals(M),IDP,Negative
Q9XT50,Animals(M),IDP,Negative
Q9XT77,Animals(M),IDP,Negative
Q9XT98,Animals(M),non-IDP,Negative
Q9XVS4,Animals(NM),IDP,Negative
Q9XWL9,Animals(NM),IDP,Negative
Q9XXD1,Animals(NM),IDP,Negative
Q9XXV0,Animals(NM),IDP,Negative
Q9Y1T5,Animals(NM),IDP,Negative
Q9Y2C5,Animals(M),IDP,Negative
Q9Y2V3,Animals(M),IDP,Negative
Q9Y493,Animals(M),IDP,Negative
Q9Y4M8,Animals(M),IDP,Negative
Q9Y5K1,Animals(M),non-IDP,Negative
Q9Y5M1,Animals(M),IDP,Negative
Q9Y5P2,Animals(M),IDP,Negative
Q9Y5R5,Animals(M),IDP,Negative
Q9Y6J3,Animals(M),IDP,Negative
Q9Y6L7,Animals(M),IDP,Negative
Q9Y6Z4,Animals(M),IDP,Negative
Q9Y703,Fungi,IDP,Negative
Q9Y7B7,Fungi,IDP,Negative
Q9Y7J5,Fungi,IDP,Negative
Q9Y7K1,Fungi,IDP,Negative
Q9Y7L5,Fungi,IDP,Negative
Q9Y7M6,Fungi,IDP,Negative
Q9Y7Q6,Fungi,non-IDP,Negative
Q9Y7R3,Fungi,IDP,Negative
Q9Y7U7,Fungi,non-IDP,Negative
Q9Y7Y0,Fungi,IDP,Negative
Q9Y803,Fungi,IDP,Negative
Q9Y871,Fungi,IDP,Negative
Q9Y899,Fungi,IDP,Negative
Q9YAA0,Prokaryotes,non-IDP,Negative
Q9YEZ5,Prokaryotes,non-IDP,Negative
Q9YGH4,Animals(NM),IDP,Negative
Q9YH91,Animals(NM),non-IDP,Negative
Q9YH92,Animals(NM),IDP,Negative
Q9YHV3,Animals(NM),IDP,Negative
Q9YHZ6,Animals(NM),IDP,Negative
Q9YMV2,Viruses,IDP,Negative
Q9YPJ6,Viruses,non-IDP,Negative
Q9Z0E1,Animals(M),IDP,Negative
Q9Z0E3,Animals(M),IDP,Negative
Q9Z0F5,Animals(M),non-IDP,Negative
Q9Z0H0,Animals(M),IDP,Negative
Q9Z0J1,Animals(M),non-IDP,Negative
Q9Z0K5,Animals(M),IDP,Negative
Q9Z0K9,Animals(M),IDP,Negative
Q9Z0L2,Animals(M),IDP,Negative
Q9Z0L3,Animals(M),IDP,Negative
Q9Z0M6,Animals(M),IDP,Negative
Q9Z0S4,Animals(M),IDP,Negative
Q9Z0T6,Animals(M),IDP,Negative
Q9Z0W1,Animals(M),IDP,Negative
Q9Z0Y7,Animals(M),IDP,Negative
Q9Z103,Animals(M),IDP,Negative
Q9Z109,Animals(M),IDP,Negative
Q9Z138,Animals(M),IDP,Negative
Q9Z139,Animals(M),IDP,Negative
Q9Z143,Animals(M),IDP,Negative
Q9Z160,Animals(M),IDP,Negative
Q9Z176,Animals(M),IDP,Negative
Q9Z179,Animals(M),IDP,Negative
Q9Z180,Animals(M),IDP,Negative
Q9Z1J2,Animals(M),IDP,Negative
Q9Z1N3,Animals(M),IDP,Negative
Q9Z1N6,Animals(M),IDP,Negative
Q9Z1P7,Animals(M),IDP,Negative
Q9Z1R4,Animals(M),IDP,Negative
Q9Z1S0,Animals(M),IDP,Negative
Q9Z1S3,Animals(M),IDP,Negative
Q9Z1S9,Animals(M),IDP,Negative
Q9Z1T6,Animals(M),IDP,Negative
Q9Z1W4,Animals(M),IDP,Negative
Q9Z1X0,Animals(M),non-IDP,Negative
Q9Z1X9,Animals(M),IDP,Negative
Q9Z1Z6,Animals(M),IDP,Negative
Q9Z200,Animals(M),IDP,Negative
Q9Z211,Animals(M),non-IDP,Negative
Q9Z213,Animals(M),IDP,Negative
Q9Z220,Animals(M),IDP,Negative
Q9Z224,Animals(M),non-IDP,Negative
Q9Z258,Animals(M),IDP,Negative
Q9Z266,Animals(M),IDP,Negative
Q9Z282,Animals(M),IDP,Negative
Q9Z2A7,Animals(M),IDP,Negative
Q9Z2A8,Animals(M),IDP,Negative
Q9Z2B1,Animals(M),IDP,Negative
Q9Z2B2,Animals(M),non-IDP,Negative
Q9Z2C9,Animals(M),IDP,Negative
Q9Z2D3,Animals(M),IDP,Negative
Q9Z2E4,Animals(M),IDP,Negative
Q9Z2F6,Animals(M),IDP,Negative
Q9Z2L7,Animals(M),IDP,Negative
Q9Z2N4,Animals(M),IDP,Negative
Q9Z2P3,Animals(M),IDP,Negative
Q9Z2V9,Animals(M),IDP,Negative
Q9Z2Y1,Animals(M),IDP,Negative
Q9Z309,Animals(M),non-IDP,Negative
Q9Z319,Animals(M),IDP,Negative
Q9Z377,Prokaryotes,non-IDP,Negative
Q9Z3R3,Prokaryotes,non-IDP,Negative
Q9Z521,Prokaryotes,IDP,Negative
Q9ZLE0,Prokaryotes,non-IDP,Negative
Q9ZLL4,Prokaryotes,IDP,Negative
Q9ZPH4,Plants,IDP,Negative
Q9ZPJ8,Plants,IDP,Negative
Q9ZQR5,Plants,IDP,Negative
Q9ZRU9,Plants,IDP,Negative
Q9ZRV4,Plants,IDP,Negative
Q9ZS51,Plants,IDP,Negative
Q9ZT16,Plants,IDP,Negative
Q9ZT42,Plants,IDP,Negative
Q9ZT96,Plants,IDP,Negative
Q9ZU35,Plants,IDP,Negative
Q9ZUM2,Plants,IDP,Negative
Q9ZV71,Plants,IDP,Negative
Q9ZVF3,Plants,non-IDP,Negative
Q9ZVF6,Plants,non-IDP,Negative
Q9ZWB3,Plants,IDP,Negative
Q9ZX29,Viruses,IDP,Negative
Q9ZXA5,Viruses,IDP,Negative
Q9ZXD8,Viruses,IDP,Negative
Q9ZXI1,Viruses,non-IDP,Negative
Q9ZZV8,Fungi,IDP,Negative
Q9ZZW1,Fungi,non-IDP,Negative
Q9ZZW2,Fungi,IDP,Negative
Q9ZZW4,Fungi,non-IDP,Negative
Q9ZZX1,Fungi,non-IDP,Negative
Q9ZZX7,Fungi,non-IDP,Negative
Q9ZZX9,Fungi,IDP,Negative
R4GUQ3,Animals(NM),IDP,Negative
S0DQN6,Fungi,IDP,Negative
S0EG57,Fungi,IDP,Negative
S0ENQ2,Fungi,IDP,Negative
S8ASK6,Fungi,IDP,Negative
T1NXB5,Animals(M),IDP,Negative
T2KMI3,Prokaryotes,non-IDP,Negative
U3NEE3,Animals(NM),IDP,Negative
U4N938,Plants,IDP,Negative
U9W802,Fungi,IDP,Negative
V5IM60,Fungi,non-IDP,Negative
V5IMN1,Fungi,IDP,Negative
V5IRA3,Fungi,IDP,Negative
V5JFY4,Animals(NM),IDP,Negative
V6RVB4,Fungi,IDP,Negative
V9GWY9,Animals(M),IDP,Negative
V9GXK1,Animals(M),IDP,Negative
V9TNS0,Fungi,non-IDP,Negative
V9TSX0,Prokaryotes,IDP,Negative
W3X732,Fungi,IDP,Negative
W5EP13,Plants,IDP,Negative
W5PLZ6,Animals(M),IDP,Negative
W7DQ33,Fungi,IDP,Negative
W7DWT4,Fungi,IDP,Negative
W7E0Q5,Fungi,non-IDP,Negative
W7MAT5,Fungi,IDP,Negative
W8DXL4,Animals(M),IDP,Negative
W8W138,Animals(NM),IDP,Negative
X2JAU8,Animals(NM),IDP,Negative
X5JB51,Plants,non-IDP,Negative